CustomerId,Surname,CreditScore,Geography,Gender,Age,Tenure,Balance,NumOfProducts,HasCrCard,IsActiveMember,EstimatedSalary,Exited
10000000,Customer_0,452,France,Female,75,4,246038.19,2,1,0,81505.53,0
10000001,Customer_1,785,France,Male,70,3,242291.07,2,1,1,9034.44,0
10000002,Customer_2,698,France,Female,67,7,228440.13,2,1,0,3521.53,1
10000003,Customer_3,620,Germany,Female,21,3,108828.39,2,1,0,158772.39,0
10000004,Customer_4,456,France,Male,69,2,41667.41,2,1,0,39623.95,0
10000005,Customer_5,421,Spain,Female,48,6,146117.8,1,1,0,34992.43,1
10000006,Customer_6,538,Spain,Female,31,1,4314.13,2,0,1,57919.94,0
10000007,Customer_7,370,Germany,Male,18,3,49062.21,1,1,0,20443.53,0
10000008,Customer_8,452,Germany,Female,60,7,632.35,1,1,1,10667.71,0
10000009,Customer_9,471,Spain,Female,76,3,45133.98,2,0,1,174453.11,0
10000010,Customer_10,816,Germany,Male,78,9,118689.28,1,1,0,60564.39,0
10000011,Customer_11,564,France,Male,58,6,98331.08,1,1,0,116482.99,0
10000012,Customer_12,680,France,Female,35,1,92324.14,2,0,1,171561.74,0
10000013,Customer_13,808,Spain,Female,77,10,207738.22,1,1,0,195492.2,1
10000014,Customer_14,437,France,Male,86,4,168749.08,1,0,0,137701.5,0
10000015,Customer_15,722,France,Male,76,3,234107.94,2,0,1,190033.37,0
10000016,Customer_16,449,Germany,Female,59,8,111335.27,2,0,0,84710.69,0
10000017,Customer_17,709,Spain,Male,53,6,68057.42,1,1,1,157911.16,0
10000018,Customer_18,501,France,Female,57,8,30671.13,2,1,0,187521.23,0
10000019,Customer_19,480,Germany,Male,47,10,168006.85,4,0,1,10642.29,0
10000020,Customer_20,499,France,Male,28,9,210435.27,3,1,1,63497.21,0
10000021,Customer_21,658,Germany,Male,42,6,45934.84,2,1,1,148053.55,0
10000022,Customer_22,607,France,Male,62,1,219688.19,1,1,0,63061.51,1
10000023,Customer_23,693,France,Male,68,1,131569.05,1,0,1,3417.29,0
10000024,Customer_24,841,Spain,Female,60,1,36020.16,2,1,1,161407.17,0
10000025,Customer_25,763,France,Female,83,4,160715.83,1,0,0,32953.76,1
10000026,Customer_26,643,Germany,Male,64,0,130013.19,3,1,0,64181.22,0
10000027,Customer_27,735,France,Female,41,6,7045.89,1,1,0,182116.1,0
10000028,Customer_28,541,France,Male,54,1,99810.8,2,1,1,41780.72,0
10000029,Customer_29,793,Germany,Male,73,3,196197.0,1,1,1,178953.11,1
10000030,Customer_30,626,France,Male,63,8,138855.94,1,0,1,84515.72,0
10000031,Customer_31,510,France,Male,45,7,70510.28,2,1,1,183627.28,0
10000032,Customer_32,809,France,Female,69,9,232160.44,2,1,1,175371.76,0
10000033,Customer_33,663,Germany,Female,32,1,59444.76,2,0,0,83055.22,0
10000034,Customer_34,371,Spain,Male,62,3,63184.0,1,1,0,184375.34,0
10000035,Customer_35,602,Spain,Female,75,3,88659.84,2,1,0,126548.21,0
10000036,Customer_36,585,France,Male,84,1,223634.47,2,0,1,95128.8,0
10000037,Customer_37,694,France,Male,90,1,126906.35,1,1,0,106143.31,1
10000038,Customer_38,398,France,Male,89,4,170544.76,1,1,1,12670.41,0
10000039,Customer_39,824,Spain,Female,90,10,244066.04,2,0,0,161520.31,0
10000040,Customer_40,408,France,Male,58,3,195824.07,1,1,1,58501.09,1
10000041,Customer_41,519,Spain,Female,82,7,43150.03,2,1,1,54041.76,0
10000042,Customer_42,825,France,Male,57,3,197088.48,1,1,0,143082.81,1
10000043,Customer_43,537,Spain,Male,22,7,187084.29,2,1,1,74168.5,0
10000044,Customer_44,813,Spain,Female,45,4,58154.25,1,1,1,102837.99,0
10000045,Customer_45,620,Spain,Male,55,0,81337.46,2,1,0,84321.14,0
10000046,Customer_46,539,France,Female,35,8,177532.06,1,1,0,100932.52,0
10000047,Customer_47,795,France,Female,54,7,59598.27,1,1,1,44443.12,0
10000048,Customer_48,524,France,Female,44,0,52046.72,1,1,1,176988.43,0
10000049,Customer_49,795,France,Male,42,2,175868.19,1,0,1,122039.62,0
10000050,Customer_50,400,France,Male,86,2,220148.87,1,1,1,46750.1,0
10000051,Customer_51,713,Germany,Female,44,4,18754.17,1,0,1,18317.81,0
10000052,Customer_52,404,France,Female,71,6,111476.93,1,1,1,107098.73,0
10000053,Customer_53,593,Germany,Female,24,0,151793.81,1,1,0,93629.74,0
10000054,Customer_54,669,Germany,Male,44,0,169069.2,3,0,0,186498.73,0
10000055,Customer_55,480,France,Male,76,9,249048.98,1,1,1,46148.51,0
10000056,Customer_56,834,Spain,Male,89,5,170672.99,1,0,1,176322.35,0
10000057,Customer_57,656,France,Male,48,4,155038.53,1,1,0,153301.43,0
10000058,Customer_58,484,France,Male,85,2,247433.54,2,1,0,95306.67,1
10000059,Customer_59,370,France,Male,21,2,15167.04,2,1,1,174755.9,0
10000060,Customer_60,678,Spain,Male,35,3,18609.22,1,1,0,172377.32,0
10000061,Customer_61,516,France,Female,80,10,140170.63,1,1,1,142887.48,0
10000062,Customer_62,623,France,Female,69,9,89666.15,2,1,1,20320.09,1
10000063,Customer_63,737,Germany,Male,80,1,24174.38,2,1,1,32047.46,0
10000064,Customer_64,438,France,Male,62,8,76612.22,2,1,0,118324.6,1
10000065,Customer_65,665,Germany,Female,29,3,168588.62,1,0,1,49092.18,0
10000066,Customer_66,363,Spain,Male,25,9,220153.74,2,1,1,110238.4,0
10000067,Customer_67,591,Spain,Female,39,2,23581.12,1,0,0,112161.76,0
10000068,Customer_68,614,France,Female,58,9,135036.27,2,0,0,117423.45,0
10000069,Customer_69,695,France,Female,58,10,74028.89,1,1,1,113973.05,0
10000070,Customer_70,402,France,Female,74,6,166831.54,1,1,0,75858.55,0
10000071,Customer_71,735,France,Male,49,8,137362.87,2,0,1,42057.67,0
10000072,Customer_72,689,France,Female,72,1,231677.75,2,0,1,103713.86,0
10000073,Customer_73,441,France,Male,23,5,9420.97,2,0,0,99038.46,0
10000074,Customer_74,716,Spain,Male,56,4,117509.32,1,1,1,55046.7,0
10000075,Customer_75,793,Spain,Male,26,0,48189.89,2,1,1,10247.09,0
10000076,Customer_76,804,France,Male,49,10,134195.43,2,0,0,41122.6,0
10000077,Customer_77,777,France,Male,53,6,213394.84,1,1,0,110161.25,1
10000078,Customer_78,613,France,Male,33,0,227829.13,1,0,0,107128.95,0
10000079,Customer_79,780,France,Female,29,9,99557.92,2,0,1,26737.42,0
10000080,Customer_80,384,Germany,Female,58,8,202945.13,1,1,0,121214.77,1
10000081,Customer_81,555,Germany,Male,84,3,70127.02,2,1,0,84536.26,0
10000082,Customer_82,430,Spain,Male,75,7,1576.24,2,0,0,130737.87,0
10000083,Customer_83,769,Germany,Male,26,0,213809.76,3,1,1,177602.27,0
10000084,Customer_84,399,Germany,Female,34,4,29853.06,2,0,1,61717.1,0
10000085,Customer_85,709,Germany,Male,22,2,4402.78,1,1,1,69468.66,1
10000086,Customer_86,737,France,Female,43,3,88449.42,1,0,0,135366.42,0
10000087,Customer_87,351,Germany,Male,18,3,94845.0,1,1,0,189831.66,0
10000088,Customer_88,739,France,Female,18,7,19305.04,1,0,1,97230.22,0
10000089,Customer_89,403,France,Male,52,9,203545.66,1,1,0,33866.44,1
10000090,Customer_90,455,France,Male,26,9,101398.18,2,1,1,187001.73,0
10000091,Customer_91,609,France,Male,55,2,122480.9,2,0,0,93961.29,0
10000092,Customer_92,659,Spain,Male,21,0,66156.32,2,1,0,92145.82,0
10000093,Customer_93,826,France,Female,69,4,127876.69,1,1,1,107966.75,0
10000094,Customer_94,540,France,Female,36,1,191682.85,2,1,0,50509.1,0
10000095,Customer_95,751,France,Male,22,10,226545.68,2,1,0,156941.05,1
10000096,Customer_96,567,Germany,Female,65,5,242632.4,1,1,1,128212.67,0
10000097,Customer_97,393,France,Male,80,3,106680.98,1,1,1,190974.55,0
10000098,Customer_98,511,Spain,Female,55,8,247508.46,2,1,0,40786.38,1
10000099,Customer_99,551,Spain,Male,69,6,73738.93,1,1,1,123831.08,0
10000100,Customer_100,795,Germany,Female,63,1,1743.98,4,0,0,103332.14,1
10000101,Customer_101,833,Germany,Male,26,6,191904.26,2,0,0,178951.93,0
10000102,Customer_102,619,France,Male,67,9,44608.91,1,1,0,6084.04,1
10000103,Customer_103,700,France,Male,91,7,13113.71,1,1,1,152162.8,1
10000104,Customer_104,653,Spain,Male,83,2,231002.23,1,1,0,124616.09,1
10000105,Customer_105,620,France,Female,55,2,197952.71,2,0,1,121514.14,0
10000106,Customer_106,805,France,Male,44,10,25666.2,2,0,1,175065.66,0
10000107,Customer_107,811,Germany,Female,37,1,194227.54,2,1,1,117964.13,0
10000108,Customer_108,564,France,Female,79,0,210999.92,2,0,1,143187.68,0
10000109,Customer_109,601,Spain,Female,91,2,226325.42,2,1,0,129145.37,1
10000110,Customer_110,539,France,Female,33,9,135923.52,1,1,0,13911.18,0
10000111,Customer_111,645,Spain,Female,30,10,175853.02,2,0,0,22575.77,0
10000112,Customer_112,562,Germany,Female,37,6,190559.82,2,1,0,67706.71,0
10000113,Customer_113,557,Spain,Female,41,10,172159.73,1,1,1,135143.9,0
10000114,Customer_114,586,France,Male,67,8,161708.41,2,1,1,5300.57,0
10000115,Customer_115,687,Germany,Female,24,8,136889.81,2,1,0,154521.59,0
10000116,Customer_116,716,Spain,Female,46,5,119798.86,1,1,1,40610.72,0
10000117,Customer_117,402,France,Female,22,5,249031.25,2,1,0,111908.77,0
10000118,Customer_118,629,France,Male,52,10,84390.2,2,0,0,40240.16,1
10000119,Customer_119,759,Germany,Male,82,4,22067.19,2,1,0,35202.66,0
10000120,Customer_120,566,Germany,Female,87,1,191259.24,1,1,1,66845.58,0
10000121,Customer_121,601,France,Female,91,6,53456.09,4,1,1,184302.6,0
10000122,Customer_122,537,Spain,Male,24,0,133173.34,1,1,0,47577.38,0
10000123,Customer_123,729,France,Male,61,5,23950.38,2,1,1,9715.05,1
10000124,Customer_124,842,France,Male,89,3,154820.97,1,1,1,176450.16,0
10000125,Customer_125,390,Spain,Female,30,2,236001.85,1,1,0,87792.32,0
10000126,Customer_126,506,Germany,Male,55,10,180676.18,2,0,1,124215.43,0
10000127,Customer_127,364,Spain,Female,30,0,53633.69,2,0,0,177156.92,0
10000128,Customer_128,650,Spain,Female,71,5,242784.51,2,1,1,151132.6,1
10000129,Customer_129,414,France,Female,61,6,76771.73,1,1,0,159303.24,0
10000130,Customer_130,694,France,Male,30,10,109153.75,2,1,1,96024.42,0
10000131,Customer_131,676,France,Female,42,0,124529.26,1,1,1,137471.84,0
10000132,Customer_132,358,Germany,Female,41,10,247679.69,1,1,0,192753.72,0
10000133,Customer_133,693,Spain,Male,46,0,17222.85,2,1,0,177959.03,1
10000134,Customer_134,478,France,Male,87,6,174182.07,1,1,0,122489.76,0
10000135,Customer_135,841,France,Female,35,10,90482.72,1,0,0,17084.58,0
10000136,Customer_136,485,France,Female,22,5,19581.33,2,1,1,195940.51,0
10000137,Customer_137,821,Spain,Female,35,6,233757.91,2,1,1,45105.9,0
10000138,Customer_138,412,France,Male,80,7,147464.58,2,1,0,72158.57,0
10000139,Customer_139,488,France,Male,54,7,188379.5,2,1,0,28079.99,1
10000140,Customer_140,848,Germany,Male,88,8,60096.36,1,0,0,33331.83,0
10000141,Customer_141,430,Spain,Female,72,8,190385.23,1,0,0,159157.89,0
10000142,Customer_142,741,Germany,Female,90,6,207118.86,2,0,1,25663.13,0
10000143,Customer_143,512,Germany,Male,29,8,107707.35,1,0,0,37884.0,1
10000144,Customer_144,768,France,Male,69,5,142989.12,2,1,0,34307.33,0
10000145,Customer_145,638,Germany,Female,74,8,242968.13,1,1,0,74044.25,0
10000146,Customer_146,728,Germany,Female,63,10,211682.41,2,0,0,138940.59,0
10000147,Customer_147,610,Spain,Male,61,1,111212.52,1,1,0,128771.31,0
10000148,Customer_148,839,France,Female,41,10,166143.46,1,1,0,144942.13,0
10000149,Customer_149,580,France,Female,26,1,196057.87,2,0,0,145365.38,1
10000150,Customer_150,390,France,Male,29,5,6082.21,1,0,1,611.11,0
10000151,Customer_151,377,France,Male,26,2,147091.5,2,1,0,136911.43,0
10000152,Customer_152,484,Spain,Male,39,1,246132.15,2,1,1,136917.99,0
10000153,Customer_153,550,France,Male,34,7,236795.16,2,1,0,12432.67,0
10000154,Customer_154,677,France,Female,50,6,208110.1,1,1,0,85430.54,0
10000155,Customer_155,617,France,Male,64,7,26553.52,2,1,0,15739.57,0
10000156,Customer_156,767,France,Male,32,5,248510.36,2,1,0,38174.9,1
10000157,Customer_157,382,France,Male,50,8,152384.54,2,1,0,97955.79,0
10000158,Customer_158,397,France,Male,32,8,55727.06,2,0,1,2413.28,0
10000159,Customer_159,756,France,Female,44,1,168567.17,2,0,0,19009.95,1
10000160,Customer_160,411,Germany,Male,78,9,214130.89,2,0,0,16994.31,0
10000161,Customer_161,565,Germany,Male,85,4,28081.94,1,0,1,24918.45,0
10000162,Customer_162,642,France,Female,65,8,229109.54,4,0,1,9966.94,1
10000163,Customer_163,448,Spain,Male,25,2,230051.07,1,1,1,122419.67,0
10000164,Customer_164,521,Germany,Female,23,4,3366.1,3,0,0,35728.38,0
10000165,Customer_165,709,Spain,Male,80,7,225079.78,1,0,1,172522.12,1
10000166,Customer_166,563,France,Female,19,1,236704.48,1,1,1,176961.32,0
10000167,Customer_167,824,France,Female,39,5,9422.95,2,1,0,138210.16,1
10000168,Customer_168,384,France,Male,38,10,73541.58,1,0,1,13001.49,0
10000169,Customer_169,798,France,Female,23,3,93276.88,1,1,1,178321.94,0
10000170,Customer_170,576,France,Male,87,5,87222.62,2,1,1,83743.25,1
10000171,Customer_171,450,Spain,Female,30,2,189750.81,2,1,0,36231.91,0
10000172,Customer_172,780,France,Male,18,5,89526.11,1,1,1,155758.17,0
10000173,Customer_173,811,France,Female,39,6,239144.7,1,0,0,69345.85,1
10000174,Customer_174,480,Germany,Male,41,9,248748.16,1,1,1,101219.97,0
10000175,Customer_175,606,France,Female,81,2,79204.72,1,0,0,148610.95,0
10000176,Customer_176,354,Germany,Female,58,4,127200.19,2,1,1,20233.95,0
10000177,Customer_177,567,Germany,Female,39,7,139426.46,1,0,1,33919.88,0
10000178,Customer_178,604,Spain,Male,78,1,144850.71,1,1,1,193712.31,0
10000179,Customer_179,747,Spain,Male,29,6,93552.25,2,1,0,142712.07,0
10000180,Customer_180,708,France,Male,21,0,41498.38,2,1,0,46233.59,0
10000181,Customer_181,632,Germany,Male,29,6,13640.14,2,1,1,114761.95,0
10000182,Customer_182,742,Spain,Male,50,0,26587.17,1,1,0,37606.47,0
10000183,Customer_183,556,Spain,Male,38,3,225322.81,2,0,1,173094.03,0
10000184,Customer_184,364,France,Male,90,3,70093.75,2,1,1,89729.1,0
10000185,Customer_185,695,Spain,Male,89,4,19205.75,2,1,0,161376.3,0
10000186,Customer_186,391,France,Male,91,1,155882.42,1,1,0,194383.5,1
10000187,Customer_187,729,Spain,Male,91,10,18826.79,4,0,0,196175.19,0
10000188,Customer_188,810,France,Male,89,5,17513.23,2,1,0,27532.74,1
10000189,Customer_189,528,Germany,Female,69,5,155392.63,2,0,1,188961.8,1
10000190,Customer_190,412,Spain,Male,64,7,147848.81,2,1,0,54065.89,1
10000191,Customer_191,701,France,Male,76,9,10369.32,1,1,0,71931.5,1
10000192,Customer_192,580,France,Male,64,0,115119.46,1,1,1,12608.82,0
10000193,Customer_193,590,France,Male,73,3,108942.08,2,1,0,129123.38,0
10000194,Customer_194,401,Spain,Female,30,1,136672.28,1,1,1,128827.36,0
10000195,Customer_195,445,Spain,Male,61,10,184461.18,1,1,0,155410.25,0
10000196,Customer_196,737,Germany,Male,52,7,70700.01,1,1,0,189252.61,0
10000197,Customer_197,571,Germany,Female,46,3,108195.07,2,1,0,85639.61,1
10000198,Customer_198,834,Spain,Female,73,7,198185.67,2,1,0,81493.35,1
10000199,Customer_199,756,France,Male,22,1,230639.1,1,1,1,127826.96,0
10000200,Customer_200,580,France,Male,84,3,222830.74,2,1,1,133485.73,0
10000201,Customer_201,586,Germany,Male,70,8,119407.74,1,1,1,89054.57,0
10000202,Customer_202,492,France,Male,77,4,130216.45,2,1,0,183866.55,0
10000203,Customer_203,520,France,Male,23,5,132276.36,1,1,1,10445.07,0
10000204,Customer_204,378,France,Female,65,9,217178.89,2,1,0,151283.01,1
10000205,Customer_205,385,France,Male,52,8,209984.88,1,1,1,41597.31,1
10000206,Customer_206,362,Spain,Female,35,8,77883.13,1,0,0,99071.43,0
10000207,Customer_207,509,France,Male,28,6,40712.42,1,1,0,170300.22,0
10000208,Customer_208,676,Germany,Male,68,10,94743.64,1,1,1,65928.54,0
10000209,Customer_209,536,France,Female,40,1,72101.6,2,1,1,179938.05,0
10000210,Customer_210,592,France,Male,64,6,237695.18,1,1,1,90142.72,1
10000211,Customer_211,435,France,Male,76,8,66478.92,1,1,1,140553.8,1
10000212,Customer_212,633,Spain,Male,74,1,45301.67,1,1,1,144539.24,0
10000213,Customer_213,415,Germany,Male,73,6,224869.77,1,1,1,52170.83,0
10000214,Customer_214,519,Spain,Male,44,6,21619.65,2,0,1,180132.61,0
10000215,Customer_215,394,Germany,Male,90,2,65066.51,1,1,1,24931.86,1
10000216,Customer_216,411,Germany,Male,52,5,109777.8,1,1,1,118018.73,1
10000217,Customer_217,790,Germany,Male,72,7,148776.84,1,0,1,185802.46,1
10000218,Customer_218,483,Spain,Female,26,9,81918.22,1,1,1,6209.32,0
10000219,Customer_219,633,Spain,Male,35,7,124058.5,1,1,0,106255.37,0
10000220,Customer_220,377,France,Male,61,2,49707.8,2,0,1,49295.86,1
10000221,Customer_221,457,Germany,Female,38,5,143568.53,1,1,0,38500.23,1
10000222,Customer_222,393,Germany,Female,73,1,101954.2,2,1,1,46761.73,1
10000223,Customer_223,689,Germany,Male,65,1,212314.92,2,1,1,180538.5,1
10000224,Customer_224,635,France,Male,18,7,103933.53,1,1,1,85109.49,0
10000225,Customer_225,795,Spain,Female,44,10,110953.85,2,0,0,47187.54,0
10000226,Customer_226,680,Spain,Male,62,9,148043.75,2,0,1,185512.29,0
10000227,Customer_227,477,France,Female,80,4,30792.5,2,1,0,64330.93,0
10000228,Customer_228,697,Spain,Female,75,4,39198.79,2,1,0,144696.36,0
10000229,Customer_229,822,France,Male,57,10,197559.44,1,1,1,107439.6,1
10000230,Customer_230,580,France,Male,80,3,68354.69,1,1,1,135836.68,0
10000231,Customer_231,539,France,Female,55,10,171174.23,2,1,1,36544.24,0
10000232,Customer_232,574,France,Male,46,9,24356.74,1,0,1,135709.01,0
10000233,Customer_233,734,Spain,Male,57,3,205461.67,1,1,0,181165.33,1
10000234,Customer_234,726,France,Male,36,7,247057.03,2,0,0,20190.9,0
10000235,Customer_235,632,France,Female,73,2,93422.74,2,1,1,65313.52,0
10000236,Customer_236,795,France,Female,61,10,126382.53,1,1,1,194521.19,0
10000237,Customer_237,470,France,Female,82,2,110677.99,1,1,1,45047.81,0
10000238,Customer_238,465,France,Female,30,7,223546.94,1,0,1,11921.7,0
10000239,Customer_239,810,Germany,Male,47,2,2483.51,1,0,1,11022.18,0
10000240,Customer_240,582,France,Female,66,1,163364.83,2,1,1,55067.83,0
10000241,Customer_241,608,Spain,Male,80,10,163092.07,3,1,0,98980.21,1
10000242,Customer_242,708,Spain,Female,88,4,95596.25,2,1,0,53773.53,0
10000243,Customer_243,547,France,Male,52,10,54833.41,1,1,1,56188.49,0
10000244,Customer_244,805,Spain,Male,28,2,59920.67,2,0,1,166286.98,0
10000245,Customer_245,760,France,Female,66,5,200116.03,2,1,1,153390.6,1
10000246,Customer_246,486,France,Male,57,10,16525.77,2,0,0,62176.81,0
10000247,Customer_247,667,France,Female,38,6,140956.04,2,1,0,68984.72,0
10000248,Customer_248,514,France,Female,64,2,76710.15,2,1,0,193934.94,0
10000249,Customer_249,574,Germany,Male,20,8,66311.95,2,1,1,190031.69,0
10000250,Customer_250,656,Spain,Male,47,9,126434.42,1,1,1,194620.13,0
10000251,Customer_251,583,France,Female,84,0,224465.38,2,1,0,187840.64,0
10000252,Customer_252,521,Germany,Male,79,6,154522.98,2,1,1,125621.51,0
10000253,Customer_253,501,France,Female,54,3,197152.66,2,1,0,61672.8,1
10000254,Customer_254,812,Spain,Female,39,6,150170.94,2,0,1,193899.56,0
10000255,Customer_255,664,France,Female,48,8,174428.94,2,1,0,148566.48,1
10000256,Customer_256,723,France,Female,63,8,108101.91,2,1,1,142252.4,0
10000257,Customer_257,509,France,Female,62,0,231495.41,1,1,0,159526.08,1
10000258,Customer_258,445,France,Female,31,9,125484.76,2,1,0,119698.04,1
10000259,Customer_259,821,Germany,Female,29,3,137943.67,2,0,0,116656.55,0
10000260,Customer_260,582,Spain,Female,80,6,131241.38,2,1,1,72273.37,0
10000261,Customer_261,529,France,Male,55,9,79047.26,1,0,0,30156.86,0
10000262,Customer_262,462,Germany,Male,64,5,57809.61,2,1,0,87711.42,0
10000263,Customer_263,667,Germany,Female,71,8,18458.74,2,1,0,103480.27,0
10000264,Customer_264,846,Spain,Male,72,6,179543.75,2,1,1,175563.37,0
10000265,Customer_265,791,France,Male,65,2,72318.82,3,1,0,80326.68,1
10000266,Customer_266,401,France,Male,90,6,97299.49,2,1,0,176605.05,1
10000267,Customer_267,617,Spain,Female,89,9,229982.04,2,1,0,63511.07,1
10000268,Customer_268,644,Germany,Male,32,4,141611.84,1,0,1,188936.07,0
10000269,Customer_269,735,France,Male,88,1,24269.52,3,1,1,7797.66,1
10000270,Customer_270,736,France,Male,33,9,199902.98,3,1,0,105071.72,1
10000271,Customer_271,462,France,Female,60,2,64032.65,1,1,1,64325.77,0
10000272,Customer_272,450,Germany,Male,24,5,138176.46,1,1,0,58890.37,1
10000273,Customer_273,462,Germany,Male,60,5,127495.37,2,1,0,15888.63,1
10000274,Customer_274,789,France,Male,45,6,59519.71,1,1,1,136261.19,0
10000275,Customer_275,430,Germany,Male,83,5,28942.76,1,1,0,78516.44,1
10000276,Customer_276,536,Germany,Female,77,8,52815.4,2,1,0,189811.17,0
10000277,Customer_277,462,Germany,Female,20,4,24334.45,3,1,1,142487.89,0
10000278,Customer_278,351,Germany,Male,18,4,68907.0,1,1,0,88584.33,0
10000279,Customer_279,479,Spain,Male,48,7,249324.38,2,1,0,125463.66,0
10000280,Customer_280,569,France,Female,73,7,100523.07,2,1,1,13210.51,1
10000281,Customer_281,403,Spain,Male,63,0,215972.1,2,1,0,117832.16,1
10000282,Customer_282,692,France,Male,49,2,137294.42,1,0,0,133233.62,0
10000283,Customer_283,834,France,Male,35,5,166645.77,1,1,0,21242.71,1
10000284,Customer_284,573,France,Male,85,5,39086.99,1,1,0,136489.48,0
10000285,Customer_285,574,France,Male,52,0,68701.47,2,0,0,94807.26,0
10000286,Customer_286,734,France,Female,40,1,127610.86,2,1,0,95929.17,0
10000287,Customer_287,752,France,Male,30,9,220285.86,1,1,1,144718.56,0
10000288,Customer_288,475,Spain,Male,31,6,10722.01,1,0,1,89967.43,0
10000289,Customer_289,479,France,Male,54,0,126729.99,1,1,0,46877.88,1
10000290,Customer_290,402,Germany,Male,22,9,12753.05,3,0,1,59664.49,0
10000291,Customer_291,521,France,Male,39,4,114205.67,2,1,0,147673.12,0
10000292,Customer_292,567,Spain,Male,45,0,157217.04,2,0,1,14209.35,0
10000293,Customer_293,509,Germany,Male,21,5,186180.8,1,0,1,168166.85,1
10000294,Customer_294,547,France,Female,67,6,34633.0,2,0,1,116445.3,1
10000295,Customer_295,765,Spain,Female,46,7,41643.82,2,0,0,145397.18,0
10000296,Customer_296,596,Germany,Male,54,2,117516.23,2,1,0,68744.77,0
10000297,Customer_297,673,Spain,Male,52,2,249509.11,1,1,0,44556.95,0
10000298,Customer_298,788,Germany,Female,37,10,89011.71,2,0,1,160917.29,0
10000299,Customer_299,552,Germany,Male,52,0,106881.86,1,1,0,20451.58,1
10000300,Customer_300,533,Spain,Male,19,2,108111.69,1,1,0,33179.98,0
10000301,Customer_301,472,France,Female,75,4,20175.21,1,1,0,56992.07,1
10000302,Customer_302,750,France,Female,35,5,193543.04,1,0,0,70251.68,1
10000303,Customer_303,604,Spain,Male,73,2,63275.38,1,1,1,40739.85,0
10000304,Customer_304,643,France,Male,81,3,175916.76,2,1,1,182526.87,1
10000305,Customer_305,629,France,Female,69,4,118772.47,1,1,0,5446.51,1
10000306,Customer_306,674,France,Male,39,4,152944.94,1,1,0,160695.41,1
10000307,Customer_307,721,France,Female,77,8,13492.91,1,0,0,82220.45,0
10000308,Customer_308,447,Spain,Male,27,7,222491.42,2,1,0,167224.48,0
10000309,Customer_309,547,France,Male,23,0,60964.19,1,1,1,159195.27,0
10000310,Customer_310,819,France,Male,23,1,167523.85,2,1,1,24217.14,0
10000311,Customer_311,744,Germany,Female,45,4,199504.78,1,0,1,133286.67,0
10000312,Customer_312,589,Spain,Female,59,2,135009.68,1,1,0,75696.12,0
10000313,Customer_313,493,France,Male,91,6,84333.51,2,0,1,164204.51,0
10000314,Customer_314,446,France,Female,58,10,244475.84,1,1,0,170205.36,0
10000315,Customer_315,550,Spain,Female,80,5,69609.93,2,0,1,37818.17,0
10000316,Customer_316,473,Germany,Female,39,1,237165.58,2,1,0,95735.42,1
10000317,Customer_317,536,France,Female,46,7,39056.03,2,0,1,118885.21,0
10000318,Customer_318,675,France,Male,88,4,97305.53,1,1,0,108820.25,0
10000319,Customer_319,813,France,Male,51,5,34623.9,2,1,1,50362.4,0
10000320,Customer_320,698,France,Female,19,7,560.12,2,1,1,54506.23,0
10000321,Customer_321,608,France,Female,43,5,65064.64,1,1,1,171639.86,0
10000322,Customer_322,497,Spain,Male,36,9,21802.6,1,1,1,6550.68,0
10000323,Customer_323,601,France,Male,37,2,246586.38,1,1,0,52480.72,0
10000324,Customer_324,792,Germany,Female,50,6,190413.33,1,0,0,44623.47,0
10000325,Customer_325,769,France,Male,21,3,926.2,2,1,1,74140.53,0
10000326,Customer_326,752,Spain,Female,49,5,55911.65,2,0,0,137223.94,0
10000327,Customer_327,695,Germany,Male,36,5,167531.06,1,1,0,106457.25,0
10000328,Customer_328,800,France,Female,20,10,99638.03,1,1,0,108130.96,0
10000329,Customer_329,496,Germany,Male,78,4,207960.64,1,1,1,146260.49,1
10000330,Customer_330,497,France,Male,55,0,126215.19,1,1,1,162434.2,0
10000331,Customer_331,701,Spain,Male,23,7,163412.85,1,0,1,31984.14,0
10000332,Customer_332,548,Spain,Female,73,9,149259.35,1,1,0,21615.91,0
10000333,Customer_333,657,France,Female,57,1,159542.23,1,1,0,60251.45,1
10000334,Customer_334,838,France,Female,86,3,57524.71,2,1,0,165512.56,0
10000335,Customer_335,766,France,Male,59,2,93322.36,2,1,0,108353.75,1
10000336,Customer_336,773,Germany,Female,91,5,12657.31,2,1,0,28574.57,0
10000337,Customer_337,477,France,Female,19,10,146909.13,2,1,1,32756.75,1
10000338,Customer_338,388,France,Female,45,0,114814.62,1,0,1,179654.93,0
10000339,Customer_339,687,France,Female,34,8,190179.04,2,1,1,73400.71,0
10000340,Customer_340,709,France,Male,87,4,51595.62,1,1,0,51064.05,0
10000341,Customer_341,478,Germany,Female,86,4,109203.03,2,1,0,138751.42,1
10000342,Customer_342,616,France,Female,56,3,45186.36,1,1,1,172158.41,0
10000343,Customer_343,825,Germany,Female,24,3,153494.81,1,1,0,88488.13,0
10000344,Customer_344,790,France,Female,49,0,212007.56,1,1,1,158228.73,1
10000345,Customer_345,822,France,Male,21,8,191360.81,1,1,1,86013.68,0
10000346,Customer_346,783,Germany,Female,38,8,236049.49,1,1,0,138288.18,1
10000347,Customer_347,500,Spain,Male,49,3,242931.45,1,1,1,114968.24,0
10000348,Customer_348,764,Spain,Male,31,9,193008.47,2,1,1,178890.52,0
10000349,Customer_349,827,France,Female,87,9,71701.52,1,0,0,65017.71,0
10000350,Customer_350,647,France,Male,63,3,54815.34,1,0,1,154086.37,1
10000351,Customer_351,448,Spain,Male,37,6,111887.26,2,1,1,136790.95,0
10000352,Customer_352,612,France,Female,75,3,248470.92,1,1,1,167766.53,0
10000353,Customer_353,601,France,Male,65,0,103167.01,2,1,1,121512.42,1
10000354,Customer_354,493,Spain,Male,24,10,49767.1,2,1,1,92033.58,0
10000355,Customer_355,695,Spain,Male,57,8,236085.72,3,0,1,9901.28,1
10000356,Customer_356,461,Spain,Male,76,1,96479.49,1,0,0,167941.45,0
10000357,Customer_357,849,Spain,Male,53,4,172724.72,1,0,1,181987.9,1
10000358,Customer_358,409,Spain,Male,61,3,197038.24,2,1,0,89936.71,0
10000359,Customer_359,718,France,Male,48,7,210788.98,1,1,0,44461.06,0
10000360,Customer_360,351,France,Male,59,5,205320.1,1,1,1,129434.98,0
10000361,Customer_361,734,Germany,Male,61,6,209061.72,1,1,1,24349.75,1
10000362,Customer_362,653,Germany,Female,60,1,166913.36,2,0,0,8179.93,1
10000363,Customer_363,603,France,Male,60,3,100957.77,1,1,0,58029.02,1
10000364,Customer_364,489,France,Female,64,3,166821.71,2,1,0,135986.11,1
10000365,Customer_365,802,France,Male,23,1,209183.58,1,1,0,162842.69,0
10000366,Customer_366,386,Germany,Female,83,9,87660.62,2,0,0,31380.24,0
10000367,Customer_367,509,France,Female,26,3,74127.0,1,1,0,189230.43,0
10000368,Customer_368,358,France,Male,28,8,85926.8,1,0,1,110420.21,0
10000369,Customer_369,582,Germany,Male,35,7,137820.85,1,1,0,185052.48,0
10000370,Customer_370,448,Germany,Male,42,10,13110.97,1,1,0,29967.23,0
10000371,Customer_371,496,France,Female,91,0,194742.7,1,0,1,91601.08,0
10000372,Customer_372,653,Germany,Male,75,7,34712.99,1,1,1,86168.1,0
10000373,Customer_373,557,Germany,Female,47,10,33209.66,3,0,0,82344.99,1
10000374,Customer_374,480,France,Male,18,8,49414.78,2,1,0,186158.4,1
10000375,Customer_375,753,France,Male,80,7,144231.86,2,0,1,169884.02,0
10000376,Customer_376,501,France,Female,46,9,71392.09,3,1,0,158857.77,1
10000377,Customer_377,403,France,Female,83,0,92022.58,2,0,1,57232.63,0
10000378,Customer_378,469,Spain,Male,70,7,232912.28,1,1,0,67815.66,1
10000379,Customer_379,510,France,Female,36,4,211800.54,2,0,0,51868.71,1
10000380,Customer_380,757,Germany,Male,83,8,213047.63,2,1,1,158698.94,1
10000381,Customer_381,465,France,Female,69,8,144410.46,3,0,1,78571.98,0
10000382,Customer_382,424,France,Female,48,5,216616.54,2,1,0,195737.64,0
10000383,Customer_383,462,Germany,Female,77,2,194641.46,2,1,1,72870.25,1
10000384,Customer_384,805,France,Male,85,6,238309.2,2,0,1,33966.3,0
10000385,Customer_385,769,France,Male,47,2,16092.1,2,1,0,185971.62,0
10000386,Customer_386,771,France,Female,30,6,7181.78,2,1,0,156544.46,0
10000387,Customer_387,453,France,Male,32,7,43757.49,1,1,1,116652.02,0
10000388,Customer_388,689,Germany,Female,37,4,232271.21,2,1,1,171689.28,0
10000389,Customer_389,603,France,Male,51,4,151391.28,2,1,1,189889.71,0
10000390,Customer_390,576,Spain,Male,37,3,106528.13,1,1,1,172275.78,0
10000391,Customer_391,461,Germany,Female,67,2,128177.77,1,1,0,180904.88,1
10000392,Customer_392,822,France,Male,44,7,207401.15,2,0,0,54255.7,0
10000393,Customer_393,448,France,Female,47,10,232277.5,1,1,0,102175.18,0
10000394,Customer_394,502,France,Female,73,5,182424.71,1,0,1,159060.72,0
10000395,Customer_395,698,Spain,Female,82,5,189961.96,1,1,0,105209.18,1
10000396,Customer_396,751,France,Male,72,1,80094.51,2,0,1,128371.85,0
10000397,Customer_397,733,Spain,Female,41,3,116758.8,1,1,0,184569.78,0
10000398,Customer_398,715,France,Female,42,4,221302.55,2,1,0,59076.58,1
10000399,Customer_399,687,Spain,Male,70,10,196483.53,2,1,0,107886.27,1
10000400,Customer_400,543,France,Male,28,9,171067.73,1,0,0,112712.57,1
10000401,Customer_401,659,Spain,Male,77,4,16311.71,1,1,1,71914.46,1
10000402,Customer_402,512,France,Female,64,2,9876.8,2,0,1,73661.54,0
10000403,Customer_403,557,France,Female,42,9,32602.74,2,1,0,153810.33,1
10000404,Customer_404,794,France,Female,42,4,145347.77,1,1,0,185903.72,1
10000405,Customer_405,518,France,Female,34,4,134096.71,2,1,0,126750.95,1
10000406,Customer_406,833,Spain,Male,29,1,235672.71,2,1,1,97594.42,0
10000407,Customer_407,510,France,Male,69,4,173689.91,2,1,1,150074.64,0
10000408,Customer_408,417,France,Male,28,2,73493.15,1,1,0,199561.86,0
10000409,Customer_409,638,Germany,Male,27,2,40374.07,1,1,0,16490.42,0
10000410,Customer_410,747,France,Male,77,4,212383.31,2,1,1,130320.39,1
10000411,Customer_411,626,Germany,Female,71,8,114906.03,1,1,1,111226.5,1
10000412,Customer_412,653,Germany,Female,80,1,163367.37,1,1,1,122053.6,0
10000413,Customer_413,753,France,Male,37,8,141285.9,1,1,0,4574.69,1
10000414,Customer_414,733,Spain,Female,22,2,26864.09,2,0,1,191135.26,1
10000415,Customer_415,741,France,Female,58,6,14264.6,1,0,0,17089.88,1
10000416,Customer_416,484,France,Male,80,0,94254.55,1,1,0,61502.35,0
10000417,Customer_417,544,Germany,Female,73,0,90387.57,2,1,0,59667.26,1
10000418,Customer_418,750,Germany,Male,49,7,168449.53,1,0,1,146625.64,1
10000419,Customer_419,477,France,Female,44,8,158050.1,1,0,1,134191.02,0
10000420,Customer_420,382,Germany,Female,85,2,242235.23,2,1,0,12355.39,0
10000421,Customer_421,525,France,Female,65,5,214524.88,1,1,1,29951.12,0
10000422,Customer_422,809,France,Male,24,2,124145.63,2,1,1,63764.45,0
10000423,Customer_423,792,Spain,Male,63,5,125006.34,1,1,0,140824.05,1
10000424,Customer_424,720,France,Male,35,6,168532.31,1,1,1,185847.81,0
10000425,Customer_425,819,France,Female,55,4,28522.65,2,1,0,63102.38,0
10000426,Customer_426,724,Spain,Female,82,2,249972.64,3,0,0,105120.03,1
10000427,Customer_427,371,Spain,Male,34,7,129702.03,1,1,1,74529.0,0
10000428,Customer_428,587,France,Female,55,4,227476.22,2,0,1,115476.08,1
10000429,Customer_429,507,Germany,Male,80,0,241839.08,1,1,0,125599.0,1
10000430,Customer_430,387,Germany,Male,59,8,145410.68,1,1,1,103664.27,0
10000431,Customer_431,579,Spain,Female,25,2,25837.16,1,0,1,77811.2,0
10000432,Customer_432,714,Spain,Female,47,1,143336.45,2,1,1,175957.92,0
10000433,Customer_433,400,France,Male,81,2,149410.61,1,0,0,160385.7,1
10000434,Customer_434,787,France,Male,26,6,197298.28,1,1,1,199681.13,0
10000435,Customer_435,613,France,Male,74,10,12057.32,2,0,0,82545.04,0
10000436,Customer_436,632,Spain,Male,76,9,116578.84,1,0,0,7759.27,1
10000437,Customer_437,376,Germany,Female,84,7,230692.56,1,1,0,130277.95,1
10000438,Customer_438,575,Germany,Female,22,1,247824.77,1,0,0,156687.75,0
10000439,Customer_439,626,Spain,Male,21,6,47845.67,3,1,0,187357.55,0
10000440,Customer_440,635,France,Male,25,10,217649.75,1,1,0,2083.68,0
10000441,Customer_441,446,France,Female,59,4,36562.64,4,0,0,175917.73,1
10000442,Customer_442,633,France,Female,52,8,210293.61,1,1,0,103352.93,0
10000443,Customer_443,716,France,Female,30,6,69319.43,1,0,0,74970.44,1
10000444,Customer_444,797,France,Male,22,0,239906.32,2,1,1,44395.95,0
10000445,Customer_445,830,France,Female,57,0,173874.19,2,0,0,162826.82,0
10000446,Customer_446,802,Germany,Male,36,5,99777.65,1,0,0,72755.07,0
10000447,Customer_447,666,Spain,Female,21,8,70243.33,2,0,0,120915.74,0
10000448,Customer_448,653,Germany,Female,76,0,58809.38,1,1,1,102338.72,0
10000449,Customer_449,496,Germany,Male,35,2,170198.08,2,1,1,52639.05,0
10000450,Customer_450,353,France,Male,41,4,223947.75,2,1,0,157558.82,1
10000451,Customer_451,384,Spain,Male,48,3,188735.49,1,0,1,59642.48,0
10000452,Customer_452,541,Spain,Male,75,0,208697.88,2,0,1,157465.44,0
10000453,Customer_453,398,Germany,Male,45,9,195345.94,1,1,0,81914.72,0
10000454,Customer_454,366,France,Female,26,3,244786.92,1,0,1,6027.72,1
10000455,Customer_455,521,France,Male,62,3,189451.23,1,0,1,153488.03,1
10000456,Customer_456,569,France,Female,66,10,52557.13,2,1,1,179855.97,0
10000457,Customer_457,507,Germany,Female,19,9,197899.62,1,0,1,23967.13,1
10000458,Customer_458,826,Spain,Female,23,3,80517.34,2,1,0,117051.54,0
10000459,Customer_459,395,Spain,Male,46,2,248949.97,2,0,1,14361.72,0
10000460,Customer_460,722,France,Male,43,6,94168.16,2,0,0,165979.38,0
10000461,Customer_461,355,Spain,Male,45,0,73198.44,2,1,1,197591.93,0
10000462,Customer_462,448,Spain,Male,24,1,59804.0,1,1,0,99004.05,1
10000463,Customer_463,729,France,Female,51,0,164628.66,2,1,0,62687.1,0
10000464,Customer_464,582,France,Male,73,3,27305.27,1,0,1,169151.55,1
10000465,Customer_465,386,Spain,Male,27,4,238389.97,2,1,0,104161.1,0
10000466,Customer_466,629,France,Male,74,10,73578.17,1,0,1,89811.2,0
10000467,Customer_467,698,Spain,Female,64,9,73850.15,1,1,0,45570.01,1
10000468,Customer_468,846,Spain,Male,44,4,11516.52,1,1,1,123207.79,0
10000469,Customer_469,651,Germany,Male,56,1,61504.38,1,1,0,121267.85,1
10000470,Customer_470,530,Spain,Male,39,10,104744.84,1,1,1,52574.99,0
10000471,Customer_471,444,Germany,Female,36,2,92401.6,2,1,1,42290.69,0
10000472,Customer_472,448,Germany,Female,26,3,68254.98,2,0,1,87719.37,0
10000473,Customer_473,537,France,Male,36,9,10185.96,2,1,0,90169.26,0
10000474,Customer_474,830,France,Female,19,5,75145.34,1,0,0,25691.82,0
10000475,Customer_475,465,France,Male,78,5,194582.73,1,1,0,55219.69,1
10000476,Customer_476,540,Germany,Male,76,1,109698.07,3,1,1,32079.66,0
10000477,Customer_477,602,France,Male,87,1,72693.84,1,1,1,180290.15,1
10000478,Customer_478,818,France,Male,88,8,76198.03,2,1,1,14877.78,1
10000479,Customer_479,765,France,Female,87,1,138609.39,1,1,0,175753.09,0
10000480,Customer_480,820,Germany,Male,50,1,75573.17,4,0,0,105582.03,0
10000481,Customer_481,510,Spain,Female,82,2,157699.33,1,1,1,133067.96,1
10000482,Customer_482,605,Spain,Male,42,8,247363.63,1,1,0,184650.79,0
10000483,Customer_483,672,France,Female,87,5,10294.1,2,0,0,73084.3,0
10000484,Customer_484,477,Spain,Female,45,10,42184.19,1,1,0,140526.95,0
10000485,Customer_485,367,Germany,Female,35,5,44776.89,2,1,1,134342.99,0
10000486,Customer_486,630,Germany,Female,80,9,111767.58,1,1,1,197669.52,0
10000487,Customer_487,839,Germany,Female,66,4,10354.68,2,0,0,9220.15,0
10000488,Customer_488,572,France,Female,83,6,119380.39,1,1,0,91093.2,0
10000489,Customer_489,403,Spain,Male,57,10,232231.19,2,1,0,197911.12,1
10000490,Customer_490,407,France,Male,83,3,2891.02,2,0,0,65582.48,0
10000491,Customer_491,672,France,Male,21,9,91234.72,3,1,1,193133.18,0
10000492,Customer_492,709,Germany,Male,51,9,190223.44,2,1,0,163345.81,1
10000493,Customer_493,523,France,Male,22,2,38623.63,2,1,0,67871.92,0
10000494,Customer_494,629,France,Male,39,6,19389.75,2,1,1,5831.85,0
10000495,Customer_495,463,Germany,Female,37,9,157694.63,1,1,1,56076.81,0
10000496,Customer_496,637,France,Male,64,0,2487.73,2,0,0,24753.82,0
10000497,Customer_497,780,Germany,Female,51,5,200442.62,1,0,0,85697.89,0
10000498,Customer_498,691,Germany,Male,61,10,16713.19,1,1,0,187905.14,0
10000499,Customer_499,500,Germany,Female,23,10,131088.56,2,0,0,102528.84,0
10000500,Customer_500,799,Germany,Male,73,10,185031.93,2,1,1,89507.71,1
10000501,Customer_501,476,Germany,Female,46,1,60502.75,1,0,1,43160.13,0
10000502,Customer_502,504,Germany,Male,70,1,25885.04,2,1,0,124291.41,0
10000503,Customer_503,839,Germany,Male,18,10,43905.69,2,1,0,91080.74,1
10000504,Customer_504,735,Spain,Female,76,7,213670.89,2,1,0,154545.74,1
10000505,Customer_505,823,Germany,Male,65,2,176445.07,2,1,0,103229.72,1
10000506,Customer_506,622,Spain,Male,24,8,49524.51,1,1,1,177316.47,0
10000507,Customer_507,453,France,Male,49,3,179030.2,3,1,0,156605.25,1
10000508,Customer_508,766,France,Female,78,5,177154.54,1,1,1,29022.46,0
10000509,Customer_509,742,Spain,Male,74,0,249431.27,2,1,0,27209.82,0
10000510,Customer_510,648,France,Female,68,10,97889.01,2,0,1,4880.93,0
10000511,Customer_511,595,France,Male,36,9,216213.37,2,0,1,73808.94,0
10000512,Customer_512,525,Germany,Male,44,9,111610.67,2,1,0,10934.15,0
10000513,Customer_513,388,France,Female,80,2,224440.06,1,1,0,89996.37,0
10000514,Customer_514,826,France,Male,77,3,22900.12,2,0,1,48279.13,1
10000515,Customer_515,519,Spain,Female,78,4,43828.16,2,0,0,99653.17,0
10000516,Customer_516,596,Germany,Male,78,0,212488.59,1,1,1,31669.74,1
10000517,Customer_517,375,France,Male,62,3,204825.08,1,0,0,109843.0,1
10000518,Customer_518,704,Spain,Male,38,4,76358.45,2,0,1,193287.07,0
10000519,Customer_519,655,Spain,Female,61,3,149199.58,2,1,1,127450.43,0
10000520,Customer_520,758,France,Female,18,9,95674.93,2,0,0,112882.7,0
10000521,Customer_521,757,France,Female,61,9,2579.34,2,0,0,157611.54,0
10000522,Customer_522,362,Spain,Male,79,6,6526.03,1,1,0,1124.37,0
10000523,Customer_523,665,Germany,Male,78,7,13564.09,1,1,1,56500.51,1
10000524,Customer_524,740,Germany,Male,67,7,148518.04,2,1,1,197395.72,1
10000525,Customer_525,662,Spain,Female,58,2,69806.93,2,0,1,156526.21,1
10000526,Customer_526,385,Germany,Female,50,4,35987.07,1,1,0,18063.45,0
10000527,Customer_527,522,France,Male,29,9,235282.78,2,1,1,65299.41,0
10000528,Customer_528,369,Germany,Male,19,7,30329.67,2,0,0,87979.0,1
10000529,Customer_529,670,France,Male,38,6,168495.43,2,1,0,186917.51,0
10000530,Customer_530,613,Spain,Female,31,8,223540.05,2,1,0,117241.96,0
10000531,Customer_531,843,Germany,Female,51,9,40957.42,2,1,0,15455.27,1
10000532,Customer_532,749,France,Male,81,6,53682.42,1,1,1,101820.05,0
10000533,Customer_533,491,Germany,Male,40,1,143453.38,2,1,1,57885.24,1
10000534,Customer_534,809,France,Male,67,3,127112.17,1,0,0,67747.56,0
10000535,Customer_535,720,France,Female,31,7,130256.85,2,0,0,22863.6,0
10000536,Customer_536,820,Germany,Female,63,8,138669.52,1,1,0,91757.1,1
10000537,Customer_537,492,France,Male,22,6,237475.73,2,1,1,133900.6,0
10000538,Customer_538,441,Spain,Female,83,4,13459.51,2,1,1,151912.81,1
10000539,Customer_539,703,France,Male,39,0,190112.13,1,1,1,139080.73,0
10000540,Customer_540,671,Germany,Male,87,8,58126.61,3,0,1,132106.41,0
10000541,Customer_541,637,Spain,Female,19,5,93419.42,1,1,0,173844.85,0
10000542,Customer_542,564,Germany,Male,46,1,22322.78,1,1,1,66481.56,0
10000543,Customer_543,796,France,Female,78,10,111406.69,2,1,1,42927.44,0
10000544,Customer_544,691,Spain,Male,88,9,201054.81,2,0,1,17897.7,0
10000545,Customer_545,400,France,Male,33,9,24685.08,1,0,0,33150.44,1
10000546,Customer_546,502,France,Female,81,1,68900.9,2,1,0,29887.69,1
10000547,Customer_547,535,France,Male,31,9,93265.43,2,1,1,182500.36,0
10000548,Customer_548,412,France,Male,60,0,25974.8,1,1,1,36112.4,0
10000549,Customer_549,539,Spain,Female,60,3,190579.2,2,1,1,18798.85,0
10000550,Customer_550,474,France,Male,87,9,196736.76,1,1,1,80057.06,0
10000551,Customer_551,499,Spain,Male,72,10,208973.75,1,1,1,33931.29,0
10000552,Customer_552,663,Spain,Female,48,1,145974.05,2,1,1,26123.19,0
10000553,Customer_553,407,France,Male,91,9,126809.71,2,0,1,72488.81,0
10000554,Customer_554,691,Germany,Male,57,10,65638.11,2,1,1,183877.66,0
10000555,Customer_555,654,France,Female,44,8,163789.49,2,0,1,6097.44,1
10000556,Customer_556,529,France,Male,69,1,111140.87,2,1,1,41552.08,1
10000557,Customer_557,519,France,Female,24,10,242694.1,1,1,1,164847.34,0
10000558,Customer_558,675,Spain,Male,63,8,242044.87,2,0,1,49055.43,0
10000559,Customer_559,620,Spain,Female,50,0,226301.28,1,0,1,88224.5,0
10000560,Customer_560,403,France,Male,25,6,90022.28,1,1,0,19718.36,0
10000561,Customer_561,840,France,Male,22,5,91993.11,3,1,1,159037.1,0
10000562,Customer_562,793,Spain,Female,78,5,213168.29,2,1,0,147295.1,0
10000563,Customer_563,450,France,Male,89,1,182283.73,1,1,0,25622.33,0
10000564,Customer_564,830,Spain,Female,77,0,176090.24,2,0,0,189593.08,0
10000565,Customer_565,613,Germany,Male,41,9,69902.75,2,0,1,118129.15,0
10000566,Customer_566,402,France,Female,24,7,208337.15,1,1,1,159633.78,0
10000567,Customer_567,409,Spain,Male,78,7,144855.14,2,0,0,152762.46,0
10000568,Customer_568,841,France,Female,53,1,111716.39,2,1,0,103819.88,0
10000569,Customer_569,457,Spain,Female,44,3,216355.53,2,0,1,149501.1,0
10000570,Customer_570,354,Spain,Male,46,3,98552.44,2,1,1,47567.92,0
10000571,Customer_571,452,France,Male,37,1,163481.45,1,0,1,4263.55,0
10000572,Customer_572,545,France,Male,87,10,116476.3,2,0,1,68422.45,1
10000573,Customer_573,611,Spain,Male,20,8,148184.45,1,1,0,30509.87,0
10000574,Customer_574,714,Spain,Female,56,3,10136.62,1,1,0,196216.35,0
10000575,Customer_575,829,France,Male,62,3,115278.79,3,1,1,184725.87,0
10000576,Customer_576,721,Spain,Female,85,3,139122.83,2,0,1,28836.96,0
10000577,Customer_577,699,France,Male,48,4,123179.83,2,0,0,68805.2,1
10000578,Customer_578,396,France,Female,55,9,211852.59,1,1,0,101868.75,1
10000579,Customer_579,704,Spain,Male,23,7,77780.99,1,1,1,79752.41,0
10000580,Customer_580,660,France,Female,25,3,221019.13,1,0,0,140007.04,0
10000581,Customer_581,773,Spain,Male,45,2,100865.49,2,1,0,100709.15,1
10000582,Customer_582,657,France,Male,32,10,173631.68,2,1,0,113057.42,0
10000583,Customer_583,493,Germany,Female,25,0,21680.68,2,1,0,135531.46,0
10000584,Customer_584,618,France,Male,71,1,50038.52,2,0,1,4744.27,0
10000585,Customer_585,719,Germany,Male,23,3,190291.5,2,1,1,2495.98,0
10000586,Customer_586,473,Germany,Female,46,8,3082.17,2,1,0,35633.82,1
10000587,Customer_587,455,France,Female,51,0,242131.93,2,1,0,143664.11,0
10000588,Customer_588,507,Germany,Male,24,5,47657.23,3,0,0,48092.63,0
10000589,Customer_589,496,France,Male,57,5,225326.0,2,1,1,184036.24,0
10000590,Customer_590,494,France,Female,91,9,128986.26,1,1,1,15709.59,1
10000591,Customer_591,469,Spain,Male,30,2,141143.84,2,1,0,115986.37,1
10000592,Customer_592,668,France,Female,79,9,21032.95,1,1,1,5120.14,1
10000593,Customer_593,624,Germany,Female,82,8,91304.69,4,0,1,194412.02,1
10000594,Customer_594,441,Germany,Female,58,9,39054.72,2,1,0,42742.62,1
10000595,Customer_595,407,Germany,Male,59,2,131482.87,2,1,1,117531.98,0
10000596,Customer_596,788,France,Female,83,0,137683.04,1,0,0,190611.6,0
10000597,Customer_597,695,France,Male,28,1,177416.74,1,1,0,6083.69,0
10000598,Customer_598,578,France,Female,67,3,219569.54,1,0,1,102552.29,1
10000599,Customer_599,823,Germany,Male,88,3,117044.95,2,1,1,105347.86,1
10000600,Customer_600,466,Spain,Female,52,1,58340.09,1,1,1,70304.16,0
10000601,Customer_601,667,Germany,Female,37,9,83392.92,2,1,1,130914.34,0
10000602,Customer_602,628,France,Male,45,5,211772.45,2,1,0,108511.03,0
10000603,Customer_603,476,France,Male,54,5,36465.87,1,1,1,49836.52,0
10000604,Customer_604,742,France,Male,20,2,156814.02,2,0,0,141065.16,0
10000605,Customer_605,745,France,Male,76,0,3271.47,1,1,1,93240.08,0
10000606,Customer_606,478,France,Male,90,9,61417.33,1,0,0,94067.93,0
10000607,Customer_607,407,France,Male,44,8,147852.12,2,0,1,190384.59,0
10000608,Customer_608,471,France,Female,49,3,114103.01,2,1,0,107011.57,0
10000609,Customer_609,350,France,Female,65,8,123387.37,1,0,1,156933.82,0
10000610,Customer_610,588,France,Male,63,4,165140.51,2,1,0,173478.85,1
10000611,Customer_611,639,France,Female,64,6,58646.51,2,1,0,116150.57,1
10000612,Customer_612,445,France,Female,57,2,70201.24,1,1,1,157277.19,0
10000613,Customer_613,475,France,Male,20,2,171114.55,1,1,0,61916.11,0
10000614,Customer_614,467,Germany,Male,46,7,134572.85,2,0,1,36394.21,0
10000615,Customer_615,397,France,Male,75,0,3646.71,2,0,1,139111.13,0
10000616,Customer_616,438,France,Female,67,7,167581.95,2,1,0,185239.35,0
10000617,Customer_617,837,France,Female,27,7,155023.01,1,1,0,8509.9,0
10000618,Customer_618,586,France,Female,78,2,19651.89,2,0,1,152614.14,0
10000619,Customer_619,722,France,Male,78,0,186879.87,2,1,1,5690.45,0
10000620,Customer_620,734,France,Female,40,8,130525.36,1,1,1,91726.42,0
10000621,Customer_621,621,Germany,Male,23,3,51186.82,2,0,1,135441.49,0
10000622,Customer_622,538,France,Male,77,6,139839.09,2,0,0,81067.42,1
10000623,Customer_623,836,France,Male,44,8,148864.63,2,0,0,60197.81,1
10000624,Customer_624,541,Spain,Male,72,2,230029.68,1,1,0,37376.24,1
10000625,Customer_625,796,France,Female,48,4,185536.11,1,1,0,195574.58,1
10000626,Customer_626,418,France,Female,47,9,75481.09,2,0,0,114067.94,0
10000627,Customer_627,627,Spain,Female,84,10,29533.24,2,1,1,25578.5,0
10000628,Customer_628,698,Spain,Male,30,2,213296.02,2,1,1,9640.49,1
10000629,Customer_629,596,France,Female,76,4,211516.92,1,1,0,48686.48,1
10000630,Customer_630,800,France,Female,71,10,43827.5,1,0,1,107730.1,0
10000631,Customer_631,425,France,Male,38,1,15532.8,2,1,0,150400.9,0
10000632,Customer_632,503,France,Female,60,3,177966.16,2,1,0,196192.15,1
10000633,Customer_633,493,Germany,Female,28,1,180645.46,2,1,0,166791.17,1
10000634,Customer_634,784,France,Male,84,2,44285.94,2,1,1,122397.96,0
10000635,Customer_635,834,France,Female,55,4,167052.96,3,1,1,133299.15,0
10000636,Customer_636,435,Spain,Female,41,8,69730.94,1,0,0,104419.21,0
10000637,Customer_637,534,Spain,Female,68,2,65154.26,2,1,1,86920.99,0
10000638,Customer_638,634,France,Female,78,9,81129.48,1,1,0,156947.34,1
10000639,Customer_639,811,Germany,Male,63,5,130099.09,2,1,0,35480.43,0
10000640,Customer_640,569,France,Female,60,3,201113.48,2,1,0,66793.97,1
10000641,Customer_641,418,Spain,Female,44,3,124660.94,1,0,0,195736.89,0
10000642,Customer_642,396,France,Male,47,10,74510.67,1,0,0,114350.79,0
10000643,Customer_643,846,France,Male,80,9,220993.57,1,1,1,99707.51,0
10000644,Customer_644,443,France,Female,27,9,13772.49,1,1,0,170159.45,0
10000645,Customer_645,587,France,Male,20,4,199272.87,1,1,0,152406.59,0
10000646,Customer_646,795,France,Female,77,10,196095.44,3,1,1,65215.77,1
10000647,Customer_647,849,Spain,Female,44,6,63386.7,1,0,0,125196.44,1
10000648,Customer_648,802,Germany,Male,62,10,49573.8,2,1,1,37087.22,0
10000649,Customer_649,553,France,Male,79,3,218675.14,1,1,1,10605.92,0
10000650,Customer_650,749,France,Male,41,7,139717.82,2,0,0,197969.76,1
10000651,Customer_651,567,France,Female,63,8,11502.84,2,1,0,147445.31,1
10000652,Customer_652,823,Spain,Female,61,8,222708.13,1,1,0,186153.83,1
10000653,Customer_653,781,Spain,Male,80,8,87251.5,2,1,1,166379.26,1
10000654,Customer_654,690,Spain,Male,21,1,85539.14,2,0,0,85621.17,1
10000655,Customer_655,388,Spain,Female,33,2,160821.98,3,1,0,172289.72,1
10000656,Customer_656,449,France,Female,68,4,165327.74,1,1,1,157342.23,0
10000657,Customer_657,638,France,Male,91,0,88329.03,1,0,1,51659.15,0
10000658,Customer_658,603,Germany,Female,65,3,35819.73,4,1,1,124605.88,1
10000659,Customer_659,571,Spain,Male,82,10,138067.44,2,0,1,61011.15,0
10000660,Customer_660,706,France,Female,86,4,156294.79,2,1,0,46815.53,0
10000661,Customer_661,372,France,Male,62,8,215055.59,2,1,0,16356.8,1
10000662,Customer_662,599,Spain,Male,20,7,121110.0,2,1,1,108637.16,0
10000663,Customer_663,359,France,Female,34,0,161424.02,2,0,0,78491.98,0
10000664,Customer_664,595,France,Male,54,2,13602.21,1,1,1,17619.09,1
10000665,Customer_665,674,Germany,Male,22,2,223630.73,2,1,0,143674.23,0
10000666,Customer_666,449,France,Female,64,10,81803.95,2,1,1,144615.2,1
10000667,Customer_667,639,France,Female,61,5,158055.28,1,0,1,47070.83,0
10000668,Customer_668,529,Spain,Male,50,3,229012.91,1,0,0,191181.91,0
10000669,Customer_669,572,Germany,Female,38,3,202631.45,1,1,1,155575.13,0
10000670,Customer_670,743,Spain,Female,84,0,159425.96,2,1,0,161062.99,1
10000671,Customer_671,599,France,Female,85,9,175901.96,2,1,0,751.24,1
10000672,Customer_672,496,France,Male,49,10,230226.28,2,0,1,195687.68,0
10000673,Customer_673,791,Germany,Female,41,3,203023.3,2,1,1,198058.98,0
10000674,Customer_674,445,Germany,Female,52,0,152464.77,1,1,0,101449.52,0
10000675,Customer_675,606,France,Female,35,4,164675.68,2,0,1,197003.45,0
10000676,Customer_676,674,Spain,Male,84,2,36817.11,1,0,0,122432.41,1
10000677,Customer_677,842,France,Female,71,9,117541.92,2,0,0,26807.2,0
10000678,Customer_678,353,France,Male,43,4,75249.41,1,1,0,162848.09,0
10000679,Customer_679,365,France,Female,77,2,107992.66,1,1,1,111621.85,0
10000680,Customer_680,629,France,Female,82,4,165561.72,1,1,0,68465.19,0
10000681,Customer_681,685,France,Male,68,3,37287.77,1,1,0,47244.68,0
10000682,Customer_682,596,Germany,Male,77,8,4343.99,2,0,1,103784.69,0
10000683,Customer_683,607,Germany,Female,76,5,99231.1,2,1,0,138353.5,1
10000684,Customer_684,846,Spain,Female,34,9,80546.08,1,1,0,175402.84,1
10000685,Customer_685,825,France,Male,38,1,105108.01,4,0,1,119732.14,0
10000686,Customer_686,733,France,Female,84,0,232805.23,1,1,0,83065.09,1
10000687,Customer_687,509,France,Female,45,0,176771.03,3,1,0,126430.87,1
10000688,Customer_688,824,France,Female,61,0,81864.69,2,1,1,99397.42,0
10000689,Customer_689,689,Germany,Female,87,8,44819.71,2,1,1,130402.35,0
10000690,Customer_690,501,Germany,Male,79,4,154619.57,1,1,1,121798.56,0
10000691,Customer_691,745,Spain,Female,59,3,164394.06,2,1,0,195736.9,1
10000692,Customer_692,527,France,Male,39,9,120905.67,2,1,1,124453.47,0
10000693,Customer_693,512,France,Male,55,4,53190.19,1,0,1,138211.15,0
10000694,Customer_694,729,France,Male,31,8,7138.82,1,0,1,178478.1,0
10000695,Customer_695,382,France,Female,43,2,66415.17,2,0,0,182605.21,0
10000696,Customer_696,766,Germany,Female,57,2,114292.62,2,1,1,28184.99,0
10000697,Customer_697,794,Spain,Male,71,1,196983.57,1,1,1,90767.01,0
10000698,Customer_698,528,France,Female,30,7,213438.46,2,1,1,188554.47,0
10000699,Customer_699,776,Spain,Female,36,6,103233.64,2,1,1,191954.26,0
10000700,Customer_700,450,Germany,Female,59,1,199031.01,1,1,1,38015.4,0
10000701,Customer_701,617,France,Female,58,3,248338.21,1,0,1,88747.0,1
10000702,Customer_702,672,Germany,Male,67,6,179152.59,2,1,1,55737.99,0
10000703,Customer_703,414,France,Male,20,0,182149.76,1,1,0,158149.57,1
10000704,Customer_704,766,France,Female,48,0,227384.13,1,1,0,170435.11,1
10000705,Customer_705,517,Germany,Male,32,7,84536.03,2,1,1,93854.99,0
10000706,Customer_706,679,Spain,Male,71,5,2801.35,4,1,1,135135.57,1
10000707,Customer_707,392,France,Female,70,1,246744.32,1,1,0,173994.69,1
10000708,Customer_708,393,France,Female,62,9,122617.02,2,0,1,141906.99,0
10000709,Customer_709,634,Spain,Female,55,9,196419.4,1,0,0,31294.56,0
10000710,Customer_710,746,Spain,Male,67,0,203122.78,1,1,0,142401.64,0
10000711,Customer_711,361,Germany,Male,41,2,99379.17,1,1,1,31798.68,0
10000712,Customer_712,444,France,Female,34,3,135318.26,1,1,1,130752.9,0
10000713,Customer_713,651,Spain,Male,35,4,134978.88,2,0,1,66714.06,0
10000714,Customer_714,735,France,Male,59,10,55054.0,2,1,0,11299.11,0
10000715,Customer_715,602,Germany,Male,34,9,29409.73,1,1,0,45304.85,0
10000716,Customer_716,848,France,Female,33,2,135893.08,2,0,1,93682.29,0
10000717,Customer_717,591,Germany,Male,69,4,30035.81,1,0,1,198803.31,0
10000718,Customer_718,384,France,Male,53,6,86522.18,2,1,0,51150.44,1
10000719,Customer_719,564,France,Male,56,10,46520.83,1,1,0,195756.73,0
10000720,Customer_720,686,France,Male,42,8,176729.03,1,1,1,72850.82,0
10000721,Customer_721,439,France,Male,59,4,218002.21,1,0,0,192002.63,1
10000722,Customer_722,613,Germany,Male,38,3,144478.65,1,0,0,191221.17,0
10000723,Customer_723,442,Spain,Female,85,9,102538.95,1,1,1,28588.95,1
10000724,Customer_724,759,Spain,Male,76,10,249160.66,1,1,0,165745.73,1
10000725,Customer_725,807,France,Male,47,8,5302.28,2,0,0,103467.73,1
10000726,Customer_726,439,Germany,Male,74,7,76085.27,2,1,0,137243.48,1
10000727,Customer_727,767,Germany,Male,50,4,69668.29,1,0,0,155217.58,0
10000728,Customer_728,464,France,Male,70,8,89050.9,1,1,1,24916.47,0
10000729,Customer_729,454,France,Male,33,10,57648.94,2,1,1,159796.71,0
10000730,Customer_730,740,Germany,Male,66,8,66065.71,3,1,0,60566.5,1
10000731,Customer_731,545,Spain,Female,22,0,64419.28,1,1,1,146476.89,0
10000732,Customer_732,663,Germany,Male,77,5,126436.01,2,0,0,114736.45,1
10000733,Customer_733,463,France,Female,88,10,97763.82,1,1,1,136936.48,0
10000734,Customer_734,842,Germany,Male,72,4,159820.03,2,0,0,124579.85,0
10000735,Customer_735,424,France,Male,52,5,128600.29,1,1,0,162086.19,0
10000736,Customer_736,762,Spain,Female,86,9,45855.46,1,1,1,178913.18,0
10000737,Customer_737,725,Germany,Male,59,2,202511.24,1,1,0,89826.48,1
10000738,Customer_738,769,France,Male,86,2,118048.8,1,1,0,78440.88,0
10000739,Customer_739,566,Spain,Female,41,9,38307.88,1,0,0,48446.4,1
10000740,Customer_740,626,France,Male,88,4,41719.96,2,1,0,162769.85,0
10000741,Customer_741,598,Spain,Male,88,6,199242.1,2,1,0,193403.11,1
10000742,Customer_742,513,France,Male,72,3,175748.3,2,0,0,39073.18,1
10000743,Customer_743,743,France,Female,31,5,126631.99,1,1,1,91574.44,0
10000744,Customer_744,706,France,Female,72,4,76520.38,1,1,1,154070.03,0
10000745,Customer_745,806,France,Male,32,1,115130.51,2,1,0,127212.59,0
10000746,Customer_746,757,France,Male,22,10,159120.88,1,0,0,163008.21,1
10000747,Customer_747,541,Germany,Female,21,0,219820.58,2,1,0,3239.89,1
10000748,Customer_748,576,Germany,Male,47,5,138966.97,2,1,0,182270.47,0
10000749,Customer_749,526,Germany,Male,70,4,69183.82,1,1,0,12280.68,1
10000750,Customer_750,448,France,Female,90,8,10684.98,2,0,1,89101.73,0
10000751,Customer_751,845,Germany,Male,47,6,43863.76,2,1,0,55160.85,1
10000752,Customer_752,385,France,Female,78,0,162544.41,2,1,0,185639.54,1
10000753,Customer_753,815,Germany,Female,88,9,40109.24,2,1,0,55036.6,1
10000754,Customer_754,846,France,Female,85,5,120384.89,1,1,1,74674.28,0
10000755,Customer_755,836,Spain,Male,72,10,174738.75,2,0,1,177669.24,0
10000756,Customer_756,445,Germany,Male,88,6,77056.23,2,1,1,107486.32,0
10000757,Customer_757,501,Germany,Male,90,2,167276.47,2,1,0,179641.46,0
10000758,Customer_758,500,France,Male,59,8,145268.02,2,1,0,132197.55,1
10000759,Customer_759,539,France,Male,46,10,109734.78,1,0,0,15848.45,1
10000760,Customer_760,573,France,Male,52,10,224311.37,1,1,0,86963.55,0
10000761,Customer_761,386,Spain,Male,62,1,173014.72,2,1,1,35286.76,0
10000762,Customer_762,617,Spain,Male,91,0,90149.26,1,1,0,13036.94,1
10000763,Customer_763,718,France,Male,46,9,201066.13,1,1,1,74770.67,0
10000764,Customer_764,532,Germany,Female,87,9,184525.55,1,1,0,181686.82,0
10000765,Customer_765,362,Germany,Female,20,8,197920.99,1,1,1,23543.69,0
10000766,Customer_766,628,Germany,Male,74,6,160239.0,1,1,1,1365.35,1
10000767,Customer_767,566,France,Female,83,9,94842.65,1,1,1,187018.54,0
10000768,Customer_768,704,France,Female,39,10,87144.63,1,1,1,106026.27,1
10000769,Customer_769,710,France,Male,44,0,163537.84,2,1,0,111720.91,1
10000770,Customer_770,635,Spain,Male,39,3,32725.0,2,0,1,185691.39,1
10000771,Customer_771,622,France,Male,91,9,204978.59,2,0,0,140039.05,0
10000772,Customer_772,718,France,Male,66,2,92583.85,1,1,0,165364.47,1
10000773,Customer_773,411,Spain,Male,41,10,157593.0,2,1,1,154101.22,0
10000774,Customer_774,433,Germany,Female,44,6,124765.98,2,0,0,122375.76,0
10000775,Customer_775,717,Spain,Male,53,4,129831.62,1,1,1,137683.17,0
10000776,Customer_776,566,France,Female,34,8,184501.54,1,1,1,112145.43,0
10000777,Customer_777,691,France,Male,73,10,156667.51,2,1,0,71086.55,1
10000778,Customer_778,746,Spain,Male,27,2,62577.25,2,0,1,57078.38,0
10000779,Customer_779,536,France,Male,71,10,18556.48,2,0,1,35197.96,0
10000780,Customer_780,368,France,Female,91,5,210058.52,1,1,1,70807.5,0
10000781,Customer_781,526,France,Male,91,9,221223.52,3,1,0,115383.91,0
10000782,Customer_782,449,France,Male,55,1,41124.13,1,1,0,117512.0,0
10000783,Customer_783,745,France,Female,21,2,77369.27,1,1,1,136687.35,0
10000784,Customer_784,794,Spain,Male,67,3,70585.6,1,1,0,175886.37,0
10000785,Customer_785,582,Spain,Male,78,5,234362.14,1,0,0,130373.46,0
10000786,Customer_786,752,Spain,Male,38,10,51194.35,2,1,0,34186.38,1
10000787,Customer_787,425,France,Female,53,0,41634.81,2,1,0,5150.27,0
10000788,Customer_788,614,France,Male,63,5,45459.64,2,1,1,39383.4,0
10000789,Customer_789,804,France,Male,88,3,182467.29,2,0,0,181621.49,0
10000790,Customer_790,633,Spain,Male,61,7,222004.96,2,1,0,113535.68,1
10000791,Customer_791,555,France,Male,81,8,98341.85,4,0,0,169723.05,0
10000792,Customer_792,572,Germany,Female,35,7,34019.98,2,1,0,46870.11,0
10000793,Customer_793,733,Germany,Female,30,7,146430.5,2,0,1,141979.31,0
10000794,Customer_794,401,France,Male,30,1,52483.74,2,1,1,146337.79,0
10000795,Customer_795,688,France,Male,42,9,16037.86,1,1,1,161909.13,0
10000796,Customer_796,716,Spain,Male,22,1,221557.84,1,1,0,107107.94,0
10000797,Customer_797,493,Spain,Female,56,5,217710.32,1,1,1,158704.58,0
10000798,Customer_798,722,France,Male,46,4,243977.54,2,1,1,187089.58,0
10000799,Customer_799,418,France,Male,74,5,118501.19,2,1,0,191479.16,0
10000800,Customer_800,448,Spain,Female,63,8,73500.3,2,1,1,25096.94,0
10000801,Customer_801,745,France,Male,50,9,192445.94,1,1,1,124865.67,0
10000802,Customer_802,374,France,Female,27,6,45123.73,1,1,0,22706.95,1
10000803,Customer_803,785,France,Male,75,4,60823.02,3,1,1,184517.96,0
10000804,Customer_804,728,Germany,Male,42,9,63920.66,1,1,1,191079.26,0
10000805,Customer_805,818,France,Male,91,6,237904.85,2,1,0,99923.91,0
10000806,Customer_806,833,France,Male,56,7,182455.73,2,1,0,191979.08,0
10000807,Customer_807,402,France,Male,33,10,33423.7,2,1,0,153250.9,0
10000808,Customer_808,500,Germany,Male,77,0,23211.47,2,0,1,139191.11,1
10000809,Customer_809,493,Spain,Female,45,9,210703.71,1,1,0,116156.17,1
10000810,Customer_810,406,Spain,Male,61,10,200568.58,2,1,1,81362.04,0
10000811,Customer_811,388,Spain,Female,75,10,167748.64,1,1,1,192756.42,1
10000812,Customer_812,458,Germany,Female,49,6,49025.16,2,1,1,39419.1,0
10000813,Customer_813,530,France,Female,80,3,120070.88,1,1,0,160509.75,1
10000814,Customer_814,391,France,Female,62,4,150681.49,2,0,0,73497.55,0
10000815,Customer_815,535,Spain,Male,70,1,233034.38,4,0,0,150651.86,0
10000816,Customer_816,772,France,Male,78,9,42355.94,3,1,1,32746.74,0
10000817,Customer_817,747,France,Male,67,4,128861.7,1,1,0,74667.76,0
10000818,Customer_818,572,Germany,Male,44,8,39437.91,2,0,0,189229.86,0
10000819,Customer_819,471,France,Male,43,0,110962.34,1,1,1,111463.92,0
10000820,Customer_820,482,France,Male,20,2,50033.74,1,0,0,98255.39,0
10000821,Customer_821,512,Spain,Female,56,3,209046.55,1,1,1,150424.12,1
10000822,Customer_822,564,Spain,Female,82,8,63684.07,2,1,1,83417.15,0
10000823,Customer_823,570,France,Male,52,1,104276.18,1,1,0,98610.49,1
10000824,Customer_824,584,Spain,Male,70,6,101946.91,1,1,1,112126.23,0
10000825,Customer_825,680,Germany,Male,63,8,216573.74,2,1,0,197997.49,1
10000826,Customer_826,495,Germany,Male,85,9,189449.37,1,0,1,161076.79,0
10000827,Customer_827,588,France,Male,39,3,14393.87,1,1,1,7970.62,0
10000828,Customer_828,425,France,Female,77,4,16771.86,2,1,0,156725.94,1
10000829,Customer_829,358,Germany,Male,23,9,137799.31,2,1,1,100600.58,0
10000830,Customer_830,423,Spain,Male,69,3,106929.76,2,1,0,46141.6,1
10000831,Customer_831,791,Germany,Male,90,6,68896.06,1,1,1,170702.08,1
10000832,Customer_832,841,France,Female,90,7,198155.23,1,0,0,54114.38,1
10000833,Customer_833,750,France,Female,46,7,32158.79,1,0,0,64089.7,0
10000834,Customer_834,602,Spain,Female,60,2,243514.23,1,1,0,12609.0,0
10000835,Customer_835,579,France,Male,91,1,6025.63,1,0,1,195521.24,1
10000836,Customer_836,356,Germany,Male,51,5,29557.68,2,1,1,159078.72,1
10000837,Customer_837,523,France,Male,48,0,77829.16,1,0,1,29629.72,0
10000838,Customer_838,490,France,Male,63,8,127287.27,1,1,1,97915.57,0
10000839,Customer_839,517,Germany,Female,21,6,54034.04,1,1,0,67356.73,0
10000840,Customer_840,519,Germany,Male,19,7,184053.79,1,0,1,6489.46,0
10000841,Customer_841,742,France,Male,22,6,89385.48,1,1,0,185445.01,1
10000842,Customer_842,783,France,Female,63,4,9634.58,1,1,0,167883.81,0
10000843,Customer_843,632,Spain,Male,36,4,219430.49,1,0,0,197385.67,0
10000844,Customer_844,471,France,Female,55,6,235966.42,2,1,0,48511.29,1
10000845,Customer_845,543,Germany,Male,76,6,154640.91,2,0,0,139886.72,0
10000846,Customer_846,354,Spain,Male,89,1,201634.1,2,1,0,23643.56,0
10000847,Customer_847,378,France,Male,37,1,30277.88,1,1,0,86284.9,0
10000848,Customer_848,514,Spain,Female,85,6,67205.07,1,0,1,169349.6,0
10000849,Customer_849,771,France,Male,70,4,81307.92,2,1,0,1622.46,1
10000850,Customer_850,688,Germany,Male,72,1,240188.29,1,1,1,96145.82,1
10000851,Customer_851,485,France,Male,56,0,128055.66,2,1,0,86945.53,0
10000852,Customer_852,845,Spain,Female,53,8,1853.39,2,1,1,138203.09,0
10000853,Customer_853,714,France,Female,75,10,95046.46,2,0,0,47593.66,1
10000854,Customer_854,670,France,Male,32,7,1937.65,1,1,1,34665.75,0
10000855,Customer_855,691,Spain,Male,18,1,59451.44,1,1,1,130143.77,0
10000856,Customer_856,849,Germany,Female,26,1,113675.02,2,1,1,128255.19,0
10000857,Customer_857,494,Germany,Female,40,2,80848.26,2,1,0,150359.48,1
10000858,Customer_858,676,France,Female,69,3,8183.55,2,0,0,49390.98,0
10000859,Customer_859,566,Germany,Male,43,8,29083.93,1,1,1,3275.97,0
10000860,Customer_860,650,France,Male,77,5,137721.64,2,1,0,175592.89,1
10000861,Customer_861,481,France,Female,35,2,173901.23,3,0,0,41276.43,1
10000862,Customer_862,641,Germany,Male,75,7,101137.25,2,0,1,83600.12,0
10000863,Customer_863,419,France,Male,82,5,182870.44,1,1,0,93705.95,0
10000864,Customer_864,601,Spain,Male,86,7,40833.22,2,0,0,37475.92,0
10000865,Customer_865,764,Spain,Male,31,9,30514.49,2,1,1,104171.19,0
10000866,Customer_866,624,Germany,Female,63,1,209863.43,2,1,1,182859.07,0
10000867,Customer_867,794,Spain,Female,86,7,84803.34,2,0,1,54278.8,0
10000868,Customer_868,713,Germany,Male,49,10,108061.98,2,1,1,104073.22,1
10000869,Customer_869,531,France,Female,68,4,236895.4,2,1,0,61746.88,0
10000870,Customer_870,516,Spain,Female,86,9,106028.08,1,1,1,196145.3,0
10000871,Customer_871,440,France,Female,32,3,872.53,1,1,0,44128.27,1
10000872,Customer_872,551,France,Female,70,2,234492.98,1,1,1,21875.85,0
10000873,Customer_873,695,Spain,Female,88,8,3529.66,1,1,0,28533.12,0
10000874,Customer_874,368,Germany,Female,86,9,165571.57,2,1,1,73416.88,0
10000875,Customer_875,388,Spain,Male,32,6,80722.73,1,1,0,110575.23,0
10000876,Customer_876,475,France,Female,47,6,117597.69,1,1,1,133605.86,0
10000877,Customer_877,800,Germany,Male,41,5,136821.29,1,1,0,112487.44,0
10000878,Customer_878,522,France,Male,52,8,102115.01,1,0,1,181108.35,1
10000879,Customer_879,490,Germany,Male,86,2,193592.2,2,0,1,72065.25,0
10000880,Customer_880,591,Spain,Male,29,0,232676.6,2,1,1,142469.89,0
10000881,Customer_881,569,Germany,Female,63,6,21603.01,2,1,1,53644.27,0
10000882,Customer_882,475,France,Male,86,8,200063.22,1,1,0,136355.49,1
10000883,Customer_883,407,France,Female,53,5,32167.79,1,0,1,185163.71,1
10000884,Customer_884,497,France,Female,65,9,20069.3,2,1,0,195680.99,0
10000885,Customer_885,825,Germany,Female,84,1,238957.86,1,1,1,145941.78,1
10000886,Customer_886,805,Spain,Male,71,7,122324.45,2,1,0,188489.93,0
10000887,Customer_887,666,France,Male,53,8,38150.82,2,1,1,136090.36,0
10000888,Customer_888,732,Germany,Male,69,9,142489.28,1,1,1,192639.65,0
10000889,Customer_889,710,Spain,Male,39,7,65809.28,2,0,0,179605.24,0
10000890,Customer_890,772,Germany,Female,55,8,116077.25,1,1,1,21333.76,0
10000891,Customer_891,350,Germany,Female,79,0,156164.9,2,1,0,94830.42,0
10000892,Customer_892,736,Spain,Male,82,2,217317.46,1,1,1,69497.16,0
10000893,Customer_893,810,France,Female,20,2,770.35,1,0,0,5410.52,1
10000894,Customer_894,697,France,Male,25,8,53535.17,2,0,0,93386.71,0
10000895,Customer_895,539,France,Male,56,2,24067.64,1,1,1,29679.61,0
10000896,Customer_896,540,Spain,Female,35,9,24274.43,2,1,1,7301.18,0
10000897,Customer_897,718,Spain,Male,20,0,236444.35,2,1,0,89009.73,0
10000898,Customer_898,758,Spain,Female,35,2,234020.73,1,1,1,46485.55,0
10000899,Customer_899,661,France,Female,18,1,187327.02,1,1,0,187059.07,1
10000900,Customer_900,766,France,Female,43,8,160765.76,1,0,0,162541.52,0
10000901,Customer_901,771,France,Male,69,0,211992.61,1,1,1,191234.71,0
10000902,Customer_902,466,France,Male,29,10,14602.18,1,0,0,176294.29,1
10000903,Customer_903,483,Germany,Male,55,1,29871.45,2,1,1,145594.27,0
10000904,Customer_904,407,Spain,Female,58,0,79278.23,1,1,1,119532.94,0
10000905,Customer_905,393,Spain,Male,70,8,208123.09,1,1,1,13101.19,0
10000906,Customer_906,522,Germany,Male,30,6,118058.14,1,1,0,53169.52,1
10000907,Customer_907,509,France,Female,30,0,125893.69,2,0,1,142151.39,0
10000908,Customer_908,522,France,Female,35,9,57316.36,2,1,0,80242.72,0
10000909,Customer_909,666,France,Female,36,5,162096.87,2,0,0,65080.28,0
10000910,Customer_910,652,Spain,Female,36,4,221960.54,1,0,0,20803.48,0
10000911,Customer_911,498,Spain,Male,87,9,82378.55,1,0,1,14047.05,0
10000912,Customer_912,429,France,Male,65,10,154796.48,1,1,0,42006.25,0
10000913,Customer_913,723,France,Male,88,4,82987.24,1,1,0,166916.98,0
10000914,Customer_914,562,France,Male,88,3,198179.78,2,1,0,132606.9,0
10000915,Customer_915,552,France,Female,45,2,118739.93,2,1,0,68196.58,1
10000916,Customer_916,601,France,Male,36,7,84867.26,1,1,1,12216.02,0
10000917,Customer_917,578,France,Female,65,6,105012.21,2,1,1,37683.43,0
10000918,Customer_918,513,France,Male,46,4,22806.88,2,1,1,89983.02,0
10000919,Customer_919,576,Spain,Male,65,8,216529.29,2,1,1,30652.9,1
10000920,Customer_920,496,Germany,Female,36,6,239517.26,1,1,0,152522.7,1
10000921,Customer_921,369,France,Male,64,9,119353.54,1,0,1,157729.33,0
10000922,Customer_922,790,France,Female,77,1,55334.3,1,0,1,27383.72,0
10000923,Customer_923,751,France,Female,65,6,166164.05,1,1,1,145377.27,0
10000924,Customer_924,396,France,Female,37,6,113095.37,1,1,0,102453.19,1
10000925,Customer_925,582,France,Male,36,3,63075.02,2,1,0,192476.72,0
10000926,Customer_926,654,Germany,Female,59,7,9608.29,1,1,0,157515.88,0
10000927,Customer_927,363,Germany,Male,66,3,222426.11,2,1,1,117064.21,1
10000928,Customer_928,492,Spain,Female,32,6,199183.59,2,1,0,120727.94,1
10000929,Customer_929,764,France,Male,77,3,207251.51,1,1,1,35791.45,0
10000930,Customer_930,350,Spain,Male,85,7,109959.93,1,1,0,178726.66,1
10000931,Customer_931,722,France,Female,44,2,188313.85,2,0,0,111854.4,0
10000932,Customer_932,403,France,Male,72,1,145306.32,2,1,0,114824.08,0
10000933,Customer_933,723,Germany,Female,32,9,93693.82,3,1,1,115088.34,0
10000934,Customer_934,608,Germany,Male,69,5,210685.52,2,1,1,55255.11,0
10000935,Customer_935,493,Spain,Female,48,6,249689.39,2,1,1,162420.19,0
10000936,Customer_936,820,Germany,Female,24,6,224820.58,2,1,0,172469.41,0
10000937,Customer_937,790,Spain,Male,30,5,194047.99,1,1,0,57584.81,1
10000938,Customer_938,808,Spain,Female,71,10,186876.99,2,0,1,88360.16,0
10000939,Customer_939,361,Germany,Female,30,7,162562.21,2,1,1,35839.21,0
10000940,Customer_940,679,Germany,Female,37,5,213404.37,1,0,0,47716.87,0
10000941,Customer_941,573,Germany,Male,27,5,123270.31,1,0,1,67203.87,1
10000942,Customer_942,621,Spain,Female,69,2,45432.38,2,1,0,180398.95,0
10000943,Customer_943,805,Spain,Male,54,1,192012.43,3,1,1,125236.04,0
10000944,Customer_944,707,France,Male,69,6,229876.59,1,1,0,117594.33,0
10000945,Customer_945,809,Spain,Male,44,5,85338.07,2,1,1,189352.08,0
10000946,Customer_946,757,France,Female,51,0,195745.82,2,0,0,158266.39,1
10000947,Customer_947,505,France,Female,79,1,68430.68,2,0,1,3220.94,0
10000948,Customer_948,722,France,Male,33,1,235650.07,2,1,0,24876.56,0
10000949,Customer_949,357,Germany,Female,76,0,170865.25,2,1,1,49559.02,0
10000950,Customer_950,471,Spain,Female,38,2,142319.0,1,1,0,60791.77,1
10000951,Customer_951,697,France,Male,33,4,194967.54,1,1,1,166814.27,0
10000952,Customer_952,513,France,Female,30,3,203307.79,1,0,1,153984.25,0
10000953,Customer_953,439,France,Male,50,1,223092.47,1,1,1,29098.88,0
10000954,Customer_954,485,Germany,Male,71,7,225279.88,1,1,1,106791.67,1
10000955,Customer_955,535,France,Male,86,8,13172.71,1,1,1,21833.08,0
10000956,Customer_956,665,France,Female,44,7,30726.9,2,1,1,34585.93,1
10000957,Customer_957,527,France,Female,69,6,206515.22,1,0,1,48445.87,1
10000958,Customer_958,377,France,Male,82,9,236512.91,2,0,0,181060.05,0
10000959,Customer_959,569,France,Male,61,1,76917.96,1,1,0,73151.35,1
10000960,Customer_960,706,Germany,Male,47,5,2150.45,1,0,1,183164.43,0
10000961,Customer_961,390,France,Female,40,10,80676.3,1,0,0,150150.89,0
10000962,Customer_962,577,Germany,Female,33,3,95716.03,1,0,1,149883.95,0
10000963,Customer_963,541,France,Female,72,4,190258.34,1,1,0,160700.48,0
10000964,Customer_964,760,France,Female,35,8,11896.17,1,1,0,19203.1,0
10000965,Customer_965,796,France,Female,34,8,53160.06,2,0,1,162925.44,0
10000966,Customer_966,494,Germany,Male,69,3,223492.15,1,0,0,50524.93,1
10000967,Customer_967,550,Spain,Male,62,7,38705.1,1,1,0,196786.46,1
10000968,Customer_968,766,Spain,Female,73,10,189811.91,1,1,0,169642.3,1
10000969,Customer_969,561,Germany,Male,71,4,90327.6,2,1,0,199329.14,0
10000970,Customer_970,810,France,Male,26,8,165665.05,1,0,1,187423.95,0
10000971,Customer_971,569,Spain,Male,34,1,18461.63,1,1,1,71952.89,0
10000972,Customer_972,589,Germany,Male,44,3,71639.49,1,0,1,188338.64,0
10000973,Customer_973,762,France,Female,54,2,106197.43,2,1,1,66053.36,1
10000974,Customer_974,746,Spain,Female,39,6,214303.16,1,1,1,131858.29,0
10000975,Customer_975,395,France,Male,89,1,140873.96,1,1,1,163732.02,0
10000976,Customer_976,384,France,Female,84,2,11306.32,2,1,0,76400.74,0
10000977,Customer_977,602,France,Male,55,8,200466.64,2,1,0,40782.21,0
10000978,Customer_978,739,France,Female,89,7,13630.37,1,1,1,178978.55,0
10000979,Customer_979,431,Germany,Male,61,1,233591.64,1,0,0,20666.23,0
10000980,Customer_980,720,France,Female,53,5,52929.36,3,0,0,73002.07,1
10000981,Customer_981,605,France,Female,42,2,121981.54,1,1,0,108119.58,1
10000982,Customer_982,546,France,Female,59,5,18070.24,1,1,0,160952.08,1
10000983,Customer_983,652,Germany,Female,30,4,140428.1,1,1,1,173770.43,0
10000984,Customer_984,758,Germany,Female,73,9,124307.18,2,1,1,102332.02,0
10000985,Customer_985,799,France,Male,68,3,102562.13,1,0,0,114684.04,1
10000986,Customer_986,359,France,Female,67,6,8893.23,1,1,0,170766.73,1
10000987,Customer_987,661,France,Male,69,10,219734.09,1,0,1,93408.31,1
10000988,Customer_988,635,Spain,Male,50,9,200659.15,1,0,0,111825.43,1
10000989,Customer_989,591,France,Male,42,6,158257.51,3,0,1,3698.56,0
10000990,Customer_990,600,France,Female,75,3,143057.5,1,1,1,190224.28,0
10000991,Customer_991,714,France,Male,57,2,173736.61,1,1,0,113360.41,0
10000992,Customer_992,354,Germany,Male,55,3,35997.5,1,0,1,145517.86,0
10000993,Customer_993,468,Germany,Female,20,1,233161.06,2,1,0,49590.87,1
10000994,Customer_994,638,France,Female,33,3,71168.32,1,1,0,131321.47,0
10000995,Customer_995,723,France,Male,19,3,164122.57,2,0,0,92011.08,0
10000996,Customer_996,414,France,Female,40,4,151688.92,1,0,1,22503.79,0
10000997,Customer_997,495,Spain,Male,47,0,159153.49,2,0,0,166035.11,1
10000998,Customer_998,573,Spain,Female,27,1,219738.03,1,1,0,167869.51,0
10000999,Customer_999,588,Germany,Female,82,7,73977.8,1,1,0,12752.95,0
10001000,Customer_1000,526,Germany,Male,39,7,187237.05,2,1,0,78127.75,0
10001001,Customer_1001,616,France,Female,69,7,149597.77,1,0,0,56296.42,0
10001002,Customer_1002,690,Germany,Male,73,4,19015.08,2,1,0,103279.18,1
10001003,Customer_1003,631,Germany,Male,50,7,103538.67,1,1,0,97764.83,1
10001004,Customer_1004,412,France,Female,47,8,209487.89,2,1,0,131289.27,0
10001005,Customer_1005,566,Spain,Male,41,3,78836.85,1,0,1,49505.81,0
10001006,Customer_1006,691,France,Female,22,3,120565.97,1,1,0,44348.45,0
10001007,Customer_1007,664,France,Male,70,6,122159.64,1,1,1,144668.37,0
10001008,Customer_1008,632,Germany,Male,72,4,154502.47,1,1,0,195241.3,1
10001009,Customer_1009,526,Germany,Female,40,10,221004.46,1,1,0,189269.47,0
10001010,Customer_1010,810,Germany,Male,27,9,43384.8,1,1,1,158399.53,0
10001011,Customer_1011,766,France,Male,50,0,126154.22,2,0,0,13503.87,0
10001012,Customer_1012,447,Spain,Male,79,7,106066.81,2,1,0,47563.18,0
10001013,Customer_1013,454,Germany,Female,44,3,73980.02,1,0,1,137928.89,0
10001014,Customer_1014,448,France,Male,24,7,229902.04,2,0,1,59162.27,0
10001015,Customer_1015,734,Spain,Male,44,1,2042.77,1,1,1,78731.33,0
10001016,Customer_1016,754,Germany,Male,91,3,30526.2,2,1,1,190737.18,0
10001017,Customer_1017,845,France,Male,27,1,183336.11,1,0,1,17271.5,0
10001018,Customer_1018,660,Spain,Male,74,4,65860.4,1,1,0,172250.6,0
10001019,Customer_1019,355,France,Female,47,9,180794.82,2,1,1,10070.07,0
10001020,Customer_1020,825,France,Female,20,9,208063.4,1,1,1,67595.76,0
10001021,Customer_1021,814,France,Male,46,7,63654.0,2,1,1,111085.15,0
10001022,Customer_1022,546,Spain,Male,31,10,47986.07,2,1,1,71283.92,0
10001023,Customer_1023,700,France,Female,42,6,36325.16,2,1,0,191431.88,0
10001024,Customer_1024,482,Germany,Male,27,10,50022.15,2,1,0,100880.47,0
10001025,Customer_1025,707,France,Male,66,4,66796.35,1,1,1,146770.73,0
10001026,Customer_1026,608,Germany,Female,55,10,217187.45,2,0,1,140416.34,0
10001027,Customer_1027,786,Germany,Female,88,6,192501.1,1,1,1,167020.28,0
10001028,Customer_1028,372,Germany,Male,31,4,461.08,2,1,0,172784.32,1
10001029,Customer_1029,834,France,Male,47,6,218529.79,1,0,1,93269.27,0
10001030,Customer_1030,402,Germany,Male,57,3,19703.07,1,1,0,172602.06,1
10001031,Customer_1031,514,Spain,Male,29,3,163816.4,2,1,1,130693.78,0
10001032,Customer_1032,551,Germany,Female,31,9,37868.69,2,0,1,137215.65,0
10001033,Customer_1033,807,France,Female,18,3,15568.95,3,1,1,34656.41,0
10001034,Customer_1034,432,Spain,Female,85,10,189942.67,1,0,1,49028.2,1
10001035,Customer_1035,494,France,Male,66,7,116800.78,1,0,1,137536.37,0
10001036,Customer_1036,434,Germany,Male,35,0,149765.63,2,1,0,53134.81,1
10001037,Customer_1037,427,Spain,Male,53,9,106338.25,1,1,1,98013.61,1
10001038,Customer_1038,806,France,Female,81,4,16792.97,2,1,0,97998.67,0
10001039,Customer_1039,715,France,Female,45,9,184904.54,2,1,0,46815.77,1
10001040,Customer_1040,350,France,Male,49,1,205087.78,2,0,0,113303.58,0
10001041,Customer_1041,400,Germany,Male,89,9,10355.14,2,0,1,112756.01,1
10001042,Customer_1042,522,Germany,Female,42,3,93929.3,2,1,0,25812.77,0
10001043,Customer_1043,554,France,Male,64,4,139329.13,1,0,0,76229.77,0
10001044,Customer_1044,609,France,Male,37,7,151295.86,3,1,1,73172.23,1
10001045,Customer_1045,795,France,Male,50,1,144538.24,1,0,0,112422.54,0
10001046,Customer_1046,798,France,Male,47,1,173235.16,1,1,0,149869.0,0
10001047,Customer_1047,718,France,Female,54,1,241704.05,2,1,1,3657.41,0
10001048,Customer_1048,837,Spain,Female,70,7,97646.63,2,0,0,26521.79,1
10001049,Customer_1049,637,France,Female,91,2,139155.89,2,1,1,60406.66,0
10001050,Customer_1050,383,Spain,Female,86,4,174769.66,1,1,1,162084.73,0
10001051,Customer_1051,697,Germany,Female,25,1,148105.96,2,1,0,96109.27,1
10001052,Customer_1052,444,France,Male,18,5,96687.76,2,1,0,102182.7,0
10001053,Customer_1053,421,Germany,Male,24,9,156019.82,2,0,0,81848.16,0
10001054,Customer_1054,388,Germany,Male,79,5,162527.88,1,1,1,83035.38,0
10001055,Customer_1055,503,France,Male,75,1,146242.12,2,1,1,195511.63,0
10001056,Customer_1056,599,France,Female,90,3,51277.67,2,1,0,179729.29,0
10001057,Customer_1057,511,France,Female,25,10,126495.34,2,1,0,145176.49,1
10001058,Customer_1058,787,France,Female,81,1,221089.2,1,0,1,64824.08,0
10001059,Customer_1059,467,France,Male,25,9,217150.47,1,0,1,102742.76,1
10001060,Customer_1060,608,France,Male,20,3,187696.98,1,1,1,137885.99,0
10001061,Customer_1061,728,France,Male,75,10,174298.88,1,1,0,78921.72,0
10001062,Customer_1062,655,France,Female,49,6,38319.78,1,1,1,104899.83,0
10001063,Customer_1063,617,France,Male,85,4,114866.17,2,1,0,29151.57,1
10001064,Customer_1064,798,France,Male,66,9,27737.83,2,1,0,18725.3,0
10001065,Customer_1065,403,France,Male,55,3,204321.11,1,0,1,33471.11,0
10001066,Customer_1066,585,Spain,Female,19,9,72760.8,1,1,0,151134.12,0
10001067,Customer_1067,738,France,Female,26,9,191716.47,1,1,0,38001.32,1
10001068,Customer_1068,827,Germany,Female,63,2,203644.72,1,1,0,184945.16,1
10001069,Customer_1069,571,France,Female,82,5,223124.02,2,0,0,73716.72,0
10001070,Customer_1070,600,Spain,Male,66,1,188457.52,1,0,1,33815.7,0
10001071,Customer_1071,662,France,Male,46,3,141182.25,2,0,0,165050.75,0
10001072,Customer_1072,750,Spain,Male,46,7,149546.23,1,1,1,91335.35,0
10001073,Customer_1073,461,Germany,Female,50,1,80145.57,2,0,1,77698.7,1
10001074,Customer_1074,604,France,Female,45,8,44249.05,2,1,1,65898.01,0
10001075,Customer_1075,652,Spain,Male,43,1,32659.05,1,0,0,66109.86,0
10001076,Customer_1076,756,Germany,Male,46,7,45505.88,2,0,0,132691.9,1
10001077,Customer_1077,556,France,Female,28,7,233487.97,1,1,1,108134.68,0
10001078,Customer_1078,578,Spain,Male,51,6,41108.31,1,1,0,93534.18,1
10001079,Customer_1079,690,Spain,Female,65,9,180934.36,2,0,1,89414.38,0
10001080,Customer_1080,747,France,Male,44,5,46157.14,2,0,1,28409.65,1
10001081,Customer_1081,415,France,Male,89,0,243822.44,2,1,1,165577.32,1
10001082,Customer_1082,424,Spain,Male,57,1,91646.13,1,0,1,185370.35,0
10001083,Customer_1083,784,Germany,Female,48,6,103034.11,1,1,0,160443.44,0
10001084,Customer_1084,452,Spain,Male,82,10,101127.89,1,1,0,90259.44,0
10001085,Customer_1085,771,Germany,Male,56,3,204114.8,1,1,1,194439.03,0
10001086,Customer_1086,541,France,Female,41,8,54572.63,1,0,0,123733.07,0
10001087,Customer_1087,601,Spain,Male,85,2,207756.18,2,0,0,154819.06,0
10001088,Customer_1088,575,France,Male,40,3,164264.71,2,1,1,148247.51,0
10001089,Customer_1089,643,France,Female,78,2,55070.04,2,0,1,141565.89,0
10001090,Customer_1090,655,Germany,Male,44,6,16351.89,2,1,0,128401.22,0
10001091,Customer_1091,447,Germany,Male,33,1,193748.14,1,1,0,42331.09,0
10001092,Customer_1092,687,France,Female,62,9,54740.76,1,0,0,58898.51,0
10001093,Customer_1093,635,Spain,Female,44,1,222266.71,1,1,0,177344.75,0
10001094,Customer_1094,684,France,Female,90,1,32446.32,1,1,1,36000.95,0
10001095,Customer_1095,696,France,Female,22,3,154091.14,2,1,0,30401.66,1
10001096,Customer_1096,784,Spain,Male,76,7,173042.1,2,1,0,56840.03,0
10001097,Customer_1097,796,France,Male,89,7,164425.6,2,0,0,72505.63,1
10001098,Customer_1098,831,France,Male,52,7,79007.45,1,1,0,110630.82,0
10001099,Customer_1099,657,France,Female,87,7,218880.88,2,0,1,121111.95,0
10001100,Customer_1100,598,Spain,Male,63,6,192451.33,1,1,1,158136.77,0
10001101,Customer_1101,515,France,Male,73,5,127551.59,2,0,1,14691.53,1
10001102,Customer_1102,830,France,Female,41,6,150823.26,2,1,1,41655.53,0
10001103,Customer_1103,821,Germany,Female,27,4,141592.81,1,1,0,101037.82,0
10001104,Customer_1104,684,France,Female,55,7,236674.64,1,1,0,50170.76,1
10001105,Customer_1105,379,France,Female,87,1,224103.31,2,1,1,174698.43,0
10001106,Customer_1106,596,Germany,Male,65,4,58874.32,2,1,1,128037.55,1
10001107,Customer_1107,455,France,Female,26,6,65689.94,1,1,1,98052.37,0
10001108,Customer_1108,400,Spain,Male,67,8,245359.52,2,1,1,99.72,0
10001109,Customer_1109,430,France,Male,86,9,59140.18,2,1,0,171731.2,1
10001110,Customer_1110,482,France,Female,65,0,238369.83,1,1,1,92178.01,0
10001111,Customer_1111,634,France,Female,56,10,162438.43,1,1,1,106287.0,0
10001112,Customer_1112,737,France,Female,22,8,12527.36,1,1,1,139657.61,0
10001113,Customer_1113,487,Germany,Female,28,2,83931.8,1,1,0,187491.77,1
10001114,Customer_1114,533,France,Female,77,0,119038.52,1,0,0,31651.26,1
10001115,Customer_1115,750,France,Male,44,6,208273.22,1,1,1,14247.05,0
10001116,Customer_1116,679,Germany,Female,24,2,82146.35,1,1,0,24391.44,1
10001117,Customer_1117,622,Germany,Female,77,7,77644.58,1,0,0,148147.69,0
10001118,Customer_1118,689,France,Female,67,10,230065.81,2,0,0,25865.14,0
10001119,Customer_1119,821,France,Male,84,1,19758.59,2,0,0,100201.69,0
10001120,Customer_1120,418,France,Male,86,3,137880.3,1,1,1,141302.22,0
10001121,Customer_1121,383,France,Female,72,1,126059.82,2,1,0,142555.52,0
10001122,Customer_1122,611,France,Male,33,10,14333.69,1,0,1,81277.06,0
10001123,Customer_1123,402,Germany,Female,29,3,21939.81,2,1,0,139726.2,0
10001124,Customer_1124,799,Spain,Male,44,0,95491.86,2,1,1,190002.77,0
10001125,Customer_1125,554,France,Male,50,9,33540.3,1,1,1,5606.46,0
10001126,Customer_1126,475,France,Female,72,4,119517.98,2,0,1,134279.64,1
10001127,Customer_1127,584,France,Male,69,2,152222.22,2,1,1,104528.87,0
10001128,Customer_1128,392,France,Female,54,8,172849.17,1,1,0,42526.37,0
10001129,Customer_1129,589,France,Male,32,3,136617.52,2,0,1,61550.05,0
10001130,Customer_1130,808,Spain,Male,82,5,94915.0,2,1,0,167431.9,1
10001131,Customer_1131,720,Germany,Male,85,8,32439.66,3,0,1,117384.16,1
10001132,Customer_1132,460,Spain,Female,20,1,61871.35,1,1,0,2916.91,0
10001133,Customer_1133,598,Spain,Male,89,6,104855.42,3,1,0,193072.65,1
10001134,Customer_1134,500,France,Female,22,2,231028.62,2,1,1,133240.52,0
10001135,Customer_1135,532,Germany,Female,26,0,50650.15,2,1,1,88534.68,0
10001136,Customer_1136,685,France,Female,18,8,103336.06,1,1,0,142469.85,0
10001137,Customer_1137,444,France,Female,47,8,183077.21,1,1,1,40922.56,0
10001138,Customer_1138,808,Spain,Male,88,10,176300.84,1,0,0,52101.6,0
10001139,Customer_1139,723,France,Male,37,3,241398.15,1,1,0,30434.58,0
10001140,Customer_1140,749,Spain,Female,44,8,47725.32,1,1,1,79421.24,0
10001141,Customer_1141,357,France,Male,80,6,4129.9,1,0,0,180941.11,1
10001142,Customer_1142,737,Spain,Female,48,3,80580.82,3,0,0,77724.8,0
10001143,Customer_1143,709,Spain,Female,36,1,37423.15,2,1,1,57624.97,0
10001144,Customer_1144,737,Germany,Male,79,4,137117.26,2,0,1,140716.03,1
10001145,Customer_1145,533,Germany,Female,24,7,224694.76,2,1,0,173922.55,1
10001146,Customer_1146,630,France,Female,54,9,172056.71,2,1,1,48854.75,0
10001147,Customer_1147,544,Spain,Male,88,9,33949.71,1,1,1,161586.45,0
10001148,Customer_1148,701,Spain,Female,25,5,29022.51,2,1,1,60968.62,0
10001149,Customer_1149,544,Spain,Male,74,10,227862.45,2,1,1,49471.52,1
10001150,Customer_1150,504,Germany,Male,45,4,121902.39,1,0,1,94597.16,0
10001151,Customer_1151,442,Germany,Female,34,3,230918.25,1,1,0,13356.43,1
10001152,Customer_1152,509,Spain,Female,28,10,184054.43,1,1,0,172448.79,0
10001153,Customer_1153,783,Germany,Female,32,5,248337.12,2,1,1,174869.52,0
10001154,Customer_1154,410,Spain,Female,47,10,217806.94,1,0,1,135478.89,0
10001155,Customer_1155,471,Germany,Female,23,2,103553.05,2,0,0,60584.74,1
10001156,Customer_1156,400,France,Female,29,1,189556.96,1,0,1,33350.92,0
10001157,Customer_1157,752,France,Female,78,0,117807.04,2,1,0,139764.28,1
10001158,Customer_1158,626,France,Female,53,8,58268.07,2,1,0,20627.6,0
10001159,Customer_1159,354,France,Female,52,0,60257.31,2,1,0,82228.14,1
10001160,Customer_1160,815,France,Female,84,10,99330.54,2,0,1,17771.82,0
10001161,Customer_1161,441,Germany,Female,80,3,27866.56,1,1,0,85297.66,1
10001162,Customer_1162,519,France,Female,57,5,44441.57,2,1,1,26908.37,0
10001163,Customer_1163,666,France,Male,48,8,125152.17,2,1,1,6447.48,1
10001164,Customer_1164,371,Germany,Female,54,3,238480.62,2,1,0,89952.93,0
10001165,Customer_1165,754,Spain,Female,22,6,144421.59,2,1,0,113543.53,1
10001166,Customer_1166,675,Germany,Female,21,6,102124.19,1,0,0,87874.4,0
10001167,Customer_1167,350,Spain,Male,43,5,60675.08,2,1,0,35238.6,0
10001168,Customer_1168,482,Germany,Female,41,8,48975.33,1,0,1,15496.42,0
10001169,Customer_1169,582,France,Male,56,10,164601.76,1,1,1,25283.0,0
10001170,Customer_1170,361,Germany,Male,73,9,212081.33,2,1,0,145425.79,0
10001171,Customer_1171,695,Germany,Female,71,6,99713.98,1,1,1,3186.06,0
10001172,Customer_1172,395,France,Female,55,2,137664.76,2,0,1,172664.77,0
10001173,Customer_1173,383,France,Male,71,5,176681.69,2,1,1,168019.59,0
10001174,Customer_1174,782,Germany,Female,36,6,14573.89,2,0,0,176095.09,0
10001175,Customer_1175,427,France,Male,43,6,87724.26,3,1,1,175750.41,0
10001176,Customer_1176,567,Germany,Male,69,5,182438.22,2,1,0,133506.74,0
10001177,Customer_1177,650,France,Male,78,2,171154.76,3,0,1,169487.86,0
10001178,Customer_1178,760,Germany,Female,84,5,13336.93,2,1,0,146069.02,0
10001179,Customer_1179,422,Germany,Male,39,1,59454.62,2,1,0,60031.87,0
10001180,Customer_1180,631,France,Male,34,9,169989.3,1,1,0,151028.14,0
10001181,Customer_1181,598,France,Female,28,0,67854.01,2,1,0,123119.51,0
10001182,Customer_1182,396,Germany,Male,56,7,203602.57,2,1,1,5508.69,0
10001183,Customer_1183,470,Spain,Female,78,2,7376.21,2,1,1,157274.26,0
10001184,Customer_1184,563,Spain,Female,66,7,47586.76,2,1,0,174168.43,0
10001185,Customer_1185,588,France,Female,78,2,70328.25,2,1,0,103499.82,0
10001186,Customer_1186,405,Germany,Male,29,1,231322.46,1,0,1,97410.99,1
10001187,Customer_1187,699,France,Male,30,7,199079.74,2,0,1,85460.37,0
10001188,Customer_1188,456,France,Female,75,2,221036.27,2,0,1,143770.05,0
10001189,Customer_1189,668,France,Male,28,7,110119.79,1,0,1,43099.36,0
10001190,Customer_1190,397,Germany,Male,81,1,205640.52,3,1,0,154789.37,1
10001191,Customer_1191,410,France,Male,48,3,213373.39,2,0,0,58476.44,0
10001192,Customer_1192,686,France,Male,28,8,99989.21,1,1,0,52307.57,1
10001193,Customer_1193,375,Germany,Female,60,0,248615.46,1,1,1,161837.98,0
10001194,Customer_1194,641,Germany,Female,53,1,212809.66,2,1,1,34884.22,0
10001195,Customer_1195,606,France,Male,19,1,243524.24,1,1,1,172505.33,0
10001196,Customer_1196,357,France,Male,78,8,216624.28,1,1,0,195573.39,1
10001197,Customer_1197,462,France,Female,53,9,194050.91,1,1,1,63982.22,0
10001198,Customer_1198,704,France,Male,66,4,235960.97,2,0,0,185575.54,0
10001199,Customer_1199,602,Germany,Female,44,10,104954.81,2,0,1,113287.71,1
10001200,Customer_1200,529,France,Male,29,3,195833.36,1,1,0,51875.88,1
10001201,Customer_1201,556,Germany,Female,75,9,53222.8,2,0,1,90532.77,0
10001202,Customer_1202,652,Spain,Female,23,9,183198.46,2,1,0,160013.1,0
10001203,Customer_1203,476,France,Male,61,3,196338.32,2,1,0,133331.11,1
10001204,Customer_1204,405,Spain,Male,64,6,179131.1,1,1,0,98962.04,0
10001205,Customer_1205,563,France,Female,40,2,212453.27,2,0,0,51471.48,0
10001206,Customer_1206,363,France,Female,91,8,103333.86,1,1,0,145161.88,0
10001207,Customer_1207,823,France,Male,43,4,136192.03,2,0,1,62671.13,0
10001208,Customer_1208,377,France,Female,24,10,2666.85,1,1,0,66197.12,0
10001209,Customer_1209,820,France,Male,49,8,36513.29,2,1,0,149379.23,0
10001210,Customer_1210,427,France,Female,50,0,161048.48,1,1,1,111691.47,0
10001211,Customer_1211,565,Spain,Female,37,9,140579.3,2,1,0,37175.66,0
10001212,Customer_1212,735,Spain,Male,86,7,49333.13,1,1,1,137425.8,1
10001213,Customer_1213,714,Germany,Male,69,1,60866.2,2,0,0,51618.65,1
10001214,Customer_1214,503,France,Male,59,7,86020.55,2,1,1,152100.97,0
10001215,Customer_1215,363,Germany,Female,18,3,179103.68,1,1,1,95749.11,0
10001216,Customer_1216,536,Germany,Male,80,1,152429.15,2,1,1,119001.51,0
10001217,Customer_1217,661,Spain,Male,24,1,17392.82,1,1,1,120199.73,0
10001218,Customer_1218,720,Spain,Female,75,5,189984.79,2,0,1,29371.49,0
10001219,Customer_1219,356,Spain,Male,67,2,65664.89,1,1,0,130098.94,0
10001220,Customer_1220,352,France,Female,51,10,167939.92,2,0,0,173426.93,0
10001221,Customer_1221,460,Germany,Male,68,9,30840.71,1,1,0,178241.6,0
10001222,Customer_1222,756,France,Male,27,2,249480.32,1,1,0,137713.91,0
10001223,Customer_1223,587,Spain,Male,43,8,20083.79,1,0,1,193795.56,0
10001224,Customer_1224,712,France,Female,49,4,185433.51,2,1,1,119659.65,0
10001225,Customer_1225,588,France,Male,59,6,135332.59,2,1,1,50982.83,0
10001226,Customer_1226,842,France,Female,79,4,21484.8,3,1,0,132038.3,0
10001227,Customer_1227,623,Spain,Male,29,1,6702.61,2,1,1,181836.21,0
10001228,Customer_1228,643,France,Male,57,10,90666.43,2,0,0,71777.46,0
10001229,Customer_1229,576,France,Female,51,10,200555.98,2,1,1,52977.87,0
10001230,Customer_1230,720,Spain,Male,87,7,10287.81,1,1,1,193301.23,0
10001231,Customer_1231,364,Spain,Male,44,8,176099.67,2,1,1,153312.42,0
10001232,Customer_1232,541,France,Male,25,10,163844.07,1,1,1,9966.1,0
10001233,Customer_1233,822,France,Female,64,1,66384.42,2,1,0,112241.4,0
10001234,Customer_1234,468,Spain,Female,43,1,19373.01,2,1,0,46894.61,0
10001235,Customer_1235,834,Spain,Male,74,3,228830.49,1,1,0,57371.13,1
10001236,Customer_1236,377,Germany,Male,24,7,75087.45,1,0,1,17527.38,0
10001237,Customer_1237,551,Germany,Female,43,4,27845.81,1,0,0,46207.59,1
10001238,Customer_1238,388,France,Female,76,4,170379.27,3,0,0,101050.84,0
10001239,Customer_1239,790,Spain,Male,86,6,54170.31,4,1,1,15722.82,1
10001240,Customer_1240,622,Germany,Female,64,3,118907.69,2,1,0,177939.96,0
10001241,Customer_1241,580,Germany,Male,52,8,12601.39,2,1,0,155083.07,0
10001242,Customer_1242,435,France,Male,47,3,248245.99,1,1,1,76283.09,0
10001243,Customer_1243,823,Spain,Male,67,7,111905.28,1,1,1,26055.09,1
10001244,Customer_1244,475,Germany,Male,41,2,249777.5,1,0,0,198794.67,1
10001245,Customer_1245,649,France,Male,47,5,96418.72,1,1,1,112666.14,0
10001246,Customer_1246,374,Germany,Female,71,0,86963.14,1,1,0,84601.4,1
10001247,Customer_1247,494,Germany,Male,84,6,228643.08,1,0,0,39736.66,1
10001248,Customer_1248,362,Germany,Male,49,10,82366.46,2,0,0,40652.08,0
10001249,Customer_1249,561,Germany,Male,25,6,108001.39,1,0,1,159244.07,0
10001250,Customer_1250,374,Germany,Female,67,1,19527.61,1,0,1,103981.52,0
10001251,Customer_1251,417,Spain,Female,64,4,238865.6,2,1,0,196800.57,1
10001252,Customer_1252,743,France,Male,63,3,21287.81,1,1,1,190620.06,0
10001253,Customer_1253,416,France,Male,52,9,192796.23,1,1,0,41374.29,1
10001254,Customer_1254,582,France,Male,78,8,134653.85,1,1,1,199875.08,0
10001255,Customer_1255,458,Germany,Male,68,1,15351.29,2,1,0,197319.12,1
10001256,Customer_1256,495,Germany,Male,80,2,425.96,2,1,1,159858.12,0
10001257,Customer_1257,460,Spain,Male,25,0,233888.41,2,1,0,78188.67,0
10001258,Customer_1258,577,Germany,Female,51,9,185543.35,1,0,1,44837.49,0
10001259,Customer_1259,460,Germany,Female,42,4,171609.06,1,0,0,20641.61,0
10001260,Customer_1260,819,Spain,Male,61,2,109639.13,1,1,0,10405.27,1
10001261,Customer_1261,383,France,Male,60,3,59653.45,1,0,1,164162.45,0
10001262,Customer_1262,460,Spain,Female,67,3,169965.77,2,1,1,189112.92,0
10001263,Customer_1263,613,France,Female,30,5,152075.27,2,1,1,154513.97,0
10001264,Customer_1264,773,Germany,Male,63,9,181585.55,1,1,0,151810.42,1
10001265,Customer_1265,718,Germany,Female,70,6,91448.13,2,1,0,83042.29,1
10001266,Customer_1266,585,Germany,Male,80,6,246730.94,1,1,1,128240.14,0
10001267,Customer_1267,432,France,Male,19,10,16752.16,1,1,0,134246.74,0
10001268,Customer_1268,391,France,Male,57,7,19925.4,1,0,1,51463.97,0
10001269,Customer_1269,774,Germany,Female,40,2,229218.96,2,1,0,147738.77,0
10001270,Customer_1270,450,Spain,Male,76,4,161926.61,1,0,1,29232.79,0
10001271,Customer_1271,355,France,Female,86,9,81583.52,2,1,1,58699.01,0
10001272,Customer_1272,529,Spain,Male,51,5,190488.19,1,1,1,117946.19,0
10001273,Customer_1273,631,France,Male,91,5,113193.35,1,0,1,107919.92,1
10001274,Customer_1274,669,Germany,Female,44,7,5280.38,1,1,1,140919.54,1
10001275,Customer_1275,575,Spain,Male,72,4,162775.92,1,0,1,116587.34,0
10001276,Customer_1276,792,Germany,Male,21,4,60777.98,2,1,1,9919.15,0
10001277,Customer_1277,789,Spain,Male,85,0,28833.78,2,1,1,195540.84,0
10001278,Customer_1278,664,Germany,Female,89,0,56318.3,1,1,1,152700.39,0
10001279,Customer_1279,714,Germany,Male,87,5,119039.47,2,1,1,176087.55,1
10001280,Customer_1280,803,France,Male,44,9,12464.11,1,1,1,160787.79,0
10001281,Customer_1281,578,France,Male,64,9,220788.1,2,1,0,42487.4,0
10001282,Customer_1282,726,France,Female,57,4,139979.5,2,0,1,186542.49,0
10001283,Customer_1283,638,Germany,Male,44,10,73249.05,1,1,1,196816.91,0
10001284,Customer_1284,786,France,Male,24,9,171751.21,2,0,0,15744.58,0
10001285,Customer_1285,499,France,Male,40,5,201059.12,1,1,1,31696.3,0
10001286,Customer_1286,626,France,Female,81,8,153481.16,1,1,0,198058.88,1
10001287,Customer_1287,547,France,Male,46,7,50623.67,2,1,0,58700.7,1
10001288,Customer_1288,419,France,Male,78,6,27572.11,1,0,0,163962.52,1
10001289,Customer_1289,461,Spain,Female,61,6,214974.92,1,1,1,14838.8,1
10001290,Customer_1290,353,Spain,Female,86,5,58671.85,1,0,0,146491.13,0
10001291,Customer_1291,699,Germany,Female,44,5,5020.61,2,1,0,140282.28,1
10001292,Customer_1292,680,Spain,Male,29,0,160725.53,1,1,0,187529.6,0
10001293,Customer_1293,795,France,Female,34,6,38221.33,1,1,0,145746.33,0
10001294,Customer_1294,667,Spain,Female,54,4,247742.45,1,1,1,8290.47,1
10001295,Customer_1295,699,France,Male,51,6,217432.71,1,1,0,90096.6,0
10001296,Customer_1296,444,France,Male,53,5,152111.43,2,1,1,69585.3,0
10001297,Customer_1297,501,Germany,Male,23,7,208466.41,1,0,0,114149.99,0
10001298,Customer_1298,660,France,Female,49,2,117633.93,2,1,1,85670.8,0
10001299,Customer_1299,486,Germany,Male,90,7,197121.56,2,1,0,56176.54,1
10001300,Customer_1300,596,France,Male,39,6,161633.39,1,0,1,132212.7,0
10001301,Customer_1301,736,Spain,Male,27,0,7161.16,1,0,0,62234.77,1
10001302,Customer_1302,592,France,Female,46,2,237189.42,2,0,1,170133.11,0
10001303,Customer_1303,380,France,Male,28,9,215229.89,2,0,1,64606.2,0
10001304,Customer_1304,389,Germany,Female,83,3,238351.85,2,0,0,103072.18,0
10001305,Customer_1305,578,France,Female,73,8,182841.48,2,0,0,165206.26,0
10001306,Customer_1306,385,France,Male,75,5,103015.23,2,0,0,164579.79,1
10001307,Customer_1307,757,France,Female,69,6,51746.31,3,1,1,117222.98,0
10001308,Customer_1308,572,Germany,Male,78,4,44999.09,2,1,0,75990.99,0
10001309,Customer_1309,355,Germany,Female,34,2,36229.06,1,1,0,111592.76,1
10001310,Customer_1310,671,France,Female,47,4,55152.41,2,0,1,169938.36,0
10001311,Customer_1311,817,Spain,Female,89,6,137659.0,1,1,1,43764.84,0
10001312,Customer_1312,569,Spain,Male,54,8,170936.27,1,1,1,24506.67,0
10001313,Customer_1313,424,Germany,Male,22,8,78514.14,1,1,0,116411.04,1
10001314,Customer_1314,353,Germany,Male,43,7,137186.74,1,1,0,114813.28,0
10001315,Customer_1315,684,France,Male,87,4,85313.16,1,1,0,58637.42,1
10001316,Customer_1316,483,Germany,Female,18,6,174127.49,1,1,0,86898.38,0
10001317,Customer_1317,467,France,Male,26,3,247121.56,1,0,0,17715.72,0
10001318,Customer_1318,718,France,Male,88,9,172254.24,1,1,1,26161.62,0
10001319,Customer_1319,443,Spain,Male,81,4,14757.64,2,0,1,165668.26,1
10001320,Customer_1320,835,Germany,Male,41,3,119308.74,1,1,1,92900.52,0
10001321,Customer_1321,784,France,Male,22,2,192596.87,2,0,0,19972.51,0
10001322,Customer_1322,411,France,Male,68,10,135560.4,2,1,0,192374.11,1
10001323,Customer_1323,790,Germany,Female,55,0,237765.76,2,0,0,41996.98,1
10001324,Customer_1324,543,France,Male,46,4,13692.92,1,1,1,63389.25,0
10001325,Customer_1325,684,France,Female,63,1,72788.89,2,0,1,194507.31,0
10001326,Customer_1326,552,France,Male,69,5,55179.53,1,1,0,36186.18,0
10001327,Customer_1327,741,France,Female,63,4,191905.55,2,0,0,193745.43,0
10001328,Customer_1328,375,Germany,Male,85,10,130948.27,1,1,0,144451.02,0
10001329,Customer_1329,784,France,Female,76,1,34586.05,2,1,1,85390.87,0
10001330,Customer_1330,522,Germany,Female,27,7,71398.32,2,1,0,118990.3,0
10001331,Customer_1331,649,France,Male,21,4,130664.83,2,1,0,101583.83,0
10001332,Customer_1332,482,Germany,Male,69,1,249032.25,2,1,0,160949.71,0
10001333,Customer_1333,675,Spain,Male,91,0,91073.09,1,0,0,12578.88,0
10001334,Customer_1334,759,Germany,Female,35,1,39206.52,2,0,1,162680.45,0
10001335,Customer_1335,467,Spain,Female,68,0,124266.63,1,1,0,194124.54,0
10001336,Customer_1336,673,Spain,Male,40,9,77546.59,1,1,0,85920.86,1
10001337,Customer_1337,624,France,Male,42,9,141491.71,1,1,0,38289.37,0
10001338,Customer_1338,561,Germany,Female,77,2,116677.58,1,1,0,21771.64,1
10001339,Customer_1339,574,Spain,Female,54,2,172372.48,1,0,1,69358.3,0
10001340,Customer_1340,369,France,Female,85,9,228572.68,2,0,0,26140.43,0
10001341,Customer_1341,462,France,Male,35,0,50128.59,2,1,1,45950.8,0
10001342,Customer_1342,489,Spain,Female,46,6,205295.02,1,1,1,130891.02,0
10001343,Customer_1343,396,Germany,Female,47,9,237316.43,1,1,0,83162.06,0
10001344,Customer_1344,350,France,Male,24,6,93402.42,2,0,1,180205.17,0
10001345,Customer_1345,439,France,Male,58,8,28415.68,2,1,1,92786.51,1
10001346,Customer_1346,491,Spain,Female,91,4,205477.79,1,1,0,30829.33,1
10001347,Customer_1347,669,Germany,Male,54,3,175273.95,2,1,0,27737.77,1
10001348,Customer_1348,387,Germany,Male,44,4,53178.05,2,0,0,138627.08,0
10001349,Customer_1349,642,Spain,Female,38,7,111305.9,1,1,0,126785.24,0
10001350,Customer_1350,731,Germany,Female,60,7,144498.05,1,1,0,141577.36,1
10001351,Customer_1351,488,Germany,Female,68,3,42463.52,2,1,1,67758.77,0
10001352,Customer_1352,705,Germany,Male,88,7,178728.21,1,1,0,183007.14,1
10001353,Customer_1353,682,Germany,Female,30,3,172470.69,2,1,1,22762.14,0
10001354,Customer_1354,840,Germany,Male,70,3,221781.65,2,1,1,6580.35,0
10001355,Customer_1355,608,France,Female,80,10,141818.24,1,0,0,148432.15,0
10001356,Customer_1356,510,France,Male,74,7,143578.26,1,1,0,135418.52,0
10001357,Customer_1357,739,Spain,Male,42,1,154846.84,2,1,0,98717.67,0
10001358,Customer_1358,527,France,Male,30,3,68445.82,2,1,0,8749.13,0
10001359,Customer_1359,359,France,Female,54,0,189651.46,1,1,1,22849.83,0
10001360,Customer_1360,610,France,Male,47,0,165624.82,2,1,0,39068.52,0
10001361,Customer_1361,756,Spain,Male,29,10,209786.41,2,1,0,127748.62,0
10001362,Customer_1362,487,France,Male,82,7,192146.5,1,0,1,132613.18,0
10001363,Customer_1363,521,France,Male,35,3,159643.06,2,1,1,135386.42,0
10001364,Customer_1364,735,France,Female,79,5,40223.04,1,1,0,160611.96,1
10001365,Customer_1365,362,Germany,Female,41,4,229786.83,1,1,1,4969.94,0
10001366,Customer_1366,517,France,Male,77,9,91803.05,2,1,0,128656.32,0
10001367,Customer_1367,479,France,Female,34,5,241074.64,1,1,0,50320.85,0
10001368,Customer_1368,433,France,Female,77,3,100467.7,1,0,0,114212.24,1
10001369,Customer_1369,670,Spain,Female,26,3,36484.57,2,1,1,147578.02,0
10001370,Customer_1370,668,France,Female,69,6,221209.94,2,1,1,144012.48,0
10001371,Customer_1371,450,France,Male,32,0,198764.69,2,0,1,57588.02,0
10001372,Customer_1372,678,Germany,Male,45,8,196574.01,2,1,1,71068.68,0
10001373,Customer_1373,622,Spain,Male,26,9,22352.69,4,0,1,183461.57,0
10001374,Customer_1374,614,Germany,Male,73,2,219819.96,2,1,0,169779.09,1
10001375,Customer_1375,808,Spain,Female,53,3,149100.16,1,0,0,51409.5,0
10001376,Customer_1376,748,Spain,Male,73,8,117588.93,2,1,1,117412.08,0
10001377,Customer_1377,757,France,Male,88,4,228292.91,1,1,1,21465.12,1
10001378,Customer_1378,387,Germany,Female,37,3,166510.34,2,1,1,130777.39,0
10001379,Customer_1379,768,France,Male,72,5,33257.71,2,1,0,124274.22,1
10001380,Customer_1380,443,Germany,Female,77,0,129884.29,3,0,1,52791.57,0
10001381,Customer_1381,444,France,Female,52,9,159154.15,4,0,1,84374.31,0
10001382,Customer_1382,654,France,Male,91,0,224637.67,2,1,1,156463.7,0
10001383,Customer_1383,418,Spain,Female,18,4,69973.53,1,1,0,51095.8,1
10001384,Customer_1384,667,France,Female,62,4,198558.47,2,1,0,153675.84,0
10001385,Customer_1385,793,Spain,Male,86,10,199953.23,1,0,0,63284.66,0
10001386,Customer_1386,585,France,Male,57,8,32012.37,2,0,1,167914.78,1
10001387,Customer_1387,783,France,Male,55,0,4308.3,2,1,1,6111.44,0
10001388,Customer_1388,683,Spain,Female,41,2,145352.42,2,0,0,51637.76,1
10001389,Customer_1389,722,Germany,Male,21,2,197369.72,1,0,1,35533.83,0
10001390,Customer_1390,725,Germany,Female,86,3,138607.71,1,0,0,178115.01,1
10001391,Customer_1391,808,France,Male,30,6,203336.87,2,1,0,85710.24,0
10001392,Customer_1392,486,Germany,Male,38,6,155575.79,1,1,0,109125.15,1
10001393,Customer_1393,767,Germany,Male,49,9,163323.09,1,0,1,48423.7,0
10001394,Customer_1394,425,Germany,Male,55,4,7038.61,1,1,0,25680.68,1
10001395,Customer_1395,832,France,Male,49,8,22149.55,3,1,1,119652.89,0
10001396,Customer_1396,384,Spain,Male,74,6,181257.4,2,1,0,56667.75,1
10001397,Customer_1397,350,Germany,Male,65,1,190710.82,2,1,1,185772.09,1
10001398,Customer_1398,645,Spain,Female,47,2,135544.49,1,1,1,95275.72,0
10001399,Customer_1399,669,Germany,Male,88,10,147541.28,1,1,1,27641.43,0
10001400,Customer_1400,755,Germany,Female,55,6,153591.46,1,1,1,4768.95,0
10001401,Customer_1401,409,France,Female,61,4,26247.83,2,1,1,46464.46,0
10001402,Customer_1402,669,France,Female,43,6,166977.15,2,1,1,63992.1,0
10001403,Customer_1403,698,Spain,Female,19,8,119617.49,1,1,0,41402.23,0
10001404,Customer_1404,677,France,Male,60,8,150630.74,1,1,0,73127.27,1
10001405,Customer_1405,616,France,Female,60,2,140785.46,1,1,1,175794.23,0
10001406,Customer_1406,710,France,Female,80,7,190750.06,2,1,1,9600.98,0
10001407,Customer_1407,578,France,Female,90,5,79642.07,2,1,0,160247.9,0
10001408,Customer_1408,619,Spain,Female,75,3,93381.56,2,1,0,85164.62,1
10001409,Customer_1409,665,Spain,Male,65,3,97901.58,2,1,0,181284.5,0
10001410,Customer_1410,635,France,Female,22,3,190614.02,1,0,0,133413.7,0
10001411,Customer_1411,640,France,Male,52,6,107778.16,2,1,1,32992.53,1
10001412,Customer_1412,562,Germany,Male,33,5,44268.69,1,0,0,191900.37,1
10001413,Customer_1413,514,Germany,Male,66,1,245760.24,1,0,0,30952.23,0
10001414,Customer_1414,354,Spain,Male,77,4,123345.47,1,1,0,67265.96,0
10001415,Customer_1415,688,Germany,Male,68,4,27312.02,1,0,1,195761.26,1
10001416,Customer_1416,728,France,Male,76,5,167568.74,1,1,1,42377.86,0
10001417,Customer_1417,427,Germany,Female,81,6,184790.59,2,1,0,126240.76,1
10001418,Customer_1418,759,Spain,Male,30,10,125055.71,1,0,1,195502.22,0
10001419,Customer_1419,411,Germany,Male,43,7,161614.3,2,0,1,137787.32,0
10001420,Customer_1420,481,Germany,Female,87,9,43168.72,2,1,0,132556.17,1
10001421,Customer_1421,438,France,Male,20,7,91980.6,1,0,0,124313.31,0
10001422,Customer_1422,586,Germany,Male,29,10,40457.15,1,1,1,111096.16,0
10001423,Customer_1423,391,Spain,Male,58,4,96808.81,2,0,0,189831.38,0
10001424,Customer_1424,438,France,Male,82,1,140700.13,2,1,0,108756.38,0
10001425,Customer_1425,751,France,Male,80,9,110634.85,1,0,1,132662.83,0
10001426,Customer_1426,645,France,Female,67,7,148303.71,2,1,1,147770.44,0
10001427,Customer_1427,677,France,Female,64,5,125439.79,2,1,1,105547.23,0
10001428,Customer_1428,644,France,Female,25,2,79453.59,3,1,0,177545.36,0
10001429,Customer_1429,453,France,Male,48,3,35854.0,2,1,0,4570.33,0
10001430,Customer_1430,363,Germany,Male,28,0,63168.22,1,0,0,79060.29,0
10001431,Customer_1431,637,France,Male,34,2,50178.31,1,0,0,123330.14,0
10001432,Customer_1432,528,France,Male,44,3,176855.57,1,1,0,3805.23,0
10001433,Customer_1433,474,Spain,Male,44,1,204991.71,1,1,0,187380.23,0
10001434,Customer_1434,771,Germany,Female,73,5,180097.15,2,1,0,165277.91,1
10001435,Customer_1435,702,Germany,Male,86,7,160933.54,2,1,0,43815.79,1
10001436,Customer_1436,372,France,Male,64,5,76962.84,3,1,0,66361.93,1
10001437,Customer_1437,412,Germany,Male,36,9,177746.39,1,1,1,135433.6,1
10001438,Customer_1438,492,France,Male,74,2,151270.86,1,1,1,68210.64,0
10001439,Customer_1439,830,Spain,Female,48,8,11723.34,2,1,1,171353.58,0
10001440,Customer_1440,502,France,Female,33,3,226903.03,1,1,0,49703.25,0
10001441,Customer_1441,494,Germany,Male,62,5,19988.46,1,0,0,163659.91,1
10001442,Customer_1442,574,France,Male,44,3,125676.98,2,0,0,92925.96,0
10001443,Customer_1443,844,Germany,Female,78,3,128267.29,2,1,0,90680.62,0
10001444,Customer_1444,799,Germany,Female,43,10,209251.8,2,1,0,33696.58,0
10001445,Customer_1445,811,France,Female,46,1,228266.88,1,0,0,196674.43,0
10001446,Customer_1446,658,France,Male,61,9,234918.95,2,1,1,68973.4,0
10001447,Customer_1447,453,Germany,Male,46,1,142418.03,2,1,1,40932.98,0
10001448,Customer_1448,453,Spain,Male,19,1,169760.56,1,0,0,6498.99,0
10001449,Customer_1449,784,Spain,Male,23,1,22129.97,2,1,0,98707.72,0
10001450,Customer_1450,388,France,Female,26,7,121979.0,1,1,0,6462.48,0
10001451,Customer_1451,784,France,Male,32,9,224464.18,2,0,0,91078.15,0
10001452,Customer_1452,547,Spain,Male,75,3,113924.29,2,1,0,180529.93,1
10001453,Customer_1453,483,Germany,Male,19,3,17398.48,1,1,0,99599.66,0
10001454,Customer_1454,416,Germany,Female,20,9,50160.29,2,1,1,8672.66,0
10001455,Customer_1455,740,Spain,Male,69,9,107376.73,1,1,1,52882.17,0
10001456,Customer_1456,528,Spain,Male,72,10,59382.08,2,0,1,9759.78,0
10001457,Customer_1457,805,Germany,Female,70,2,98073.15,2,1,0,176408.34,1
10001458,Customer_1458,391,France,Male,89,4,83240.47,2,0,1,48029.98,0
10001459,Customer_1459,797,France,Male,57,3,79732.26,3,0,0,13021.52,1
10001460,Customer_1460,849,Germany,Male,56,6,22791.15,1,1,1,192907.59,0
10001461,Customer_1461,364,France,Female,60,9,220678.67,1,1,0,97433.58,0
10001462,Customer_1462,460,France,Female,30,6,173176.56,2,1,1,81134.04,0
10001463,Customer_1463,506,France,Female,54,5,155845.48,2,1,0,185416.63,1
10001464,Customer_1464,638,France,Female,72,6,151617.35,2,1,1,106172.72,1
10001465,Customer_1465,849,Germany,Female,49,6,99125.56,1,0,0,56298.53,1
10001466,Customer_1466,827,Germany,Female,31,7,205828.83,2,1,0,158396.37,1
10001467,Customer_1467,580,France,Male,82,10,232510.0,2,0,1,54364.7,1
10001468,Customer_1468,760,France,Female,44,0,1404.31,2,1,1,88571.5,0
10001469,Customer_1469,769,Spain,Male,41,2,19799.62,2,0,1,160636.37,0
10001470,Customer_1470,506,France,Female,39,2,168743.9,1,1,0,186288.8,0
10001471,Customer_1471,387,Spain,Female,62,4,59016.68,1,1,1,121183.96,1
10001472,Customer_1472,790,Spain,Male,25,9,227926.25,1,1,1,100967.64,0
10001473,Customer_1473,446,France,Male,84,6,166853.27,1,1,0,15244.79,1
10001474,Customer_1474,834,Germany,Male,81,9,92072.81,1,0,1,123408.05,1
10001475,Customer_1475,760,Spain,Male,64,5,103820.6,3,1,0,65326.71,0
10001476,Customer_1476,788,France,Male,38,3,172720.63,2,0,0,102905.05,1
10001477,Customer_1477,638,Germany,Male,49,5,35241.03,2,1,0,148922.93,0
10001478,Customer_1478,603,France,Male,62,6,220852.97,2,1,0,128044.54,1
10001479,Customer_1479,545,France,Female,61,3,1192.92,1,1,0,19396.57,0
10001480,Customer_1480,435,Spain,Male,58,10,244736.74,1,1,1,79455.68,0
10001481,Customer_1481,671,Spain,Male,69,7,41911.37,1,0,0,39907.64,0
10001482,Customer_1482,359,Spain,Male,28,4,185527.84,2,0,1,30233.1,0
10001483,Customer_1483,354,France,Female,35,2,9981.18,1,1,0,44079.15,0
10001484,Customer_1484,472,France,Male,28,1,107857.22,2,1,1,184137.61,0
10001485,Customer_1485,679,Germany,Male,44,0,157578.42,1,1,1,142505.0,0
10001486,Customer_1486,702,France,Female,60,3,17556.86,1,1,1,181621.89,0
10001487,Customer_1487,467,Germany,Male,82,1,110823.38,1,1,0,101297.16,0
10001488,Customer_1488,643,Germany,Male,71,2,75784.1,2,1,1,235.2,0
10001489,Customer_1489,746,Germany,Male,46,0,124560.9,2,1,1,6896.99,0
10001490,Customer_1490,508,Germany,Female,38,5,126144.13,3,0,1,28948.45,0
10001491,Customer_1491,652,France,Female,46,3,196307.9,2,1,1,156146.32,1
10001492,Customer_1492,577,France,Female,26,4,30876.13,1,1,1,40340.34,0
10001493,Customer_1493,714,France,Male,78,7,20679.9,2,1,1,20329.15,0
10001494,Customer_1494,565,Germany,Female,79,10,100472.56,1,1,0,172200.12,1
10001495,Customer_1495,785,Germany,Male,88,3,221879.98,1,0,1,45716.52,0
10001496,Customer_1496,533,Spain,Male,22,5,213817.38,2,1,0,100489.14,1
10001497,Customer_1497,364,Spain,Male,32,2,139998.23,1,0,1,67901.56,0
10001498,Customer_1498,506,Spain,Female,74,7,222193.45,1,1,0,179311.68,0
10001499,Customer_1499,485,France,Male,22,2,201335.9,1,1,1,140953.38,0
10001500,Customer_1500,610,France,Female,37,6,69484.87,3,1,0,90789.63,1
10001501,Customer_1501,506,France,Female,21,6,42526.57,2,1,1,172613.49,0
10001502,Customer_1502,396,Germany,Male,73,2,75289.13,1,1,0,145349.31,1
10001503,Customer_1503,673,France,Male,51,2,56779.47,2,1,1,161777.37,1
10001504,Customer_1504,681,Spain,Male,57,9,155679.7,2,1,0,195513.41,1
10001505,Customer_1505,522,Germany,Male,86,9,146224.78,2,1,0,40639.12,1
10001506,Customer_1506,479,Spain,Male,85,10,149609.35,2,1,0,40506.69,1
10001507,Customer_1507,760,Spain,Female,39,7,47325.88,1,1,0,111305.15,0
10001508,Customer_1508,444,France,Male,31,10,197965.68,1,1,0,106526.81,0
10001509,Customer_1509,464,France,Female,85,2,108406.52,1,1,0,173825.18,0
10001510,Customer_1510,592,Germany,Male,25,1,118112.98,2,0,0,31191.93,0
10001511,Customer_1511,769,France,Female,84,4,249240.46,2,1,1,85014.88,1
10001512,Customer_1512,641,France,Female,63,10,70567.95,1,1,0,105587.41,0
10001513,Customer_1513,631,Germany,Female,46,6,98534.5,2,1,1,92833.56,1
10001514,Customer_1514,648,France,Female,29,7,169115.8,2,1,0,13430.83,1
10001515,Customer_1515,632,Germany,Male,69,0,220103.26,2,1,1,29579.96,0
10001516,Customer_1516,418,Germany,Male,75,1,31695.25,1,0,1,30722.26,0
10001517,Customer_1517,497,France,Female,19,6,183761.45,2,1,1,119210.67,0
10001518,Customer_1518,360,France,Female,18,8,229570.13,1,1,0,85778.66,0
10001519,Customer_1519,603,France,Female,72,2,105731.15,1,0,1,35643.5,0
10001520,Customer_1520,679,Germany,Male,51,7,71681.73,2,1,0,147333.47,0
10001521,Customer_1521,709,France,Male,81,9,169434.29,1,0,1,160595.4,0
10001522,Customer_1522,387,Spain,Male,85,2,61518.41,2,0,1,42035.41,0
10001523,Customer_1523,483,France,Female,29,3,96072.44,1,1,1,144555.92,0
10001524,Customer_1524,549,France,Female,67,1,224228.34,3,1,0,12733.26,1
10001525,Customer_1525,372,France,Female,38,8,147583.14,2,1,0,171189.45,0
10001526,Customer_1526,652,France,Male,27,4,23744.32,1,1,0,192545.41,1
10001527,Customer_1527,695,France,Female,87,4,82424.38,2,1,1,31183.06,1
10001528,Customer_1528,651,Germany,Female,31,3,156816.29,1,1,0,157234.34,0
10001529,Customer_1529,712,Germany,Male,57,4,120374.41,2,1,0,19469.92,0
10001530,Customer_1530,745,France,Female,47,0,165084.83,1,1,0,192250.72,0
10001531,Customer_1531,567,France,Male,90,9,190360.35,1,1,0,90420.35,0
10001532,Customer_1532,490,Germany,Male,31,9,120153.78,3,1,0,107060.63,1
10001533,Customer_1533,453,Germany,Male,69,5,246737.92,1,0,1,152781.83,0
10001534,Customer_1534,795,France,Female,34,10,228668.47,2,1,0,49764.84,0
10001535,Customer_1535,559,Spain,Female,79,3,14976.85,1,0,0,79778.83,0
10001536,Customer_1536,822,France,Female,39,3,66607.78,2,1,0,14012.56,1
10001537,Customer_1537,830,Spain,Female,70,4,75135.88,1,1,1,122928.34,0
10001538,Customer_1538,460,France,Male,49,0,46072.59,1,1,1,159868.46,0
10001539,Customer_1539,453,France,Female,72,3,78004.13,1,1,1,170369.78,0
10001540,Customer_1540,665,Spain,Male,39,9,106205.16,1,1,1,107275.37,0
10001541,Customer_1541,520,France,Female,55,2,12887.74,2,1,1,153163.69,0
10001542,Customer_1542,809,Spain,Male,67,4,31825.06,2,0,0,29990.63,1
10001543,Customer_1543,841,France,Female,83,9,24061.47,2,1,1,148685.42,0
10001544,Customer_1544,705,Germany,Female,62,4,11579.23,1,1,0,918.75,1
10001545,Customer_1545,845,Spain,Female,25,7,120374.26,1,1,0,38977.92,0
10001546,Customer_1546,673,France,Female,82,0,83450.77,2,0,0,126931.54,1
10001547,Customer_1547,482,Spain,Male,57,2,233861.81,3,0,0,64115.48,0
10001548,Customer_1548,725,Germany,Female,22,4,25690.13,2,0,0,82128.39,0
10001549,Customer_1549,642,Germany,Male,62,10,231508.83,1,1,1,165215.29,1
10001550,Customer_1550,677,Germany,Female,63,2,21636.4,2,1,0,114224.0,0
10001551,Customer_1551,476,Spain,Female,53,5,154804.34,1,1,1,79799.48,0
10001552,Customer_1552,455,France,Male,34,9,61932.58,2,1,1,93158.45,0
10001553,Customer_1553,846,France,Female,58,2,206701.41,3,1,0,169687.87,0
10001554,Customer_1554,441,Spain,Female,47,5,15368.71,3,0,0,97123.95,1
10001555,Customer_1555,636,Spain,Female,69,7,238127.04,1,0,1,175071.26,1
10001556,Customer_1556,727,France,Female,37,3,11814.3,2,1,0,49428.15,0
10001557,Customer_1557,742,Germany,Male,53,7,60278.32,2,1,1,106756.58,1
10001558,Customer_1558,400,Germany,Male,83,6,116046.18,1,1,0,73813.05,1
10001559,Customer_1559,378,France,Male,62,10,189014.47,2,0,0,118264.07,0
10001560,Customer_1560,811,France,Female,21,10,237778.18,2,1,1,115106.78,0
10001561,Customer_1561,645,Germany,Female,67,3,107010.61,1,0,1,114266.6,1
10001562,Customer_1562,646,France,Male,72,2,189327.52,1,1,0,105559.81,0
10001563,Customer_1563,563,Spain,Female,76,4,181790.64,1,0,1,90892.39,1
10001564,Customer_1564,616,Spain,Female,59,4,142792.22,3,1,1,182075.58,0
10001565,Customer_1565,756,France,Male,19,6,172729.79,2,1,1,53598.71,0
10001566,Customer_1566,606,France,Male,63,10,9516.67,2,1,0,86796.98,0
10001567,Customer_1567,651,France,Male,19,0,110394.35,1,1,1,42250.29,0
10001568,Customer_1568,450,France,Male,67,8,196465.17,2,1,0,66458.17,0
10001569,Customer_1569,754,Germany,Male,18,1,118555.29,1,0,1,49804.78,0
10001570,Customer_1570,695,France,Male,30,8,218376.15,2,0,1,133947.45,0
10001571,Customer_1571,459,Germany,Female,87,8,208409.47,2,1,1,141525.79,1
10001572,Customer_1572,769,France,Male,39,2,215861.51,2,0,1,55355.14,0
10001573,Customer_1573,531,France,Male,34,6,32499.17,1,1,1,196722.8,0
10001574,Customer_1574,820,France,Male,76,2,61035.28,1,0,1,56853.04,0
10001575,Customer_1575,662,France,Male,87,7,7399.32,2,0,1,165680.59,0
10001576,Customer_1576,350,France,Male,20,7,245700.18,2,1,0,58527.61,0
10001577,Customer_1577,668,France,Male,87,2,59034.53,1,1,1,82645.04,1
10001578,Customer_1578,787,Spain,Female,66,4,91773.33,1,1,0,132947.41,1
10001579,Customer_1579,404,Spain,Female,67,6,68731.61,1,1,1,111538.19,0
10001580,Customer_1580,720,France,Male,52,0,9948.41,2,1,1,101245.82,1
10001581,Customer_1581,773,France,Female,40,2,65314.5,2,1,1,158846.1,0
10001582,Customer_1582,748,France,Male,89,0,24548.92,2,1,1,141547.38,0
10001583,Customer_1583,498,France,Male,24,1,98570.77,1,1,0,182834.31,1
10001584,Customer_1584,780,France,Female,67,6,241706.03,2,1,1,46177.88,0
10001585,Customer_1585,806,France,Female,27,6,174565.59,1,1,0,3274.47,0
10001586,Customer_1586,658,France,Female,72,2,176725.2,1,1,1,199971.7,0
10001587,Customer_1587,486,France,Male,91,5,113293.98,1,0,1,56690.8,1
10001588,Customer_1588,551,France,Female,36,5,202826.0,1,0,1,8599.87,0
10001589,Customer_1589,785,France,Male,40,1,227071.04,2,1,1,49478.06,0
10001590,Customer_1590,662,Germany,Male,81,8,240387.5,1,0,1,133759.7,0
10001591,Customer_1591,466,France,Male,50,7,24747.56,2,1,0,117626.75,0
10001592,Customer_1592,503,France,Female,83,1,219911.0,2,1,1,41350.44,0
10001593,Customer_1593,774,Germany,Female,26,3,56270.72,3,1,1,37253.5,1
10001594,Customer_1594,640,Spain,Male,46,8,99316.73,2,0,0,88874.57,0
10001595,Customer_1595,412,Spain,Male,35,3,86369.3,2,1,0,2712.02,0
10001596,Customer_1596,593,Germany,Female,88,6,168782.51,1,0,1,486.75,0
10001597,Customer_1597,374,France,Female,46,4,149481.14,1,1,1,123374.04,0
10001598,Customer_1598,439,Germany,Male,78,9,27276.22,2,0,1,65064.52,0
10001599,Customer_1599,424,Spain,Female,22,5,195705.66,1,1,0,4793.85,0
10001600,Customer_1600,643,France,Male,86,0,109911.35,1,1,1,91967.51,0
10001601,Customer_1601,735,Germany,Female,73,3,555.46,1,1,0,187112.0,0
10001602,Customer_1602,740,Spain,Male,69,4,103625.82,1,1,1,50991.21,0
10001603,Customer_1603,559,France,Male,32,5,129082.89,2,1,0,50220.91,0
10001604,Customer_1604,824,France,Female,37,5,17218.67,2,1,1,93602.8,0
10001605,Customer_1605,767,France,Female,90,4,37783.81,2,1,1,29701.53,0
10001606,Customer_1606,696,France,Male,33,2,248393.04,1,1,1,127591.85,0
10001607,Customer_1607,366,France,Male,42,10,217798.85,1,1,0,167852.91,0
10001608,Customer_1608,477,Germany,Male,74,1,33331.85,2,1,1,38913.95,1
10001609,Customer_1609,776,Germany,Male,38,6,145077.35,3,1,1,131750.38,1
10001610,Customer_1610,792,France,Female,22,0,94810.82,1,1,1,177602.16,0
10001611,Customer_1611,713,Spain,Male,26,4,135935.1,2,1,0,180616.77,1
10001612,Customer_1612,600,France,Female,28,3,117633.8,1,1,1,110581.64,0
10001613,Customer_1613,528,France,Male,82,6,12037.23,1,0,1,30468.11,0
10001614,Customer_1614,531,Spain,Female,80,1,78855.08,1,0,1,131838.08,0
10001615,Customer_1615,501,Spain,Male,43,10,31380.15,2,1,1,146965.68,0
10001616,Customer_1616,374,Germany,Male,91,7,122242.02,2,1,1,150865.48,1
10001617,Customer_1617,804,Spain,Male,36,8,226829.18,1,1,0,186868.53,0
10001618,Customer_1618,529,Germany,Female,33,9,248883.19,2,1,0,123059.02,1
10001619,Customer_1619,547,Spain,Male,73,0,236063.27,1,1,1,93228.31,1
10001620,Customer_1620,693,France,Male,85,4,246424.28,1,0,1,100515.66,1
10001621,Customer_1621,510,Germany,Female,47,3,3811.58,1,0,1,64315.88,0
10001622,Customer_1622,526,Spain,Female,24,4,182361.74,2,1,1,11463.57,0
10001623,Customer_1623,634,Germany,Female,29,8,68237.2,1,1,0,143496.3,1
10001624,Customer_1624,412,France,Male,41,2,216404.49,1,0,0,3980.72,1
10001625,Customer_1625,840,Germany,Male,39,0,203433.37,1,1,0,12832.94,0
10001626,Customer_1626,499,Germany,Female,64,10,105918.64,2,1,0,66832.73,1
10001627,Customer_1627,503,France,Male,47,2,118315.17,2,1,0,186213.66,0
10001628,Customer_1628,505,Spain,Male,77,3,66272.92,2,1,0,96632.48,0
10001629,Customer_1629,719,France,Male,56,1,72201.01,2,1,0,43044.37,1
10001630,Customer_1630,818,France,Female,37,0,245293.61,1,0,1,179410.94,0
10001631,Customer_1631,398,Spain,Male,43,0,222213.22,2,0,0,114342.88,0
10001632,Customer_1632,804,France,Female,66,7,47967.24,1,1,0,73969.52,0
10001633,Customer_1633,686,France,Male,86,3,68881.17,1,1,0,143147.52,1
10001634,Customer_1634,433,Germany,Female,59,1,27162.0,2,0,0,88230.47,0
10001635,Customer_1635,710,Germany,Female,23,9,247217.7,2,1,1,145998.7,0
10001636,Customer_1636,526,France,Male,70,2,226802.46,1,1,0,43683.91,1
10001637,Customer_1637,497,Spain,Male,51,7,138024.5,3,0,0,30045.83,0
10001638,Customer_1638,467,Germany,Female,86,5,173223.28,2,1,1,92193.35,0
10001639,Customer_1639,691,Germany,Male,27,7,186986.73,1,0,0,63926.9,1
10001640,Customer_1640,825,Germany,Female,45,9,50952.81,1,0,1,121034.93,0
10001641,Customer_1641,412,Germany,Female,20,4,233666.58,1,1,0,157760.88,1
10001642,Customer_1642,538,France,Female,65,2,131685.68,3,1,0,180301.95,1
10001643,Customer_1643,709,France,Male,83,5,23112.88,2,1,0,152108.18,0
10001644,Customer_1644,398,Germany,Male,52,9,99270.65,2,1,0,68357.1,1
10001645,Customer_1645,676,Spain,Female,69,7,150411.64,2,1,0,145476.15,0
10001646,Customer_1646,606,France,Male,79,4,88205.8,2,1,0,105982.41,0
10001647,Customer_1647,573,Germany,Female,69,4,174801.11,2,1,1,181217.16,0
10001648,Customer_1648,490,Spain,Female,64,2,220512.5,1,1,1,141379.41,0
10001649,Customer_1649,827,France,Male,71,2,192973.03,2,1,0,30056.81,1
10001650,Customer_1650,564,France,Male,45,7,160664.51,2,1,1,15629.25,0
10001651,Customer_1651,784,France,Male,40,10,128039.37,3,1,1,108772.64,1
10001652,Customer_1652,728,Germany,Female,52,0,63615.87,2,0,0,73015.41,1
10001653,Customer_1653,789,France,Male,49,3,113736.54,1,0,0,33628.53,1
10001654,Customer_1654,560,France,Male,19,8,73238.23,1,0,1,159533.08,0
10001655,Customer_1655,667,Germany,Female,33,5,233505.85,1,1,0,75091.37,0
10001656,Customer_1656,381,Germany,Male,33,5,226827.79,2,1,1,17213.03,0
10001657,Customer_1657,507,France,Male,68,9,38956.6,1,1,0,52461.4,1
10001658,Customer_1658,634,France,Male,84,10,205655.06,2,0,0,135380.35,1
10001659,Customer_1659,654,Spain,Female,71,10,175728.67,2,1,0,129591.67,1
10001660,Customer_1660,778,Spain,Male,37,6,243802.93,1,1,1,52501.03,0
10001661,Customer_1661,826,Spain,Male,50,10,115826.64,2,1,0,68248.4,1
10001662,Customer_1662,635,Germany,Female,25,6,180543.59,1,1,0,9975.42,0
10001663,Customer_1663,493,France,Male,41,5,129470.98,1,1,1,190653.28,0
10001664,Customer_1664,773,France,Female,70,8,17350.12,1,1,1,65438.78,0
10001665,Customer_1665,368,France,Male,81,7,11691.19,2,1,1,185882.86,0
10001666,Customer_1666,367,France,Male,75,7,30527.86,3,0,1,162778.12,0
10001667,Customer_1667,606,Germany,Male,54,1,74047.77,2,1,0,67043.4,0
10001668,Customer_1668,427,France,Female,29,6,64778.28,1,1,1,138832.89,0
10001669,Customer_1669,720,France,Male,21,0,182081.67,1,0,1,94730.86,1
10001670,Customer_1670,524,Spain,Male,48,9,178980.68,2,0,1,195330.49,0
10001671,Customer_1671,847,France,Male,55,7,242848.64,1,1,0,127701.46,0
10001672,Customer_1672,543,France,Male,54,2,77597.71,2,1,0,103820.16,0
10001673,Customer_1673,825,France,Male,31,10,234613.02,1,1,0,127597.97,0
10001674,Customer_1674,462,Germany,Female,90,8,153212.65,1,1,1,44058.52,1
10001675,Customer_1675,463,Germany,Male,41,4,123827.18,1,0,0,61285.61,0
10001676,Customer_1676,571,France,Female,27,6,166960.34,2,1,0,142542.3,1
10001677,Customer_1677,515,Germany,Male,55,6,175688.86,1,1,0,16753.83,0
10001678,Customer_1678,784,Spain,Male,60,8,42982.26,1,0,1,60525.59,0
10001679,Customer_1679,668,Spain,Female,54,1,187928.88,2,0,1,123917.56,1
10001680,Customer_1680,481,Spain,Male,59,3,181293.19,1,1,1,199139.33,1
10001681,Customer_1681,734,Spain,Male,49,7,249383.07,3,1,0,185134.28,0
10001682,Customer_1682,613,Germany,Female,31,4,227986.95,1,0,0,166446.26,0
10001683,Customer_1683,762,France,Female,21,10,171165.06,1,1,1,100169.67,0
10001684,Customer_1684,404,France,Male,41,4,178090.93,2,1,1,160950.99,0
10001685,Customer_1685,708,France,Female,27,2,236496.41,1,1,1,111790.42,0
10001686,Customer_1686,480,Germany,Female,33,4,241794.57,1,1,0,91697.69,0
10001687,Customer_1687,637,Spain,Male,56,6,206741.3,1,1,0,44713.26,1
10001688,Customer_1688,615,Germany,Female,35,3,191848.39,2,1,1,190186.6,0
10001689,Customer_1689,807,France,Male,42,7,27841.46,1,1,1,119644.79,0
10001690,Customer_1690,816,Germany,Male,24,10,207580.55,2,1,0,135075.24,1
10001691,Customer_1691,715,Spain,Male,73,5,63298.92,2,1,1,28225.01,1
10001692,Customer_1692,511,Germany,Female,64,5,140946.07,2,1,0,86176.47,1
10001693,Customer_1693,729,Spain,Male,20,5,101343.12,2,0,0,192932.95,0
10001694,Customer_1694,830,Spain,Male,18,3,86401.83,3,1,0,151536.58,0
10001695,Customer_1695,436,Spain,Female,50,2,77562.5,2,0,0,176564.14,1
10001696,Customer_1696,404,Spain,Female,88,9,213856.77,1,1,1,79182.63,0
10001697,Customer_1697,825,Germany,Female,91,5,192284.03,2,0,0,13304.95,0
10001698,Customer_1698,637,France,Male,76,5,130862.19,1,1,0,70302.95,0
10001699,Customer_1699,527,France,Male,89,1,166120.12,1,1,0,75205.75,0
10001700,Customer_1700,740,Germany,Male,49,9,246131.99,2,1,0,60232.32,0
10001701,Customer_1701,698,France,Female,34,8,99383.78,2,1,0,105346.34,1
10001702,Customer_1702,357,Spain,Male,34,3,137775.15,2,1,0,38435.11,1
10001703,Customer_1703,670,France,Female,38,3,133380.93,2,0,0,187534.93,1
10001704,Customer_1704,662,Spain,Male,72,9,233993.09,1,0,0,181505.84,1
10001705,Customer_1705,596,France,Female,23,10,87890.6,1,1,1,52328.38,0
10001706,Customer_1706,672,France,Female,66,7,246563.69,2,1,0,130300.74,0
10001707,Customer_1707,821,Spain,Female,43,2,76174.4,2,1,1,100233.4,0
10001708,Customer_1708,820,France,Male,49,9,27226.76,1,0,1,50021.86,0
10001709,Customer_1709,792,France,Female,89,6,47843.39,1,0,1,179420.96,0
10001710,Customer_1710,604,France,Male,61,6,106555.34,1,0,0,46221.24,0
10001711,Customer_1711,677,Germany,Male,76,1,162438.99,2,0,1,124928.68,1
10001712,Customer_1712,403,France,Male,46,2,129206.31,1,0,0,67078.49,0
10001713,Customer_1713,598,Germany,Female,34,3,94069.54,1,0,1,165223.48,0
10001714,Customer_1714,588,Germany,Male,35,1,140508.32,2,1,0,124070.38,0
10001715,Customer_1715,578,Germany,Female,57,8,209701.57,1,1,0,166520.48,0
10001716,Customer_1716,416,Germany,Male,80,9,209732.76,1,0,1,69549.6,0
10001717,Customer_1717,400,Germany,Male,62,10,181556.97,2,1,0,2244.15,1
10001718,Customer_1718,446,France,Male,20,5,238112.11,2,1,1,44339.65,0
10001719,Customer_1719,441,Spain,Female,20,0,147551.17,1,1,0,162885.08,0
10001720,Customer_1720,844,France,Male,55,0,1914.41,2,1,1,63380.88,0
10001721,Customer_1721,613,Germany,Female,90,7,72732.41,1,1,1,63940.32,0
10001722,Customer_1722,767,France,Male,57,10,82055.68,2,1,0,89934.34,0
10001723,Customer_1723,640,Spain,Female,85,5,136831.52,1,0,1,54942.58,1
10001724,Customer_1724,445,France,Male,71,9,226222.37,2,1,0,161422.04,1
10001725,Customer_1725,437,France,Male,37,6,209528.74,1,0,1,64349.74,0
10001726,Customer_1726,427,Germany,Female,32,5,58043.25,1,1,0,120795.26,1
10001727,Customer_1727,637,Germany,Female,22,1,129847.56,2,1,1,90211.21,1
10001728,Customer_1728,469,France,Male,56,2,164787.16,2,1,0,57479.22,1
10001729,Customer_1729,651,Germany,Female,57,7,246877.89,2,1,0,53070.15,1
10001730,Customer_1730,840,Germany,Male,24,3,7825.7,2,1,0,100384.3,1
10001731,Customer_1731,749,Spain,Female,89,7,115969.33,1,1,0,42177.74,1
10001732,Customer_1732,801,Germany,Male,50,2,247027.16,2,1,0,69134.87,1
10001733,Customer_1733,849,France,Male,54,1,244301.45,2,1,1,7886.34,0
10001734,Customer_1734,514,France,Male,49,6,82681.63,1,1,1,158062.88,0
10001735,Customer_1735,531,Spain,Female,60,0,4.18,2,1,0,8738.59,0
10001736,Customer_1736,818,Spain,Female,80,10,146683.65,2,1,0,174455.93,1
10001737,Customer_1737,747,France,Male,53,2,216734.71,3,1,0,9486.88,1
10001738,Customer_1738,572,France,Female,66,1,81074.31,2,1,1,169636.4,0
10001739,Customer_1739,660,Germany,Male,42,4,233567.49,2,0,0,128836.64,1
10001740,Customer_1740,781,France,Female,83,1,83175.61,2,1,1,101195.4,1
10001741,Customer_1741,815,France,Male,26,9,152550.33,1,1,1,29000.18,0
10001742,Customer_1742,356,France,Female,35,4,180511.52,2,0,1,51364.42,0
10001743,Customer_1743,679,France,Male,39,2,86353.94,1,0,1,138030.65,0
10001744,Customer_1744,612,France,Male,32,8,88051.6,1,0,1,102435.44,0
10001745,Customer_1745,510,Germany,Female,24,9,117498.71,1,1,1,102874.55,0
10001746,Customer_1746,500,France,Female,30,8,208805.86,2,0,1,26656.35,0
10001747,Customer_1747,434,France,Female,53,7,25212.69,1,1,1,95025.35,0
10001748,Customer_1748,496,France,Female,33,4,157869.85,1,1,1,118058.97,0
10001749,Customer_1749,461,France,Female,58,9,169336.98,2,1,0,24470.94,0
10001750,Customer_1750,730,France,Male,38,10,139468.19,1,1,0,194867.3,1
10001751,Customer_1751,752,France,Male,45,6,233959.6,2,1,1,166011.91,0
10001752,Customer_1752,385,Germany,Female,91,1,150497.68,1,1,1,63500.52,0
10001753,Customer_1753,634,France,Female,34,2,158644.19,1,0,0,112682.19,0
10001754,Customer_1754,537,France,Female,82,10,149940.01,1,1,0,111797.86,0
10001755,Customer_1755,431,France,Female,30,1,180504.69,2,1,0,21336.22,0
10001756,Customer_1756,351,Germany,Female,53,9,33852.35,1,1,1,87642.95,1
10001757,Customer_1757,734,Spain,Female,75,10,223569.08,1,0,0,41561.18,1
10001758,Customer_1758,652,France,Male,37,0,10623.08,1,1,1,66651.28,0
10001759,Customer_1759,546,Spain,Male,69,2,160185.99,2,0,0,188774.52,0
10001760,Customer_1760,753,France,Female,23,3,153870.23,1,1,1,110269.64,0
10001761,Customer_1761,360,Spain,Female,40,8,52030.28,2,1,0,13391.07,0
10001762,Customer_1762,583,France,Female,59,1,10177.74,1,0,1,134460.6,0
10001763,Customer_1763,735,Germany,Male,41,8,34708.85,1,1,0,199728.01,1
10001764,Customer_1764,544,Germany,Female,22,0,67918.01,1,1,1,33548.39,0
10001765,Customer_1765,820,France,Female,49,8,220526.42,1,0,0,136587.46,0
10001766,Customer_1766,468,Spain,Female,63,5,213933.6,1,0,1,164853.69,0
10001767,Customer_1767,745,Spain,Male,34,7,15963.89,2,1,1,168814.09,0
10001768,Customer_1768,369,France,Female,44,2,72317.0,2,1,0,141508.68,0
10001769,Customer_1769,610,France,Female,85,7,222329.06,2,1,0,181974.37,1
10001770,Customer_1770,642,France,Female,40,10,59164.76,1,0,0,6428.55,0
10001771,Customer_1771,771,Spain,Female,51,8,248991.33,2,1,0,12843.99,1
10001772,Customer_1772,605,Germany,Female,38,6,64210.05,2,1,1,26917.51,0
10001773,Customer_1773,571,France,Male,39,3,184778.31,2,1,1,8673.23,0
10001774,Customer_1774,742,Germany,Male,82,5,104264.79,1,0,1,23999.25,0
10001775,Customer_1775,575,Spain,Female,49,5,34061.14,2,1,0,163392.14,0
10001776,Customer_1776,402,Germany,Male,79,1,63788.65,2,1,1,179292.62,0
10001777,Customer_1777,777,Spain,Female,45,1,168779.52,2,1,1,67204.06,0
10001778,Customer_1778,704,Spain,Male,24,10,84264.1,2,0,1,191437.31,0
10001779,Customer_1779,849,France,Male,71,4,151032.06,2,1,0,83694.66,1
10001780,Customer_1780,691,France,Female,87,0,51382.76,2,1,1,34405.06,0
10001781,Customer_1781,713,Spain,Male,31,4,112145.24,2,1,0,136263.88,1
10001782,Customer_1782,629,France,Female,72,9,128061.45,2,1,0,84069.48,0
10001783,Customer_1783,430,Spain,Female,75,2,103196.14,2,1,1,3897.61,1
10001784,Customer_1784,551,France,Male,61,2,49479.51,2,0,0,193271.55,0
10001785,Customer_1785,507,France,Female,63,7,115388.38,2,1,0,119584.14,0
10001786,Customer_1786,469,Spain,Male,31,10,173225.14,1,1,0,122670.67,1
10001787,Customer_1787,408,Germany,Male,61,2,241226.42,1,0,0,196536.05,0
10001788,Customer_1788,843,France,Male,58,2,197380.41,2,1,1,166702.75,1
10001789,Customer_1789,564,Spain,Male,90,0,40367.62,1,0,0,72540.07,1
10001790,Customer_1790,477,Germany,Female,19,7,68175.46,1,1,1,8376.03,0
10001791,Customer_1791,573,Germany,Female,22,9,19705.97,1,0,0,44484.71,1
10001792,Customer_1792,558,France,Male,29,9,33912.38,1,1,0,70312.69,0
10001793,Customer_1793,719,Spain,Female,64,5,62670.74,2,1,1,192051.13,0
10001794,Customer_1794,464,Spain,Female,52,10,49881.84,2,0,1,177735.2,0
10001795,Customer_1795,558,France,Female,36,7,53412.31,1,1,1,4316.4,0
10001796,Customer_1796,363,Spain,Male,80,2,57692.56,2,1,1,197445.67,0
10001797,Customer_1797,358,Spain,Female,25,10,75169.67,2,1,0,51432.1,0
10001798,Customer_1798,389,Germany,Male,40,5,31396.52,2,0,1,155076.9,0
10001799,Customer_1799,799,Germany,Female,30,1,69458.75,1,1,0,23328.94,0
10001800,Customer_1800,586,France,Female,40,2,172102.96,2,1,1,44072.02,0
10001801,Customer_1801,630,France,Male,48,3,59100.25,1,1,1,101091.95,0
10001802,Customer_1802,708,Germany,Male,47,8,42959.61,1,0,1,140725.65,1
10001803,Customer_1803,550,Spain,Male,59,3,16923.92,2,1,1,69086.96,0
10001804,Customer_1804,595,Germany,Male,19,6,124992.87,2,1,1,174652.49,0
10001805,Customer_1805,627,Germany,Male,28,7,210495.68,2,0,0,188039.61,1
10001806,Customer_1806,584,France,Female,42,4,14754.16,2,0,0,24522.66,0
10001807,Customer_1807,843,France,Male,46,1,135581.51,1,0,1,143716.32,0
10001808,Customer_1808,353,France,Male,39,10,162654.73,1,1,0,26391.6,0
10001809,Customer_1809,503,France,Male,36,7,148115.41,1,1,0,68160.35,1
10001810,Customer_1810,791,Germany,Male,90,4,219405.8,1,1,0,163914.13,1
10001811,Customer_1811,378,France,Male,58,4,216598.9,1,0,0,67277.86,0
10001812,Customer_1812,458,Spain,Female,55,6,14326.9,2,1,1,181480.51,0
10001813,Customer_1813,447,France,Male,46,5,90235.99,1,1,1,82300.89,0
10001814,Customer_1814,564,Germany,Female,91,2,167707.46,2,1,0,61966.87,0
10001815,Customer_1815,642,Germany,Male,39,6,238111.16,3,1,1,197824.82,1
10001816,Customer_1816,424,France,Female,25,0,201171.2,1,1,0,88306.81,0
10001817,Customer_1817,675,France,Male,64,3,44147.33,1,1,1,148194.05,0
10001818,Customer_1818,495,France,Female,23,3,69802.21,1,1,1,119894.98,0
10001819,Customer_1819,477,Spain,Female,24,5,190898.47,2,0,1,40505.9,1
10001820,Customer_1820,690,France,Female,53,5,117868.71,2,0,0,100068.03,1
10001821,Customer_1821,391,Germany,Female,25,9,136825.61,1,0,0,15493.89,0
10001822,Customer_1822,705,Spain,Female,63,7,152244.96,1,1,1,141752.25,0
10001823,Customer_1823,390,Spain,Female,81,0,25822.88,2,1,0,103793.6,1
10001824,Customer_1824,771,France,Female,48,6,213990.51,2,0,0,24484.83,1
10001825,Customer_1825,383,Spain,Female,40,3,215783.61,2,1,0,153354.47,0
10001826,Customer_1826,366,France,Female,78,5,117059.86,2,1,1,160914.49,0
10001827,Customer_1827,514,France,Male,67,9,156711.3,2,1,1,146768.86,0
10001828,Customer_1828,502,Spain,Male,63,8,164976.03,1,0,1,65818.8,0
10001829,Customer_1829,835,Germany,Female,60,2,47430.65,2,0,1,144636.71,1
10001830,Customer_1830,727,France,Male,27,7,28146.21,1,0,1,115546.45,0
10001831,Customer_1831,425,France,Female,37,2,5168.24,2,1,0,108780.92,0
10001832,Customer_1832,436,France,Male,33,5,228220.46,2,0,0,129752.45,0
10001833,Customer_1833,466,Germany,Male,20,1,86428.32,1,1,0,126021.82,1
10001834,Customer_1834,711,France,Female,47,8,21457.73,1,1,0,159831.32,0
10001835,Customer_1835,691,Spain,Female,35,1,116449.99,1,1,0,197197.07,0
10001836,Customer_1836,818,Spain,Male,76,4,18906.28,1,1,1,145258.5,0
10001837,Customer_1837,376,Spain,Male,87,5,21312.69,2,1,1,88360.68,0
10001838,Customer_1838,662,France,Male,52,3,122221.34,2,1,1,92339.52,0
10001839,Customer_1839,636,Germany,Female,36,6,127209.16,1,1,0,5866.59,1
10001840,Customer_1840,483,Spain,Male,43,6,145035.77,1,1,1,31990.46,0
10001841,Customer_1841,568,Spain,Female,52,6,164077.87,2,1,1,45642.32,0
10001842,Customer_1842,517,France,Female,89,10,167066.84,1,1,1,198065.24,0
10001843,Customer_1843,447,France,Female,74,6,108249.17,2,1,1,152622.35,0
10001844,Customer_1844,617,France,Male,66,9,160883.26,2,1,1,28318.44,0
10001845,Customer_1845,586,Germany,Male,27,10,76184.94,2,1,1,99679.91,0
10001846,Customer_1846,658,Germany,Male,46,9,110327.05,2,1,1,42715.31,0
10001847,Customer_1847,804,Spain,Male,88,8,98331.76,2,1,1,59530.47,1
10001848,Customer_1848,743,France,Male,85,1,82277.5,1,1,0,120920.26,0
10001849,Customer_1849,522,France,Female,41,4,59642.71,2,0,0,119811.98,0
10001850,Customer_1850,750,France,Male,60,9,19614.75,2,1,0,174362.51,0
10001851,Customer_1851,759,France,Male,56,8,126477.62,2,0,1,32925.27,0
10001852,Customer_1852,818,France,Male,42,10,134322.05,1,1,0,99485.89,0
10001853,Customer_1853,825,Germany,Female,85,10,84038.76,1,1,0,119770.88,1
10001854,Customer_1854,539,Germany,Male,51,1,243960.97,2,1,0,186094.67,1
10001855,Customer_1855,471,Germany,Male,70,2,139240.3,1,0,0,103289.99,1
10001856,Customer_1856,395,France,Male,72,6,222252.63,2,0,0,68139.64,0
10001857,Customer_1857,413,France,Female,70,8,142521.33,2,1,1,58435.53,0
10001858,Customer_1858,479,France,Female,35,2,47478.96,2,0,1,43228.45,0
10001859,Customer_1859,659,Spain,Male,24,9,243655.63,1,1,1,192473.96,0
10001860,Customer_1860,712,France,Male,80,7,221333.75,1,1,0,120592.03,1
10001861,Customer_1861,542,Spain,Male,59,10,117818.42,1,1,0,60712.32,0
10001862,Customer_1862,656,France,Female,28,7,60764.47,1,0,0,149025.48,0
10001863,Customer_1863,530,Spain,Male,26,3,55667.4,2,1,0,57862.8,0
10001864,Customer_1864,641,Spain,Female,52,10,201505.11,1,0,0,100773.01,0
10001865,Customer_1865,720,France,Male,82,5,17279.65,2,1,0,5205.97,0
10001866,Customer_1866,631,Germany,Male,22,10,159515.1,1,1,1,169315.75,0
10001867,Customer_1867,378,France,Male,43,7,160033.73,2,0,0,191310.87,0
10001868,Customer_1868,498,Spain,Female,68,8,45613.64,1,0,0,173152.54,0
10001869,Customer_1869,616,France,Female,55,1,176228.09,1,1,1,34231.86,1
10001870,Customer_1870,645,France,Female,20,0,176351.57,2,1,1,165056.2,0
10001871,Customer_1871,360,Germany,Male,76,4,87507.72,2,0,0,69408.59,1
10001872,Customer_1872,513,Spain,Male,30,9,120843.98,1,0,1,187257.04,0
10001873,Customer_1873,462,France,Female,52,2,208190.89,1,1,0,59823.29,0
10001874,Customer_1874,536,Germany,Male,20,10,130788.32,1,0,0,17890.17,0
10001875,Customer_1875,644,France,Female,70,5,154539.28,2,0,0,170585.71,0
10001876,Customer_1876,581,France,Male,72,10,103192.41,2,0,0,23339.02,0
10001877,Customer_1877,576,Germany,Male,62,0,37399.77,1,1,0,108292.06,0
10001878,Customer_1878,659,France,Male,83,10,249516.66,2,1,1,75196.44,0
10001879,Customer_1879,447,France,Female,84,3,132884.13,1,1,1,151373.52,0
10001880,Customer_1880,404,Spain,Male,61,5,84111.62,1,0,0,149782.67,0
10001881,Customer_1881,460,France,Female,90,1,178446.83,1,1,0,155229.96,1
10001882,Customer_1882,501,Germany,Male,85,10,155205.44,2,1,1,12666.73,0
10001883,Customer_1883,595,France,Female,79,10,58227.07,1,0,0,171676.63,1
10001884,Customer_1884,755,France,Male,42,7,219231.37,2,1,0,93271.82,0
10001885,Customer_1885,418,France,Male,69,3,17725.73,1,1,0,43845.43,1
10001886,Customer_1886,661,Germany,Female,67,1,151424.56,2,1,0,59786.88,1
10001887,Customer_1887,638,Germany,Male,18,0,119472.12,2,1,0,180549.53,1
10001888,Customer_1888,599,France,Female,56,7,79549.6,1,1,1,1209.56,0
10001889,Customer_1889,385,France,Female,69,9,206595.03,2,1,0,160346.6,1
10001890,Customer_1890,588,Spain,Male,57,0,164069.27,1,1,1,184786.75,0
10001891,Customer_1891,497,France,Female,77,6,189874.87,1,1,0,50019.19,0
10001892,Customer_1892,816,Spain,Female,90,6,103664.69,1,0,1,164402.46,0
10001893,Customer_1893,576,France,Male,86,5,235599.58,1,0,0,32227.22,1
10001894,Customer_1894,593,Germany,Female,37,7,86180.86,1,1,0,3255.86,1
10001895,Customer_1895,840,France,Female,19,9,132761.23,1,1,0,120919.22,0
10001896,Customer_1896,686,Spain,Male,26,0,233412.53,1,0,1,129244.45,0
10001897,Customer_1897,795,Germany,Male,56,0,20797.24,1,1,1,30037.81,0
10001898,Customer_1898,714,France,Male,47,0,27202.61,2,1,0,102498.87,0
10001899,Customer_1899,840,France,Female,71,5,248546.94,2,1,1,77105.09,1
10001900,Customer_1900,831,Germany,Female,75,6,242847.79,1,1,1,15261.79,0
10001901,Customer_1901,550,Germany,Female,61,9,192925.4,2,1,1,101553.87,0
10001902,Customer_1902,503,France,Male,60,8,121047.07,2,0,1,117031.88,0
10001903,Customer_1903,799,France,Male,27,9,126515.21,1,0,0,43443.02,0
10001904,Customer_1904,422,Spain,Female,65,4,64303.22,1,1,1,147958.79,0
10001905,Customer_1905,550,France,Male,34,0,108182.76,2,1,1,14530.49,0
10001906,Customer_1906,645,Germany,Female,22,8,107837.34,2,1,0,110203.98,0
10001907,Customer_1907,366,France,Female,87,4,9022.5,2,1,1,60685.71,1
10001908,Customer_1908,478,Spain,Male,91,5,113289.55,2,0,0,87220.82,1
10001909,Customer_1909,566,Spain,Male,81,8,119948.6,2,1,0,178695.88,0
10001910,Customer_1910,410,Spain,Male,83,1,166445.79,2,1,0,133994.48,0
10001911,Customer_1911,776,France,Female,88,2,129113.23,2,1,0,29785.08,1
10001912,Customer_1912,453,Spain,Female,21,6,215420.73,2,1,1,177262.46,0
10001913,Customer_1913,391,France,Female,45,2,91890.46,1,1,0,74573.6,0
10001914,Customer_1914,374,Germany,Male,55,1,102429.4,2,1,0,68264.15,0
10001915,Customer_1915,388,Germany,Male,83,6,142870.63,2,1,1,100312.77,0
10001916,Customer_1916,640,France,Female,84,7,50680.68,1,1,1,41067.54,0
10001917,Customer_1917,480,Spain,Male,77,8,98374.52,1,1,0,182848.14,1
10001918,Customer_1918,847,France,Female,64,1,171541.87,2,1,0,93583.66,0
10001919,Customer_1919,578,Germany,Male,42,1,102952.18,3,0,0,78771.21,1
10001920,Customer_1920,457,Spain,Male,83,10,226654.13,2,1,0,34202.67,0
10001921,Customer_1921,521,Spain,Male,84,6,153825.13,1,1,1,160538.46,1
10001922,Customer_1922,784,France,Male,86,3,38441.94,1,0,1,190567.63,0
10001923,Customer_1923,827,France,Female,57,4,121861.09,1,1,1,173919.96,0
10001924,Customer_1924,451,Spain,Male,67,0,191194.69,2,1,0,32308.62,0
10001925,Customer_1925,703,France,Female,57,5,160836.29,2,1,1,150325.83,0
10001926,Customer_1926,361,France,Female,54,9,221315.89,2,0,0,40841.52,0
10001927,Customer_1927,624,France,Male,86,7,187495.72,2,0,0,7777.45,0
10001928,Customer_1928,450,France,Male,34,10,15403.44,1,0,1,96900.01,0
10001929,Customer_1929,393,Spain,Female,79,0,28128.16,1,1,0,134079.75,0
10001930,Customer_1930,792,France,Male,58,1,162437.17,2,1,0,24867.15,1
10001931,Customer_1931,654,Germany,Female,59,6,59601.99,2,0,0,121108.13,0
10001932,Customer_1932,794,France,Female,48,1,146958.73,1,0,1,168730.82,1
10001933,Customer_1933,366,France,Male,50,8,198054.4,1,1,0,41810.79,1
10001934,Customer_1934,679,France,Female,60,5,144232.9,2,1,0,85564.17,0
10001935,Customer_1935,406,France,Male,84,4,103872.14,2,1,0,99765.66,0
10001936,Customer_1936,660,France,Male,55,6,161567.58,1,0,0,166244.21,1
10001937,Customer_1937,846,Germany,Female,58,9,35904.86,1,1,1,154277.84,0
10001938,Customer_1938,652,France,Male,80,7,180802.0,2,1,1,153868.07,0
10001939,Customer_1939,361,France,Female,57,8,174256.28,1,0,0,135811.2,0
10001940,Customer_1940,667,France,Female,47,5,128600.84,4,0,1,123562.03,0
10001941,Customer_1941,429,France,Male,64,4,69703.37,1,0,0,101782.91,0
10001942,Customer_1942,565,Spain,Male,39,6,199390.95,2,0,0,73930.66,0
10001943,Customer_1943,688,Germany,Male,72,1,127637.58,2,1,0,102650.88,1
10001944,Customer_1944,613,France,Male,60,7,14794.23,1,1,0,170745.56,0
10001945,Customer_1945,828,France,Male,78,3,229653.14,1,0,1,114122.43,0
10001946,Customer_1946,498,Spain,Female,91,0,191929.11,2,1,0,197121.33,0
10001947,Customer_1947,430,France,Female,49,2,146201.29,1,1,1,28516.07,0
10001948,Customer_1948,564,Spain,Female,21,8,109206.38,1,1,1,88237.11,0
10001949,Customer_1949,834,France,Male,62,3,239974.92,1,0,0,40064.89,1
10001950,Customer_1950,723,Spain,Female,89,9,193755.14,1,1,0,73026.97,1
10001951,Customer_1951,813,Spain,Male,37,9,133748.27,2,1,0,157955.19,0
10001952,Customer_1952,547,Germany,Male,88,10,163288.47,2,0,0,164956.82,1
10001953,Customer_1953,549,France,Male,82,2,70187.6,1,1,1,6354.47,0
10001954,Customer_1954,374,France,Male,77,3,48928.99,2,1,1,190674.43,0
10001955,Customer_1955,815,France,Female,43,2,68329.89,1,1,1,174375.81,0
10001956,Customer_1956,438,France,Female,90,2,73284.02,1,1,0,180995.0,1
10001957,Customer_1957,617,France,Female,40,1,184934.61,1,1,0,75362.73,1
10001958,Customer_1958,492,France,Female,57,5,35015.26,2,1,1,99397.51,0
10001959,Customer_1959,408,Germany,Female,19,9,194396.8,2,1,1,33709.82,0
10001960,Customer_1960,759,Germany,Male,43,5,130848.83,1,1,1,79373.12,0
10001961,Customer_1961,838,France,Male,79,9,96143.28,1,1,0,25238.84,1
10001962,Customer_1962,714,France,Female,61,3,75099.03,2,0,0,172658.67,0
10001963,Customer_1963,375,Spain,Male,48,7,128300.15,2,1,1,116230.56,0
10001964,Customer_1964,396,France,Female,43,5,79379.62,2,0,0,27205.86,0
10001965,Customer_1965,637,Spain,Male,22,7,107363.0,1,0,0,175814.45,1
10001966,Customer_1966,615,France,Male,87,5,184753.82,2,0,1,16083.8,0
10001967,Customer_1967,365,France,Male,52,8,156499.63,2,1,0,185390.27,1
10001968,Customer_1968,548,France,Female,33,2,186995.59,2,1,0,21159.7,0
10001969,Customer_1969,750,France,Male,48,2,178243.42,1,1,0,143598.34,0
10001970,Customer_1970,756,Spain,Female,31,1,203768.12,1,1,1,129065.29,0
10001971,Customer_1971,631,Germany,Male,42,9,50422.49,2,1,0,156542.68,1
10001972,Customer_1972,818,France,Female,88,5,248780.75,2,1,1,112958.79,1
10001973,Customer_1973,435,Spain,Male,35,6,118942.61,1,1,0,69991.46,0
10001974,Customer_1974,599,France,Male,67,6,179558.23,1,1,1,54888.16,0
10001975,Customer_1975,740,Spain,Male,37,4,169437.54,1,1,1,189094.72,0
10001976,Customer_1976,619,Spain,Male,73,5,141537.52,1,1,1,88260.19,0
10001977,Customer_1977,684,France,Male,19,6,248954.05,1,1,1,168440.45,0
10001978,Customer_1978,466,France,Female,43,10,54328.96,1,1,0,144614.21,0
10001979,Customer_1979,356,France,Male,40,1,105432.22,1,0,0,131230.77,1
10001980,Customer_1980,486,Germany,Male,49,9,31932.64,1,0,1,194122.18,0
10001981,Customer_1981,720,Germany,Male,30,6,45458.87,2,1,1,113094.7,0
10001982,Customer_1982,525,Spain,Male,30,0,178241.02,1,0,1,146606.42,0
10001983,Customer_1983,677,Germany,Male,34,5,1210.67,2,1,0,169935.58,0
10001984,Customer_1984,847,France,Male,75,7,222455.16,1,0,0,9206.0,1
10001985,Customer_1985,664,France,Male,44,0,158296.12,1,1,1,199261.63,0
10001986,Customer_1986,564,Germany,Male,34,0,110226.26,2,1,0,52442.98,1
10001987,Customer_1987,826,France,Female,55,5,82840.28,2,1,0,140506.63,0
10001988,Customer_1988,431,Spain,Female,31,4,31568.51,2,0,0,190723.76,1
10001989,Customer_1989,572,France,Male,31,2,230390.65,1,0,0,152629.97,0
10001990,Customer_1990,827,France,Male,29,9,178080.58,2,1,0,45931.93,1
10001991,Customer_1991,721,France,Male,86,9,84098.25,1,1,1,72469.79,0
10001992,Customer_1992,772,Germany,Male,85,6,17734.04,2,1,1,82842.25,0
10001993,Customer_1993,832,France,Male,72,6,81420.71,1,0,1,117274.05,1
10001994,Customer_1994,751,Spain,Female,80,6,46158.57,2,1,1,120593.91,0
10001995,Customer_1995,792,France,Male,46,5,196568.33,2,1,1,157582.48,0
10001996,Customer_1996,839,Spain,Female,62,3,179899.67,2,0,0,171936.19,1
10001997,Customer_1997,452,Germany,Male,21,8,124540.16,3,0,1,17917.55,1
10001998,Customer_1998,622,France,Female,33,8,221460.28,2,1,1,54639.32,0
10001999,Customer_1999,363,Spain,Female,83,6,45170.17,2,1,0,68739.66,0
10002000,Customer_2000,508,France,Male,40,6,112991.4,2,0,1,2683.79,0
10002001,Customer_2001,501,France,Male,85,7,177655.08,1,1,1,83523.32,1
10002002,Customer_2002,832,France,Female,37,10,16950.59,1,1,0,71766.78,1
10002003,Customer_2003,457,Spain,Female,34,4,93169.34,2,1,1,105083.25,0
10002004,Customer_2004,537,Spain,Male,69,10,142916.2,3,1,1,20046.2,1
10002005,Customer_2005,650,Germany,Male,23,8,91700.88,2,1,0,82805.0,0
10002006,Customer_2006,447,Germany,Male,56,5,120049.75,1,1,0,119487.62,1
10002007,Customer_2007,480,Spain,Male,51,6,152029.59,2,1,1,160765.21,0
10002008,Customer_2008,642,France,Female,71,6,92097.65,1,1,1,153293.06,0
10002009,Customer_2009,520,Spain,Female,82,8,26503.59,1,1,0,80977.86,0
10002010,Customer_2010,773,France,Male,46,6,34861.12,1,1,1,77913.23,0
10002011,Customer_2011,823,Spain,Male,58,2,131750.99,1,0,1,7505.0,1
10002012,Customer_2012,532,Germany,Male,80,5,43685.01,1,1,0,16539.02,1
10002013,Customer_2013,820,Spain,Female,49,5,222458.42,2,1,1,174482.69,0
10002014,Customer_2014,713,Germany,Female,83,10,208546.42,2,0,1,161177.14,0
10002015,Customer_2015,388,France,Male,62,6,87258.02,1,0,1,4228.21,0
10002016,Customer_2016,364,Germany,Male,34,5,207746.79,1,1,0,176537.0,1
10002017,Customer_2017,725,France,Female,60,3,133296.96,2,1,1,122780.1,0
10002018,Customer_2018,846,Germany,Male,83,5,39762.73,3,0,1,160386.0,1
10002019,Customer_2019,353,Germany,Male,85,2,153552.96,2,1,0,100510.82,0
10002020,Customer_2020,698,Spain,Male,51,0,169862.78,1,0,1,30134.62,0
10002021,Customer_2021,819,Germany,Male,18,0,20972.89,1,1,0,71385.17,0
10002022,Customer_2022,758,France,Male,40,4,78613.27,1,1,0,90011.87,0
10002023,Customer_2023,746,France,Female,23,10,1346.0,1,0,0,150785.14,0
10002024,Customer_2024,559,Germany,Female,33,7,79107.2,2,1,0,162540.58,0
10002025,Customer_2025,510,France,Male,19,2,83861.33,1,1,1,148293.43,0
10002026,Customer_2026,365,France,Male,44,1,157552.16,2,1,0,95335.24,0
10002027,Customer_2027,842,Spain,Female,36,7,49760.82,2,1,1,132743.99,0
10002028,Customer_2028,775,Germany,Male,45,8,7522.75,1,1,1,59110.71,0
10002029,Customer_2029,457,Germany,Male,52,8,78908.63,2,1,1,197560.48,1
10002030,Customer_2030,731,France,Male,85,1,206404.89,2,1,1,33650.3,0
10002031,Customer_2031,799,Germany,Female,66,7,99786.3,2,0,1,144723.55,1
10002032,Customer_2032,660,France,Male,24,1,103773.44,2,1,1,30995.41,0
10002033,Customer_2033,576,Germany,Male,54,6,117256.89,1,1,1,56181.14,1
10002034,Customer_2034,519,France,Male,42,7,187947.21,2,0,0,149767.92,1
10002035,Customer_2035,383,Spain,Male,58,0,120006.22,1,0,1,145826.12,0
10002036,Customer_2036,763,France,Female,79,7,22820.69,1,0,0,24911.6,1
10002037,Customer_2037,600,France,Female,58,2,51599.95,2,0,1,135712.08,0
10002038,Customer_2038,596,Germany,Male,31,0,46974.34,1,1,0,40776.57,0
10002039,Customer_2039,618,Germany,Male,71,6,126965.83,1,0,1,194592.61,0
10002040,Customer_2040,490,France,Female,19,9,7482.37,1,1,1,120614.71,0
10002041,Customer_2041,623,Spain,Male,65,2,70904.15,1,0,0,706.85,0
10002042,Customer_2042,765,France,Female,68,7,151798.74,2,1,1,41699.62,0
10002043,Customer_2043,445,Spain,Male,72,8,88662.67,4,1,1,45929.57,0
10002044,Customer_2044,576,Spain,Male,29,1,176928.04,1,0,1,49427.9,0
10002045,Customer_2045,728,France,Female,86,0,97805.33,1,1,1,111423.49,0
10002046,Customer_2046,388,Spain,Male,18,7,244814.38,1,1,0,41130.08,1
10002047,Customer_2047,651,France,Male,76,9,241339.07,1,1,0,82564.88,1
10002048,Customer_2048,849,France,Female,90,5,199960.18,1,1,0,34674.09,0
10002049,Customer_2049,378,Spain,Female,51,9,238597.63,2,1,0,133384.15,1
10002050,Customer_2050,795,Germany,Female,63,0,51194.56,2,1,1,113746.08,1
10002051,Customer_2051,846,France,Female,76,2,187730.79,2,1,0,125743.7,1
10002052,Customer_2052,826,France,Male,83,8,80414.66,1,1,0,193482.03,1
10002053,Customer_2053,667,France,Male,36,8,181323.58,1,0,1,79867.0,1
10002054,Customer_2054,594,Spain,Male,45,5,93473.37,1,1,1,43103.15,0
10002055,Customer_2055,585,France,Female,57,2,72355.16,1,0,0,199754.19,0
10002056,Customer_2056,534,France,Male,74,7,239698.77,2,1,1,11625.37,0
10002057,Customer_2057,621,France,Male,68,5,52471.36,1,1,1,162071.96,0
10002058,Customer_2058,789,France,Female,39,0,189642.15,1,0,1,32444.54,0
10002059,Customer_2059,585,France,Male,85,5,168668.04,1,0,1,132960.73,1
10002060,Customer_2060,588,France,Male,25,4,75869.41,2,1,1,94765.04,0
10002061,Customer_2061,726,France,Male,77,7,114585.75,2,1,0,167806.88,1
10002062,Customer_2062,615,France,Male,82,1,35735.77,2,1,0,146221.18,1
10002063,Customer_2063,763,Spain,Male,53,6,230302.15,1,0,0,34476.28,1
10002064,Customer_2064,758,France,Male,88,5,242029.95,2,1,1,133052.68,0
10002065,Customer_2065,708,Spain,Male,46,0,183115.76,1,1,0,43426.81,0
10002066,Customer_2066,689,Spain,Male,82,7,212355.09,2,1,1,33863.22,0
10002067,Customer_2067,738,Spain,Male,73,5,20654.36,2,1,1,16833.28,0
10002068,Customer_2068,414,Spain,Male,21,2,95992.15,1,1,0,22740.96,1
10002069,Customer_2069,827,France,Male,89,4,82702.78,1,1,0,140778.73,0
10002070,Customer_2070,526,France,Male,67,6,141237.89,1,1,1,198424.41,0
10002071,Customer_2071,352,France,Male,56,8,45838.82,2,1,1,135162.03,0
10002072,Customer_2072,778,France,Female,52,3,140845.33,2,0,1,141696.64,0
10002073,Customer_2073,491,Germany,Female,42,1,163591.34,2,0,1,156544.35,1
10002074,Customer_2074,725,Germany,Male,61,2,33088.27,2,1,0,177803.49,1
10002075,Customer_2075,507,Spain,Male,64,6,32930.18,2,1,1,53554.0,0
10002076,Customer_2076,847,France,Male,57,7,8855.85,2,1,1,120913.49,1
10002077,Customer_2077,673,Spain,Female,48,4,190223.11,1,0,1,43336.0,0
10002078,Customer_2078,495,France,Female,86,2,82752.13,1,1,0,105132.72,1
10002079,Customer_2079,795,France,Male,91,0,56355.11,1,0,1,41742.41,1
10002080,Customer_2080,642,France,Female,60,9,194523.6,2,1,1,12811.36,0
10002081,Customer_2081,502,Spain,Female,72,0,35813.92,2,1,0,17666.94,1
10002082,Customer_2082,781,France,Male,33,10,106795.86,2,1,1,195260.74,0
10002083,Customer_2083,542,Spain,Male,85,1,186196.67,1,0,0,1214.55,0
10002084,Customer_2084,786,Spain,Male,86,4,143458.08,1,0,0,138036.41,0
10002085,Customer_2085,843,Spain,Male,59,2,138500.04,1,1,0,177462.75,0
10002086,Customer_2086,812,France,Male,58,6,39365.85,1,1,1,78747.41,0
10002087,Customer_2087,422,Spain,Female,67,1,45233.18,2,1,0,141626.18,1
10002088,Customer_2088,748,Spain,Male,23,1,145639.7,1,1,1,69784.62,1
10002089,Customer_2089,654,France,Male,70,2,5891.72,1,0,1,105798.15,0
10002090,Customer_2090,726,France,Female,34,0,217279.5,2,1,0,187140.48,0
10002091,Customer_2091,693,France,Male,74,1,87617.7,1,1,0,8477.55,0
10002092,Customer_2092,801,France,Male,84,4,104154.05,2,1,0,53443.05,1
10002093,Customer_2093,489,Germany,Male,33,2,64608.08,2,1,1,21207.55,0
10002094,Customer_2094,536,Spain,Male,69,10,219167.77,2,0,0,99190.63,1
10002095,Customer_2095,642,France,Male,51,9,160626.02,1,0,1,154098.61,0
10002096,Customer_2096,410,Germany,Female,37,5,112477.12,1,0,0,195320.2,0
10002097,Customer_2097,834,Spain,Male,73,1,146327.2,2,0,0,31098.91,1
10002098,Customer_2098,776,France,Female,68,7,95092.4,1,1,1,8796.66,1
10002099,Customer_2099,729,Spain,Male,70,3,116395.62,2,1,0,27679.26,0
10002100,Customer_2100,547,Germany,Female,66,2,89408.05,1,1,0,193750.85,0
10002101,Customer_2101,644,Germany,Female,21,4,102668.7,2,1,0,64033.27,1
10002102,Customer_2102,789,France,Female,35,7,78744.14,1,1,0,53442.56,0
10002103,Customer_2103,668,Germany,Male,53,8,19410.27,1,0,1,147016.36,0
10002104,Customer_2104,651,France,Female,52,0,9336.57,2,0,1,24144.75,0
10002105,Customer_2105,693,Spain,Female,47,3,43526.55,2,1,1,69822.18,0
10002106,Customer_2106,360,France,Female,80,5,62909.44,2,1,0,28971.73,0
10002107,Customer_2107,411,Spain,Male,38,5,222617.97,1,1,0,194864.38,1
10002108,Customer_2108,682,France,Male,69,8,152812.16,2,1,1,57032.4,1
10002109,Customer_2109,575,France,Male,86,0,239574.29,2,0,0,53847.09,0
10002110,Customer_2110,502,Germany,Male,58,4,84911.72,1,1,0,126884.58,0
10002111,Customer_2111,548,France,Female,71,9,100434.5,1,1,0,3334.08,1
10002112,Customer_2112,401,Spain,Female,47,0,179938.31,1,1,0,130711.34,0
10002113,Customer_2113,609,Spain,Male,73,5,144475.52,1,1,1,90777.0,1
10002114,Customer_2114,408,Spain,Male,58,8,131970.02,2,0,0,36835.98,0
10002115,Customer_2115,421,France,Male,31,3,143891.01,1,0,0,97274.25,0
10002116,Customer_2116,497,Germany,Male,38,9,146033.83,1,1,1,199797.66,0
10002117,Customer_2117,698,Germany,Male,42,9,191435.11,1,1,1,167762.97,0
10002118,Customer_2118,412,Spain,Female,67,8,167020.51,1,1,0,194833.11,0
10002119,Customer_2119,659,France,Male,70,2,239328.56,1,0,0,185213.08,1
10002120,Customer_2120,722,France,Female,65,10,236990.75,1,1,0,164084.99,1
10002121,Customer_2121,592,Germany,Male,87,6,105480.71,1,0,1,66956.21,0
10002122,Customer_2122,842,France,Female,65,4,8930.65,2,1,0,145990.2,0
10002123,Customer_2123,715,France,Male,21,9,2768.7,1,1,0,78314.3,0
10002124,Customer_2124,679,France,Male,41,0,30798.35,2,1,0,85911.61,0
10002125,Customer_2125,456,Spain,Male,48,6,18724.35,1,0,1,174679.81,0
10002126,Customer_2126,575,Spain,Male,46,7,93341.51,2,1,0,41045.38,0
10002127,Customer_2127,662,Germany,Male,22,5,13218.65,2,1,1,59326.61,0
10002128,Customer_2128,567,France,Female,84,0,156228.51,2,1,0,186100.79,1
10002129,Customer_2129,774,France,Male,70,8,47543.56,2,1,1,139922.19,0
10002130,Customer_2130,590,Spain,Male,81,6,128491.33,1,1,1,12990.05,1
10002131,Customer_2131,608,Spain,Female,52,5,25769.7,2,1,1,24332.27,1
10002132,Customer_2132,725,Spain,Male,29,3,206932.27,1,0,0,115914.27,0
10002133,Customer_2133,611,Spain,Male,64,2,194989.71,2,1,0,159753.21,0
10002134,Customer_2134,354,France,Female,72,3,96621.81,1,1,1,158563.64,0
10002135,Customer_2135,610,Spain,Male,86,0,227648.33,2,1,0,84991.53,0
10002136,Customer_2136,403,France,Female,55,8,46425.16,2,1,1,51710.02,0
10002137,Customer_2137,396,France,Female,46,1,203484.18,1,1,1,157543.94,0
10002138,Customer_2138,564,Germany,Female,29,1,136463.86,1,0,1,188814.24,0
10002139,Customer_2139,526,France,Female,36,2,82395.02,2,0,1,88832.26,0
10002140,Customer_2140,358,France,Male,26,0,21090.23,2,0,1,27464.76,0
10002141,Customer_2141,448,France,Male,46,9,42827.78,2,1,0,121950.16,0
10002142,Customer_2142,369,France,Female,20,2,215715.65,1,0,0,14337.21,0
10002143,Customer_2143,727,Spain,Male,47,3,151721.52,3,0,0,122304.39,0
10002144,Customer_2144,590,France,Female,75,8,59273.89,1,0,0,34598.26,1
10002145,Customer_2145,410,France,Female,70,4,123963.22,3,1,0,103201.14,0
10002146,Customer_2146,728,France,Female,21,10,26959.17,1,1,1,125102.96,0
10002147,Customer_2147,839,France,Male,74,5,24710.62,4,0,1,89351.22,1
10002148,Customer_2148,768,France,Male,71,0,226941.16,1,1,1,165461.27,0
10002149,Customer_2149,527,Germany,Male,45,2,114464.07,2,1,0,74948.65,0
10002150,Customer_2150,687,France,Male,33,6,90391.79,2,1,1,31015.85,0
10002151,Customer_2151,411,Spain,Female,30,6,237267.96,2,0,0,92786.83,1
10002152,Customer_2152,494,Spain,Female,89,9,99750.17,2,1,0,192708.17,1
10002153,Customer_2153,565,Germany,Female,73,0,84060.53,1,0,1,176037.76,0
10002154,Customer_2154,352,France,Male,70,8,68246.54,1,1,1,62224.24,0
10002155,Customer_2155,509,France,Male,65,0,141265.71,1,1,0,48549.35,0
10002156,Customer_2156,576,Spain,Male,42,6,139602.65,2,1,1,96663.32,0
10002157,Customer_2157,835,Germany,Male,83,1,4048.54,2,0,0,131035.39,0
10002158,Customer_2158,618,Spain,Male,47,8,163515.58,1,1,0,185344.69,0
10002159,Customer_2159,469,Spain,Male,20,8,197076.78,1,0,1,122669.49,0
10002160,Customer_2160,730,Spain,Male,40,8,153991.14,1,1,1,167225.09,0
10002161,Customer_2161,844,Spain,Male,46,3,217472.03,2,1,0,139218.03,0
10002162,Customer_2162,438,Germany,Female,58,5,69104.09,2,1,0,20314.49,0
10002163,Customer_2163,678,France,Male,28,1,47994.85,1,1,0,178358.3,0
10002164,Customer_2164,417,Spain,Female,38,2,174319.52,2,0,1,39916.29,0
10002165,Customer_2165,747,Germany,Male,41,5,47139.78,2,1,1,73336.37,0
10002166,Customer_2166,706,France,Male,82,0,22776.22,1,1,1,168054.1,1
10002167,Customer_2167,447,Germany,Male,18,6,24153.77,2,1,1,195842.81,0
10002168,Customer_2168,616,Germany,Female,71,1,192098.37,2,1,0,62129.94,0
10002169,Customer_2169,454,Spain,Male,89,7,7184.33,2,1,1,76651.35,0
10002170,Customer_2170,789,Germany,Male,51,4,72364.18,2,1,0,97128.39,0
10002171,Customer_2171,672,France,Female,85,6,32296.6,2,0,0,99603.85,1
10002172,Customer_2172,472,Spain,Male,46,7,188727.54,1,1,0,150077.73,1
10002173,Customer_2173,825,Spain,Male,20,2,125873.27,1,1,0,163425.76,0
10002174,Customer_2174,378,Germany,Male,28,5,51373.1,1,1,1,198207.27,0
10002175,Customer_2175,486,France,Male,25,8,187602.72,2,1,0,160847.9,0
10002176,Customer_2176,544,France,Female,79,3,187591.63,1,1,1,59963.99,0
10002177,Customer_2177,758,Germany,Female,50,9,130755.66,2,1,0,71637.19,1
10002178,Customer_2178,575,France,Male,25,6,68962.45,1,1,0,123615.77,0
10002179,Customer_2179,681,France,Male,42,0,146569.27,1,1,1,137331.04,0
10002180,Customer_2180,519,Germany,Female,43,6,233382.53,2,1,1,18002.4,0
10002181,Customer_2181,358,France,Male,43,8,12909.1,1,1,0,68742.87,0
10002182,Customer_2182,812,France,Female,34,9,66737.46,1,1,1,40542.12,0
10002183,Customer_2183,389,France,Male,46,7,71242.3,3,1,1,101575.32,0
10002184,Customer_2184,374,France,Female,60,3,157952.92,2,1,1,33748.67,0
10002185,Customer_2185,610,Spain,Female,90,2,162791.1,1,0,0,116152.9,0
10002186,Customer_2186,744,France,Female,22,6,51578.85,1,1,0,93465.16,0
10002187,Customer_2187,792,France,Male,67,0,54025.15,2,1,1,80791.32,1
10002188,Customer_2188,575,Germany,Female,73,7,232053.17,2,0,1,129794.44,1
10002189,Customer_2189,821,Spain,Male,80,0,189074.7,1,1,0,83270.75,1
10002190,Customer_2190,473,Germany,Female,74,6,233567.42,2,1,0,79859.58,0
10002191,Customer_2191,812,France,Male,62,5,207415.75,1,1,1,130228.19,0
10002192,Customer_2192,387,France,Female,54,9,100529.5,3,0,0,11467.63,1
10002193,Customer_2193,677,Spain,Male,89,7,30476.91,1,1,0,86502.72,0
10002194,Customer_2194,600,France,Male,53,5,157387.59,2,1,1,39088.96,0
10002195,Customer_2195,738,Germany,Female,50,4,87997.77,1,0,1,7725.16,0
10002196,Customer_2196,525,France,Male,23,8,106353.0,1,0,0,6947.16,1
10002197,Customer_2197,439,France,Female,88,3,106469.94,1,1,1,33533.29,1
10002198,Customer_2198,751,Spain,Female,62,6,234129.91,1,1,0,86794.46,1
10002199,Customer_2199,803,Germany,Female,24,5,17215.6,1,0,0,113344.47,1
10002200,Customer_2200,386,Germany,Female,82,9,48275.94,1,0,1,159182.1,0
10002201,Customer_2201,665,France,Male,41,5,151985.72,3,1,0,121542.76,0
10002202,Customer_2202,525,France,Male,62,10,220939.52,1,1,0,104016.41,1
10002203,Customer_2203,810,Germany,Male,78,4,229485.66,1,1,0,7283.92,0
10002204,Customer_2204,633,Germany,Male,36,1,139673.23,2,1,0,59587.65,1
10002205,Customer_2205,802,France,Male,49,3,8640.3,2,1,0,138457.55,1
10002206,Customer_2206,810,France,Female,47,0,90720.26,2,1,1,54110.92,0
10002207,Customer_2207,430,France,Male,82,8,229708.32,2,1,0,118872.44,0
10002208,Customer_2208,463,Spain,Male,49,8,124986.02,3,0,0,120784.57,0
10002209,Customer_2209,389,Spain,Female,74,7,181653.32,2,1,1,61033.2,0
10002210,Customer_2210,650,Spain,Male,37,3,67298.36,2,1,0,114323.66,0
10002211,Customer_2211,573,France,Male,47,4,6251.74,2,1,1,22804.44,0
10002212,Customer_2212,667,Spain,Male,76,0,144590.05,2,1,0,145397.26,1
10002213,Customer_2213,698,France,Female,79,3,208745.25,1,1,1,4516.29,0
10002214,Customer_2214,464,Germany,Female,84,3,247567.17,1,1,0,7075.61,1
10002215,Customer_2215,535,Spain,Female,48,4,211656.78,1,1,1,174053.1,0
10002216,Customer_2216,672,France,Male,83,1,138498.59,1,0,1,116062.06,1
10002217,Customer_2217,405,France,Female,71,1,152181.9,1,1,0,32592.04,0
10002218,Customer_2218,389,France,Female,27,1,206041.01,2,1,1,120332.02,0
10002219,Customer_2219,703,France,Male,55,10,4952.67,1,1,1,73976.52,0
10002220,Customer_2220,389,Germany,Male,48,7,237911.09,2,1,1,53981.6,0
10002221,Customer_2221,696,Germany,Female,46,1,132805.31,2,1,1,162267.02,0
10002222,Customer_2222,810,Spain,Male,42,5,238013.06,1,0,0,95467.47,1
10002223,Customer_2223,586,Germany,Female,49,1,191129.54,1,1,1,58702.39,1
10002224,Customer_2224,638,Germany,Male,34,7,38079.42,1,1,1,188739.52,0
10002225,Customer_2225,611,France,Male,62,0,41314.95,2,1,0,33014.23,0
10002226,Customer_2226,565,France,Male,66,1,88411.49,2,0,1,28410.97,0
10002227,Customer_2227,496,Spain,Male,35,4,65997.01,2,1,0,19470.7,0
10002228,Customer_2228,685,France,Male,69,5,109824.69,1,0,1,24896.5,0
10002229,Customer_2229,517,Germany,Female,37,8,150975.97,1,1,1,50565.26,0
10002230,Customer_2230,441,France,Female,79,5,109144.87,3,1,1,139704.14,0
10002231,Customer_2231,702,Germany,Female,30,7,14105.15,1,1,1,134375.17,1
10002232,Customer_2232,408,Germany,Female,60,6,243907.9,1,0,0,152694.94,1
10002233,Customer_2233,408,France,Male,38,0,106280.53,1,1,1,115118.87,0
10002234,Customer_2234,653,France,Female,23,1,212768.75,3,0,0,98527.73,0
10002235,Customer_2235,518,Germany,Male,88,3,18488.57,1,1,1,86383.05,0
10002236,Customer_2236,618,France,Male,70,0,202516.22,2,1,1,174930.07,0
10002237,Customer_2237,712,France,Male,69,7,43351.16,1,1,1,68708.22,0
10002238,Customer_2238,394,Germany,Male,86,3,169851.24,2,0,1,178305.55,0
10002239,Customer_2239,694,France,Male,26,6,165451.67,1,0,1,55115.91,0
10002240,Customer_2240,530,Spain,Male,91,6,227451.68,1,1,1,31473.14,0
10002241,Customer_2241,519,Germany,Male,63,7,80169.17,2,1,0,51036.7,1
10002242,Customer_2242,705,France,Female,88,8,27239.94,1,1,0,99810.72,0
10002243,Customer_2243,540,Germany,Male,47,8,216141.45,2,1,1,185178.35,0
10002244,Customer_2244,504,Germany,Male,60,6,82894.38,3,1,1,35470.97,1
10002245,Customer_2245,771,France,Female,76,8,58133.45,1,1,1,115984.95,0
10002246,Customer_2246,537,France,Male,55,4,121552.15,1,1,1,43552.84,0
10002247,Customer_2247,356,France,Female,51,9,36533.92,2,1,0,135532.58,0
10002248,Customer_2248,482,France,Female,63,3,74240.84,2,1,1,93012.89,0
10002249,Customer_2249,584,France,Male,49,2,96320.16,2,1,1,146710.48,0
10002250,Customer_2250,394,France,Male,33,5,69313.82,1,1,1,171223.34,0
10002251,Customer_2251,663,France,Male,56,9,112564.88,2,0,1,66956.08,0
10002252,Customer_2252,598,Germany,Male,18,10,96162.67,1,1,1,187638.43,0
10002253,Customer_2253,848,Germany,Male,74,8,193647.76,1,1,0,93690.29,0
10002254,Customer_2254,380,Germany,Male,37,3,229602.17,2,0,1,187327.56,0
10002255,Customer_2255,372,Spain,Male,59,1,25230.8,2,0,1,46133.01,0
10002256,Customer_2256,775,Spain,Female,89,10,205825.64,1,1,0,179418.28,1
10002257,Customer_2257,743,Germany,Male,51,2,232942.8,2,1,0,66738.65,0
10002258,Customer_2258,509,Germany,Female,67,2,171653.29,1,1,0,150152.89,1
10002259,Customer_2259,712,France,Male,28,1,249104.92,2,1,1,193636.89,0
10002260,Customer_2260,786,Spain,Female,60,8,83760.75,2,0,1,182433.36,0
10002261,Customer_2261,507,France,Male,27,3,207577.49,1,0,0,92736.84,1
10002262,Customer_2262,388,France,Female,25,2,168425.63,1,1,0,68987.44,0
10002263,Customer_2263,764,Germany,Male,89,9,80857.2,2,1,1,122531.58,0
10002264,Customer_2264,431,France,Female,36,5,176169.12,2,0,0,141165.11,0
10002265,Customer_2265,705,France,Male,82,7,127405.46,2,0,0,108054.4,1
10002266,Customer_2266,607,Germany,Male,72,10,47243.47,2,0,0,169696.84,0
10002267,Customer_2267,555,Germany,Male,69,7,43469.92,1,1,1,11663.78,0
10002268,Customer_2268,426,Germany,Male,20,9,178349.71,2,1,0,119931.92,0
10002269,Customer_2269,826,Spain,Male,70,5,177982.62,2,1,0,105053.8,0
10002270,Customer_2270,361,France,Male,61,4,132693.44,1,1,1,7883.35,1
10002271,Customer_2271,644,France,Male,65,10,125353.92,2,1,0,2553.09,0
10002272,Customer_2272,799,Germany,Male,71,6,45009.61,2,1,1,121230.28,1
10002273,Customer_2273,573,France,Female,33,2,107321.53,2,1,0,23609.47,0
10002274,Customer_2274,362,Germany,Female,47,9,217849.38,2,1,1,153708.84,0
10002275,Customer_2275,395,France,Male,45,1,213681.83,1,1,0,189850.34,0
10002276,Customer_2276,504,France,Female,33,7,165229.73,2,0,1,35492.3,0
10002277,Customer_2277,462,Germany,Male,68,10,249339.17,2,1,0,159717.06,1
10002278,Customer_2278,582,Germany,Male,50,8,223294.59,2,1,1,118288.25,0
10002279,Customer_2279,366,Germany,Male,42,5,36307.61,1,0,1,89594.03,0
10002280,Customer_2280,709,France,Male,35,3,99784.1,2,0,1,130063.51,0
10002281,Customer_2281,572,France,Female,43,5,32984.37,1,1,0,160469.8,0
10002282,Customer_2282,703,France,Male,23,6,116522.4,2,1,1,194129.38,0
10002283,Customer_2283,537,France,Female,55,7,194095.71,2,0,1,132102.39,1
10002284,Customer_2284,797,France,Male,61,2,38947.18,2,1,0,149388.82,0
10002285,Customer_2285,693,France,Male,84,5,220105.51,1,0,0,121508.12,0
10002286,Customer_2286,714,Germany,Male,60,9,142264.39,2,0,1,113013.83,0
10002287,Customer_2287,512,France,Female,23,5,187236.11,1,1,0,12966.67,0
10002288,Customer_2288,845,Germany,Male,81,9,11288.95,2,1,0,31024.15,1
10002289,Customer_2289,675,Spain,Male,30,6,23459.54,2,1,1,75857.39,0
10002290,Customer_2290,816,France,Male,82,3,155215.3,1,1,1,129904.57,0
10002291,Customer_2291,763,France,Female,55,5,209547.98,2,0,0,15169.01,0
10002292,Customer_2292,804,France,Male,81,1,218466.27,2,1,0,108880.47,1
10002293,Customer_2293,423,Germany,Female,31,7,172092.33,2,1,0,2647.35,0
10002294,Customer_2294,582,France,Male,34,2,50234.68,2,0,1,153221.26,0
10002295,Customer_2295,573,France,Male,30,8,48755.43,4,1,0,133390.34,0
10002296,Customer_2296,831,Germany,Female,90,7,220340.69,1,0,0,104140.33,0
10002297,Customer_2297,668,France,Female,23,5,28308.85,1,0,1,114233.25,0
10002298,Customer_2298,761,Germany,Male,23,9,171517.72,2,1,1,186552.6,0
10002299,Customer_2299,409,Germany,Male,54,1,133376.71,2,0,1,181340.34,0
10002300,Customer_2300,684,Germany,Male,74,7,105355.02,1,1,0,158552.56,0
10002301,Customer_2301,571,France,Female,70,10,110083.64,1,1,0,67252.57,1
10002302,Customer_2302,386,Spain,Male,63,5,236301.84,2,1,1,21459.19,0
10002303,Customer_2303,826,Germany,Female,21,10,215360.8,2,1,1,64293.78,0
10002304,Customer_2304,627,France,Male,51,0,216245.97,1,1,1,150395.18,0
10002305,Customer_2305,545,France,Male,83,5,101654.58,2,1,1,122204.43,0
10002306,Customer_2306,753,France,Female,80,4,26745.3,1,1,1,141117.58,1
10002307,Customer_2307,701,Spain,Female,78,5,249459.86,1,1,1,21075.74,0
10002308,Customer_2308,833,Spain,Male,59,0,36335.77,1,1,1,31698.63,1
10002309,Customer_2309,591,Germany,Female,81,3,128895.58,2,1,0,132867.65,1
10002310,Customer_2310,673,Spain,Female,34,6,66154.8,2,0,1,74367.02,0
10002311,Customer_2311,568,France,Female,78,4,127685.72,1,1,0,73844.51,0
10002312,Customer_2312,541,France,Female,47,5,76233.3,1,1,0,78538.57,0
10002313,Customer_2313,366,Spain,Male,60,1,224221.66,2,0,1,159190.22,0
10002314,Customer_2314,361,Spain,Female,24,7,242085.4,2,1,1,139814.11,0
10002315,Customer_2315,755,France,Female,90,9,102516.07,3,1,0,21216.98,0
10002316,Customer_2316,750,Spain,Male,63,3,17547.41,2,0,1,68878.68,0
10002317,Customer_2317,743,Spain,Male,40,5,165834.02,1,1,1,134770.01,0
10002318,Customer_2318,723,Spain,Male,53,2,94156.39,2,1,0,195226.1,1
10002319,Customer_2319,542,Spain,Female,31,8,246492.16,1,1,0,182451.61,0
10002320,Customer_2320,371,Spain,Female,37,7,22343.69,3,1,0,49662.95,0
10002321,Customer_2321,823,France,Male,73,5,29781.61,1,0,0,13216.87,1
10002322,Customer_2322,469,Spain,Male,49,8,174855.78,1,0,1,114657.37,0
10002323,Customer_2323,559,France,Male,42,9,189662.4,1,0,0,81256.6,0
10002324,Customer_2324,655,Spain,Male,66,8,117774.1,1,1,1,36686.99,0
10002325,Customer_2325,619,France,Male,74,1,69316.15,1,0,1,130333.27,1
10002326,Customer_2326,541,Germany,Male,44,8,77452.51,1,1,1,32079.42,0
10002327,Customer_2327,524,France,Female,44,7,84493.24,1,1,1,70303.42,0
10002328,Customer_2328,634,France,Male,63,1,56320.5,1,0,0,158915.79,1
10002329,Customer_2329,553,France,Female,62,8,212660.64,2,0,0,136863.3,1
10002330,Customer_2330,513,Spain,Male,43,4,16269.3,2,1,0,121428.83,0
10002331,Customer_2331,600,Spain,Female,31,8,101819.46,2,0,0,186166.11,1
10002332,Customer_2332,576,France,Male,65,2,186900.79,1,1,0,25091.24,1
10002333,Customer_2333,785,Spain,Female,32,3,956.37,1,1,1,138195.95,1
10002334,Customer_2334,730,Spain,Male,68,0,219508.13,2,0,1,23475.27,0
10002335,Customer_2335,809,Germany,Male,71,10,176573.3,1,1,0,27284.42,1
10002336,Customer_2336,356,France,Male,28,4,18343.49,1,1,0,101290.63,0
10002337,Customer_2337,378,Spain,Male,45,6,223749.15,2,1,1,4832.78,0
10002338,Customer_2338,744,Germany,Female,72,6,121826.25,2,0,1,100205.15,1
10002339,Customer_2339,382,Spain,Male,86,5,163059.83,1,1,0,1906.67,1
10002340,Customer_2340,483,Spain,Female,89,5,220508.34,2,0,0,120487.38,1
10002341,Customer_2341,716,Spain,Male,43,7,220290.59,1,1,0,62409.55,0
10002342,Customer_2342,428,Germany,Female,87,10,102186.03,2,0,0,16663.07,1
10002343,Customer_2343,765,France,Male,49,9,59422.37,1,1,1,156170.74,0
10002344,Customer_2344,784,France,Male,65,8,64355.39,1,1,1,77991.74,0
10002345,Customer_2345,808,France,Male,29,3,191485.4,1,1,1,88810.13,0
10002346,Customer_2346,407,France,Female,87,3,232357.59,2,1,1,74902.62,0
10002347,Customer_2347,820,Germany,Male,78,7,18057.67,1,1,0,16736.15,1
10002348,Customer_2348,375,Germany,Male,51,4,3754.93,2,1,0,91989.39,0
10002349,Customer_2349,831,Spain,Male,62,9,205733.77,1,1,1,133091.28,1
10002350,Customer_2350,779,France,Male,77,8,96650.65,1,1,0,180676.31,0
10002351,Customer_2351,575,Germany,Female,82,5,69112.31,1,1,0,152763.21,0
10002352,Customer_2352,634,France,Male,88,8,47093.46,1,0,0,15867.81,0
10002353,Customer_2353,353,France,Female,30,3,86620.15,2,0,1,33170.01,0
10002354,Customer_2354,814,France,Female,65,0,242867.02,2,0,0,8975.75,1
10002355,Customer_2355,448,Germany,Female,66,3,244269.94,1,1,0,23887.6,0
10002356,Customer_2356,746,France,Male,75,8,82878.38,1,0,0,96111.22,1
10002357,Customer_2357,838,Germany,Male,90,6,240922.53,2,1,0,43956.59,0
10002358,Customer_2358,388,France,Female,87,5,74965.86,3,1,0,129591.15,0
10002359,Customer_2359,620,Spain,Male,78,1,213620.27,1,1,0,6483.91,1
10002360,Customer_2360,724,Spain,Male,43,3,53001.05,1,1,0,171450.84,1
10002361,Customer_2361,634,Spain,Female,56,0,206621.9,1,0,1,135531.63,0
10002362,Customer_2362,506,Spain,Male,75,2,88432.6,1,0,1,193815.91,0
10002363,Customer_2363,424,Spain,Male,44,1,48930.88,1,1,1,190566.58,1
10002364,Customer_2364,721,Spain,Male,57,3,233694.98,4,0,1,138588.62,0
10002365,Customer_2365,637,Germany,Male,48,3,53546.08,1,1,1,31618.09,0
10002366,Customer_2366,479,France,Male,20,10,247958.81,1,1,1,44425.06,0
10002367,Customer_2367,524,France,Male,32,8,27143.47,2,1,1,55524.34,0
10002368,Customer_2368,811,France,Male,71,6,2505.2,1,1,1,85341.13,0
10002369,Customer_2369,433,Germany,Female,87,2,217698.39,1,1,1,114179.22,0
10002370,Customer_2370,371,Germany,Female,28,6,146651.1,3,1,0,136523.49,1
10002371,Customer_2371,808,Spain,Female,47,7,105406.58,2,1,0,15137.62,0
10002372,Customer_2372,376,Spain,Male,52,6,20490.98,2,0,0,122113.93,0
10002373,Customer_2373,544,France,Female,60,7,143723.13,1,1,1,11847.71,0
10002374,Customer_2374,686,Germany,Female,78,8,98431.4,1,1,0,165407.15,1
10002375,Customer_2375,731,Spain,Female,57,0,120905.48,2,1,1,8095.55,0
10002376,Customer_2376,585,France,Female,59,9,157597.97,1,1,0,78016.22,1
10002377,Customer_2377,789,Spain,Male,59,5,159983.4,2,0,0,84002.76,0
10002378,Customer_2378,441,France,Female,20,3,240149.81,1,1,0,114081.9,0
10002379,Customer_2379,826,Germany,Female,38,0,163763.35,1,1,1,19099.45,0
10002380,Customer_2380,370,France,Male,90,1,84851.04,2,1,0,186621.56,0
10002381,Customer_2381,652,Spain,Male,70,9,82408.21,2,0,0,76648.07,1
10002382,Customer_2382,813,Germany,Male,61,3,119290.24,2,1,1,79246.29,0
10002383,Customer_2383,706,France,Male,63,0,64831.92,1,1,1,48625.72,1
10002384,Customer_2384,792,France,Female,54,5,94109.74,2,0,1,156145.81,0
10002385,Customer_2385,433,France,Female,55,0,210528.19,1,1,1,1563.2,0
10002386,Customer_2386,611,Spain,Male,55,8,214940.4,2,0,1,21250.65,1
10002387,Customer_2387,496,Spain,Male,28,9,156948.12,1,1,1,94158.18,0
10002388,Customer_2388,790,France,Female,62,2,145710.24,1,1,0,193660.14,1
10002389,Customer_2389,802,France,Male,81,10,106774.96,1,1,0,7128.16,0
10002390,Customer_2390,736,Germany,Male,61,0,158974.73,1,0,1,12408.69,0
10002391,Customer_2391,606,Germany,Male,79,5,201513.34,2,1,1,142981.66,0
10002392,Customer_2392,407,Spain,Male,78,5,184461.76,1,1,1,147092.03,0
10002393,Customer_2393,729,France,Male,29,6,8864.88,2,1,1,179388.48,0
10002394,Customer_2394,771,Germany,Female,26,6,182782.5,1,1,0,115330.55,1
10002395,Customer_2395,364,Germany,Male,84,9,179986.92,1,1,1,80716.59,0
10002396,Customer_2396,511,Spain,Male,91,10,24747.63,1,0,0,90220.91,0
10002397,Customer_2397,794,Spain,Female,19,3,37561.84,2,0,0,86309.29,1
10002398,Customer_2398,512,Spain,Female,25,4,196977.13,3,0,0,194707.62,0
10002399,Customer_2399,669,Germany,Male,60,2,139747.39,1,1,1,76024.36,1
10002400,Customer_2400,846,France,Female,35,5,205407.25,1,1,0,19223.4,0
10002401,Customer_2401,630,Spain,Female,69,6,46186.03,1,1,0,57932.96,0
10002402,Customer_2402,629,France,Female,56,8,7653.69,2,1,1,192018.12,1
10002403,Customer_2403,361,France,Female,48,8,40485.44,2,1,1,85655.59,0
10002404,Customer_2404,623,France,Female,31,4,113142.51,1,1,1,63222.31,0
10002405,Customer_2405,620,Spain,Male,81,3,130823.19,1,1,0,62158.39,0
10002406,Customer_2406,841,France,Female,61,6,214425.28,2,1,1,1823.82,1
10002407,Customer_2407,557,France,Female,77,2,179050.13,1,0,1,126627.6,1
10002408,Customer_2408,376,France,Male,19,3,247597.66,2,0,1,144857.09,0
10002409,Customer_2409,421,France,Male,49,8,19679.9,1,1,0,70597.3,0
10002410,Customer_2410,409,France,Female,53,4,32555.27,2,1,0,174559.67,0
10002411,Customer_2411,779,Spain,Female,72,9,21088.9,1,1,1,148580.98,0
10002412,Customer_2412,822,Spain,Male,80,6,134614.51,2,1,0,120178.31,1
10002413,Customer_2413,494,France,Male,86,1,66715.19,2,1,1,140766.61,0
10002414,Customer_2414,442,Spain,Female,57,8,170908.24,1,1,1,153893.05,0
10002415,Customer_2415,658,Spain,Male,41,4,33172.72,1,0,1,105415.18,1
10002416,Customer_2416,357,France,Female,75,4,25797.85,1,1,1,79566.81,0
10002417,Customer_2417,428,Germany,Male,45,3,115041.37,3,1,0,25152.38,0
10002418,Customer_2418,376,Spain,Male,79,7,93974.59,2,1,0,80995.49,0
10002419,Customer_2419,523,France,Female,42,10,207291.23,2,1,1,110024.13,0
10002420,Customer_2420,399,France,Male,24,3,209388.52,1,0,1,189573.39,0
10002421,Customer_2421,849,Spain,Male,55,1,29357.17,1,1,0,30988.29,1
10002422,Customer_2422,548,Germany,Male,88,4,203080.69,2,1,0,151394.43,1
10002423,Customer_2423,736,France,Male,62,2,141041.25,2,0,0,48149.1,0
10002424,Customer_2424,698,Germany,Female,49,3,125889.57,1,1,1,191401.69,0
10002425,Customer_2425,797,Germany,Male,49,2,23690.84,2,1,1,118966.0,0
10002426,Customer_2426,777,Spain,Male,18,6,184907.69,2,1,0,86562.84,1
10002427,Customer_2427,530,Germany,Male,91,5,14908.45,1,1,0,69372.27,1
10002428,Customer_2428,373,France,Male,62,1,69422.94,1,0,1,40405.29,0
10002429,Customer_2429,665,Germany,Female,81,10,23857.88,2,1,0,142902.68,0
10002430,Customer_2430,727,Germany,Male,85,7,132691.9,1,0,0,127197.64,0
10002431,Customer_2431,736,France,Female,24,4,161307.51,1,1,0,178032.26,0
10002432,Customer_2432,753,Germany,Male,55,5,222713.79,1,1,1,119472.1,0
10002433,Customer_2433,395,Spain,Male,87,7,183467.98,2,0,0,33969.9,1
10002434,Customer_2434,364,France,Female,70,10,240276.1,2,1,1,136570.22,0
10002435,Customer_2435,502,Germany,Female,90,10,190237.46,2,0,0,175760.06,0
10002436,Customer_2436,571,France,Female,47,6,74518.28,2,1,0,198092.58,0
10002437,Customer_2437,555,France,Male,39,10,136896.2,3,1,1,137016.66,0
10002438,Customer_2438,804,France,Male,75,2,114484.91,1,1,0,57915.0,1
10002439,Customer_2439,622,France,Female,90,1,141492.18,1,0,1,113081.14,0
10002440,Customer_2440,731,Spain,Male,72,2,143022.33,1,0,1,103002.12,0
10002441,Customer_2441,585,France,Female,63,7,175525.27,2,0,1,102401.09,0
10002442,Customer_2442,689,Germany,Female,43,3,20760.95,1,0,1,15734.11,0
10002443,Customer_2443,577,France,Female,81,7,186686.28,2,1,0,38918.03,0
10002444,Customer_2444,358,Spain,Female,26,3,35935.9,1,0,1,104828.45,0
10002445,Customer_2445,515,Germany,Male,32,6,6551.83,1,1,0,159638.59,0
10002446,Customer_2446,781,Germany,Female,36,5,129726.39,1,1,0,36366.28,0
10002447,Customer_2447,793,France,Male,33,9,145369.24,1,1,1,32865.49,0
10002448,Customer_2448,668,France,Male,42,0,8712.77,1,1,0,151973.7,0
10002449,Customer_2449,563,France,Male,68,10,128842.78,2,1,0,138114.21,0
10002450,Customer_2450,466,Spain,Male,63,7,133642.55,2,0,1,97027.3,0
10002451,Customer_2451,735,France,Female,24,5,13123.73,2,0,1,10082.83,0
10002452,Customer_2452,693,Germany,Female,51,1,177896.32,1,1,1,94542.12,1
10002453,Customer_2453,421,Germany,Female,75,4,52572.43,2,1,1,166972.22,1
10002454,Customer_2454,744,France,Male,40,1,198614.8,2,1,0,2135.18,0
10002455,Customer_2455,413,Germany,Female,40,9,77705.53,1,1,1,20531.16,0
10002456,Customer_2456,554,Germany,Female,34,6,119473.13,2,0,1,161869.32,0
10002457,Customer_2457,558,Germany,Female,30,10,222962.72,2,1,1,105035.61,0
10002458,Customer_2458,421,France,Female,44,9,201544.87,1,1,1,132457.11,0
10002459,Customer_2459,626,France,Female,83,5,195465.89,1,1,0,149013.17,1
10002460,Customer_2460,623,France,Male,47,6,40108.55,1,1,1,60049.29,0
10002461,Customer_2461,827,Spain,Female,21,5,12035.6,2,1,0,59582.8,0
10002462,Customer_2462,669,Germany,Female,84,9,151439.74,1,1,1,52799.24,1
10002463,Customer_2463,687,France,Female,31,0,102672.91,1,0,0,33460.11,0
10002464,Customer_2464,715,Spain,Male,28,2,227269.32,2,1,0,60956.41,0
10002465,Customer_2465,844,France,Female,57,9,87398.32,1,0,0,190566.59,1
10002466,Customer_2466,444,Spain,Male,20,1,102637.09,1,0,0,17205.31,0
10002467,Customer_2467,515,Spain,Female,18,0,131500.14,1,1,1,48135.58,0
10002468,Customer_2468,381,Spain,Female,26,0,199100.17,4,0,1,63610.99,0
10002469,Customer_2469,360,Spain,Male,90,3,67074.76,1,1,0,30772.5,1
10002470,Customer_2470,650,France,Male,18,10,235455.16,1,1,1,15490.46,0
10002471,Customer_2471,566,France,Female,33,0,134980.28,1,0,1,32380.79,0
10002472,Customer_2472,638,Germany,Female,89,1,210244.32,1,1,0,105565.0,1
10002473,Customer_2473,451,France,Female,63,0,131404.62,2,1,1,119354.93,0
10002474,Customer_2474,774,France,Male,27,5,192998.3,3,1,0,43059.76,0
10002475,Customer_2475,741,Spain,Female,50,10,12855.19,2,1,1,100766.22,0
10002476,Customer_2476,616,France,Male,58,3,199803.12,1,1,1,1256.85,0
10002477,Customer_2477,563,Spain,Female,68,7,130989.86,1,1,0,120408.1,1
10002478,Customer_2478,528,Spain,Male,39,10,112353.9,1,0,1,271.92,0
10002479,Customer_2479,437,Spain,Female,33,4,27902.42,1,1,1,128559.26,0
10002480,Customer_2480,390,Spain,Male,79,9,185390.63,2,1,1,96669.93,0
10002481,Customer_2481,750,Spain,Female,70,4,32790.91,1,0,0,21864.61,0
10002482,Customer_2482,425,Spain,Female,31,10,48079.45,1,0,1,17690.96,0
10002483,Customer_2483,726,Germany,Female,76,10,31605.81,1,1,1,1388.93,0
10002484,Customer_2484,395,France,Male,43,7,1643.9,1,1,1,110333.9,0
10002485,Customer_2485,509,Spain,Female,61,10,165478.45,2,1,1,161312.0,0
10002486,Customer_2486,812,Spain,Male,37,9,67711.01,1,1,1,171310.33,0
10002487,Customer_2487,429,France,Male,22,5,37367.61,2,0,0,113852.2,0
10002488,Customer_2488,659,France,Female,82,5,79993.12,2,1,1,177434.8,0
10002489,Customer_2489,435,Germany,Female,28,2,124771.17,1,0,0,172397.42,0
10002490,Customer_2490,441,France,Male,64,5,125853.13,3,1,1,139647.84,1
10002491,Customer_2491,497,Spain,Male,27,9,91799.0,1,1,0,72623.62,1
10002492,Customer_2492,510,Spain,Female,78,6,123733.07,1,1,1,165440.36,0
10002493,Customer_2493,551,France,Female,62,1,106835.36,2,1,1,78341.99,0
10002494,Customer_2494,773,Germany,Male,64,2,205666.31,1,1,0,80659.45,1
10002495,Customer_2495,765,France,Female,51,5,7403.49,1,1,1,135618.56,0
10002496,Customer_2496,591,Germany,Female,30,9,217007.53,2,1,0,185584.53,0
10002497,Customer_2497,702,France,Male,40,8,60978.81,2,1,0,100009.46,0
10002498,Customer_2498,351,Germany,Male,53,8,180445.55,1,0,0,35451.36,1
10002499,Customer_2499,574,France,Female,80,7,101259.9,2,1,0,28500.07,0
10002500,Customer_2500,638,France,Female,64,7,73583.24,2,1,1,60455.37,0
10002501,Customer_2501,582,France,Female,83,8,153836.84,1,1,0,91536.88,1
10002502,Customer_2502,810,France,Male,31,10,192221.1,2,1,0,59540.19,0
10002503,Customer_2503,763,Germany,Male,70,10,112484.11,3,1,1,142386.74,0
10002504,Customer_2504,766,France,Male,83,8,116638.46,3,0,1,108535.45,1
10002505,Customer_2505,426,Germany,Female,66,9,14714.12,2,1,0,81352.82,1
10002506,Customer_2506,465,Spain,Male,33,10,230999.0,1,1,0,42689.64,0
10002507,Customer_2507,503,Spain,Male,85,8,211724.17,2,1,1,121087.32,0
10002508,Customer_2508,755,Spain,Male,60,4,99498.2,1,1,1,134823.62,0
10002509,Customer_2509,452,Spain,Male,82,5,191237.65,2,0,1,156836.51,1
10002510,Customer_2510,543,France,Male,26,4,78319.79,1,1,1,198169.39,1
10002511,Customer_2511,515,France,Male,38,0,182605.45,2,0,0,46274.17,0
10002512,Customer_2512,708,Germany,Female,60,3,129172.93,1,1,1,3033.21,0
10002513,Customer_2513,439,Spain,Male,83,10,115191.68,2,0,1,100094.38,1
10002514,Customer_2514,523,Spain,Female,21,0,14130.75,1,1,1,184801.81,0
10002515,Customer_2515,471,France,Male,24,0,241355.48,1,1,0,49760.52,0
10002516,Customer_2516,847,France,Male,75,2,209352.24,2,1,0,151177.72,1
10002517,Customer_2517,492,France,Male,21,6,198347.02,1,0,0,63909.69,0
10002518,Customer_2518,831,Spain,Male,37,0,76229.05,1,0,1,78246.71,0
10002519,Customer_2519,455,Germany,Male,52,6,72397.55,2,0,1,189545.65,0
10002520,Customer_2520,724,France,Female,76,9,143298.27,2,1,0,92209.5,0
10002521,Customer_2521,777,France,Male,62,9,211555.8,2,0,0,145067.46,0
10002522,Customer_2522,654,Germany,Male,31,0,233657.1,1,0,1,109975.85,1
10002523,Customer_2523,709,Spain,Female,39,8,67232.26,2,1,0,152783.67,0
10002524,Customer_2524,808,France,Male,65,4,151853.7,1,1,1,63480.61,0
10002525,Customer_2525,666,Spain,Female,47,5,180975.7,1,1,0,175380.31,0
10002526,Customer_2526,800,Germany,Male,46,8,56598.04,2,0,1,109789.44,0
10002527,Customer_2527,472,Spain,Male,53,10,101867.16,2,1,0,61839.78,1
10002528,Customer_2528,739,Spain,Female,59,2,46868.57,3,1,1,7650.32,0
10002529,Customer_2529,358,France,Female,46,2,174726.27,2,1,1,2652.51,0
10002530,Customer_2530,611,France,Male,24,4,215946.28,2,1,1,70680.4,0
10002531,Customer_2531,422,Germany,Male,49,6,219383.59,2,1,1,43148.71,0
10002532,Customer_2532,708,France,Male,30,2,167522.22,1,0,1,10546.22,1
10002533,Customer_2533,572,Spain,Male,30,3,86788.09,1,1,0,110574.17,1
10002534,Customer_2534,765,Germany,Female,71,1,165260.09,1,1,1,197757.93,0
10002535,Customer_2535,390,Spain,Male,31,8,216066.68,1,1,1,84471.7,0
10002536,Customer_2536,719,France,Female,23,9,156463.96,3,0,1,110427.51,0
10002537,Customer_2537,553,France,Male,33,8,103222.99,1,1,0,43969.4,0
10002538,Customer_2538,613,Germany,Female,58,10,229950.69,2,0,0,40992.07,0
10002539,Customer_2539,677,France,Male,69,1,208804.15,2,1,0,65682.08,0
10002540,Customer_2540,527,Germany,Female,33,4,220608.81,2,1,0,167012.13,0
10002541,Customer_2541,697,Spain,Male,22,0,225798.01,2,1,1,192115.7,0
10002542,Customer_2542,667,France,Female,41,7,98453.08,1,1,0,147947.91,0
10002543,Customer_2543,433,Spain,Female,60,5,214909.75,2,0,0,4122.03,1
10002544,Customer_2544,667,France,Male,82,9,142587.42,2,1,0,87688.83,1
10002545,Customer_2545,460,France,Female,27,9,9539.74,2,0,0,84146.85,0
10002546,Customer_2546,600,Spain,Female,76,1,158959.09,2,0,0,187040.77,1
10002547,Customer_2547,732,Spain,Female,52,1,117654.73,1,1,1,149116.45,0
10002548,Customer_2548,356,Germany,Male,48,9,68788.66,1,1,1,142881.29,0
10002549,Customer_2549,808,Spain,Female,28,4,242595.79,2,1,0,112960.01,1
10002550,Customer_2550,433,Germany,Female,26,6,13767.71,2,1,1,129170.87,0
10002551,Customer_2551,557,France,Male,83,8,236469.35,1,1,1,139725.06,0
10002552,Customer_2552,737,France,Male,61,8,39816.77,2,0,0,110516.08,1
10002553,Customer_2553,739,Spain,Female,33,10,94247.04,1,1,1,168967.39,0
10002554,Customer_2554,663,France,Male,65,5,104308.79,3,0,1,7389.52,0
10002555,Customer_2555,371,Germany,Male,70,1,182755.13,2,1,1,188276.87,0
10002556,Customer_2556,759,Germany,Male,82,5,53902.3,1,1,1,154720.03,0
10002557,Customer_2557,732,Germany,Female,65,0,246525.46,3,1,1,105797.55,1
10002558,Customer_2558,352,France,Female,87,10,187252.96,1,1,1,172067.15,0
10002559,Customer_2559,476,France,Female,63,10,197488.16,1,1,1,165598.0,0
10002560,Customer_2560,646,France,Female,50,1,26607.19,1,1,1,83884.44,0
10002561,Customer_2561,537,Germany,Male,69,2,119078.0,1,0,0,167965.0,1
10002562,Customer_2562,711,Germany,Male,72,4,236402.34,1,1,0,37676.54,0
10002563,Customer_2563,363,Germany,Male,68,9,67516.52,1,1,1,93846.18,0
10002564,Customer_2564,808,Germany,Male,57,0,36345.91,2,0,0,46464.11,1
10002565,Customer_2565,815,France,Male,42,9,121348.61,1,1,0,24889.27,0
10002566,Customer_2566,361,Spain,Female,80,4,232598.27,1,1,0,178921.75,1
10002567,Customer_2567,436,Germany,Female,39,4,121697.66,2,0,0,73396.32,0
10002568,Customer_2568,361,France,Female,55,3,101208.58,2,1,0,136880.17,0
10002569,Customer_2569,746,France,Female,26,2,162568.11,3,0,0,75026.62,0
10002570,Customer_2570,374,Spain,Female,54,6,234221.0,2,1,1,108829.57,0
10002571,Customer_2571,650,Spain,Female,22,10,12264.36,2,1,1,69615.55,0
10002572,Customer_2572,592,France,Male,39,6,38348.89,1,1,1,148548.17,0
10002573,Customer_2573,471,Germany,Male,29,0,33188.58,1,1,1,157295.06,1
10002574,Customer_2574,496,France,Male,77,6,21333.25,1,1,1,86112.79,1
10002575,Customer_2575,404,France,Male,61,2,75526.52,1,1,1,171924.19,0
10002576,Customer_2576,587,Germany,Male,39,2,57327.26,1,1,0,71067.83,0
10002577,Customer_2577,705,Germany,Female,23,5,137172.82,2,1,0,152494.78,0
10002578,Customer_2578,522,Spain,Male,44,5,81822.36,1,1,0,130016.6,0
10002579,Customer_2579,741,France,Male,72,10,101301.97,3,1,1,91202.19,0
10002580,Customer_2580,570,France,Female,32,3,235466.17,3,1,0,177784.82,1
10002581,Customer_2581,468,France,Female,81,4,38913.91,2,0,0,114455.38,0
10002582,Customer_2582,658,France,Male,34,2,97114.33,2,1,1,168038.27,0
10002583,Customer_2583,532,France,Male,20,2,64270.46,1,1,0,146669.76,1
10002584,Customer_2584,637,France,Female,27,8,137291.5,1,1,0,106519.98,0
10002585,Customer_2585,656,France,Male,80,4,184084.06,3,1,1,65291.47,1
10002586,Customer_2586,649,France,Female,80,0,204246.97,1,0,0,190227.88,1
10002587,Customer_2587,431,Germany,Male,79,8,128824.17,1,1,0,11359.56,0
10002588,Customer_2588,803,France,Male,26,9,213729.15,1,1,0,178898.41,0
10002589,Customer_2589,751,France,Male,41,5,196268.88,2,1,1,101284.02,0
10002590,Customer_2590,560,Germany,Female,49,8,39251.02,1,1,0,149750.98,0
10002591,Customer_2591,499,France,Female,20,10,61357.19,2,1,1,66833.63,0
10002592,Customer_2592,386,Germany,Male,50,6,167930.13,1,1,0,76848.72,1
10002593,Customer_2593,701,France,Male,60,10,243698.5,2,0,0,38159.09,1
10002594,Customer_2594,661,France,Male,29,9,94032.43,3,1,0,190868.65,0
10002595,Customer_2595,710,France,Female,49,9,57451.96,2,1,1,8670.33,0
10002596,Customer_2596,408,France,Male,37,6,217282.36,2,1,1,77372.77,0
10002597,Customer_2597,480,Germany,Male,84,4,49902.99,1,1,0,66947.5,0
10002598,Customer_2598,761,Spain,Male,85,6,174352.07,2,1,0,162617.45,0
10002599,Customer_2599,551,France,Male,34,9,8562.27,2,1,0,100323.38,0
10002600,Customer_2600,592,France,Female,36,3,4745.13,1,1,1,33829.97,0
10002601,Customer_2601,384,Germany,Female,21,10,112891.68,1,1,0,101807.95,1
10002602,Customer_2602,794,France,Male,34,10,164135.03,1,1,1,47211.7,1
10002603,Customer_2603,442,Spain,Male,81,5,35608.61,2,0,0,3433.44,1
10002604,Customer_2604,787,France,Male,39,1,190970.61,1,1,1,108914.02,0
10002605,Customer_2605,796,Spain,Male,83,9,32184.12,2,0,1,72088.58,0
10002606,Customer_2606,556,France,Female,59,2,133426.95,2,0,1,47786.14,0
10002607,Customer_2607,702,France,Male,62,1,77074.8,1,0,1,34456.72,1
10002608,Customer_2608,740,Spain,Male,28,9,188063.32,2,0,1,90744.72,0
10002609,Customer_2609,681,Germany,Male,70,1,201029.19,2,1,1,173925.6,0
10002610,Customer_2610,654,Germany,Female,77,6,16522.81,1,1,1,151628.52,0
10002611,Customer_2611,699,Germany,Female,46,4,48151.14,2,0,1,936.94,0
10002612,Customer_2612,562,Germany,Female,37,5,223161.03,2,0,1,146232.99,0
10002613,Customer_2613,508,France,Female,22,2,103903.21,2,0,0,14554.62,0
10002614,Customer_2614,791,Germany,Female,42,9,119183.97,1,1,0,109605.25,0
10002615,Customer_2615,794,France,Female,51,4,42005.96,1,1,0,156011.7,1
10002616,Customer_2616,373,Spain,Male,29,4,248723.7,2,0,0,90664.32,0
10002617,Customer_2617,753,Spain,Male,45,10,230761.92,2,1,1,75345.95,0
10002618,Customer_2618,642,France,Female,23,3,506.17,2,1,0,187895.28,0
10002619,Customer_2619,353,France,Female,36,9,137683.67,3,0,0,5863.91,0
10002620,Customer_2620,569,France,Female,29,3,218066.85,1,0,0,21204.78,0
10002621,Customer_2621,713,France,Female,42,7,107633.4,1,1,1,174067.08,0
10002622,Customer_2622,731,Spain,Male,30,5,109203.56,2,1,1,177248.75,1
10002623,Customer_2623,369,France,Male,20,10,94836.79,1,0,1,74553.34,0
10002624,Customer_2624,793,France,Female,41,1,7207.08,1,1,1,108044.45,0
10002625,Customer_2625,501,Spain,Female,25,1,197570.83,2,0,0,32888.38,0
10002626,Customer_2626,399,Spain,Male,62,1,114196.3,2,1,1,176857.16,0
10002627,Customer_2627,526,Germany,Male,89,5,132766.41,2,0,0,93818.58,1
10002628,Customer_2628,784,Germany,Male,18,0,63921.28,2,1,0,112822.44,0
10002629,Customer_2629,445,Germany,Male,20,2,196029.62,1,1,1,23621.71,0
10002630,Customer_2630,454,Spain,Male,82,0,198437.14,2,1,0,122968.74,1
10002631,Customer_2631,769,Germany,Female,32,3,138230.2,2,0,1,139168.37,0
10002632,Customer_2632,599,Germany,Male,67,0,226156.98,1,1,0,58951.37,1
10002633,Customer_2633,466,France,Female,37,8,28971.06,2,1,0,179230.59,0
10002634,Customer_2634,703,France,Female,20,10,196656.67,1,1,0,40789.73,0
10002635,Customer_2635,577,Germany,Female,78,10,139646.04,1,1,1,179477.38,0
10002636,Customer_2636,415,Spain,Female,32,5,57753.29,1,1,0,140672.1,0
10002637,Customer_2637,684,Spain,Female,76,7,33075.95,1,1,1,166172.03,0
10002638,Customer_2638,767,Spain,Female,71,1,75251.76,2,1,1,139820.85,0
10002639,Customer_2639,769,Germany,Male,77,5,214078.98,1,0,1,85690.95,1
10002640,Customer_2640,611,Spain,Female,54,3,196904.84,1,0,0,66322.05,1
10002641,Customer_2641,644,Spain,Male,38,6,161283.11,1,0,0,146817.54,0
10002642,Customer_2642,775,Germany,Female,40,7,22581.75,2,1,1,59640.49,0
10002643,Customer_2643,592,France,Male,35,5,238707.66,1,1,0,12381.71,0
10002644,Customer_2644,720,France,Male,34,0,76360.03,1,1,1,49409.64,0
10002645,Customer_2645,535,Spain,Male,48,7,151750.0,2,1,0,151049.51,0
10002646,Customer_2646,595,France,Female,81,10,200775.47,2,1,0,158646.47,1
10002647,Customer_2647,474,Spain,Male,65,0,33213.96,2,1,0,55329.45,0
10002648,Customer_2648,617,France,Female,43,8,163049.19,2,1,0,65592.01,0
10002649,Customer_2649,480,Germany,Female,39,1,8074.0,1,1,1,109872.66,0
10002650,Customer_2650,586,Germany,Male,62,10,25447.33,2,0,1,52401.78,0
10002651,Customer_2651,367,Germany,Female,53,9,180785.91,2,1,0,121239.06,0
10002652,Customer_2652,389,France,Male,81,5,38770.54,1,1,1,56416.61,0
10002653,Customer_2653,370,Spain,Male,52,7,110876.68,1,1,1,24184.72,0
10002654,Customer_2654,748,Germany,Female,44,4,62083.14,1,0,0,30975.75,0
10002655,Customer_2655,574,France,Male,85,1,105307.38,1,1,0,50118.25,0
10002656,Customer_2656,704,Germany,Female,34,4,19305.06,1,1,0,33590.29,0
10002657,Customer_2657,631,France,Female,87,0,188725.14,3,1,1,194868.81,1
10002658,Customer_2658,357,France,Female,28,7,19760.29,2,0,1,131677.86,0
10002659,Customer_2659,449,France,Female,22,7,209478.62,1,1,0,35860.77,1
10002660,Customer_2660,589,Spain,Female,75,1,165652.22,1,1,1,84786.97,0
10002661,Customer_2661,827,Germany,Male,74,5,104146.39,1,0,1,53833.94,0
10002662,Customer_2662,436,Germany,Male,91,10,216621.64,1,0,1,136909.4,0
10002663,Customer_2663,647,France,Male,91,7,46532.82,2,1,1,173456.75,0
10002664,Customer_2664,777,France,Female,91,9,66141.06,2,1,0,80171.91,0
10002665,Customer_2665,363,Spain,Male,31,7,34280.92,1,1,0,85773.71,0
10002666,Customer_2666,683,Germany,Female,89,6,95392.17,1,1,1,79699.84,0
10002667,Customer_2667,351,Spain,Male,18,2,246683.3,3,1,1,89850.98,0
10002668,Customer_2668,724,France,Male,33,10,40256.84,1,1,1,7180.94,0
10002669,Customer_2669,642,France,Male,43,3,207744.12,1,1,0,118525.43,1
10002670,Customer_2670,674,Spain,Female,66,0,162970.02,1,1,1,190408.12,0
10002671,Customer_2671,771,Germany,Female,59,8,3953.53,1,1,1,157066.86,0
10002672,Customer_2672,842,France,Male,87,9,236222.55,2,1,1,172283.81,1
10002673,Customer_2673,390,France,Female,83,9,242772.82,2,1,1,45835.66,0
10002674,Customer_2674,667,Spain,Male,70,1,231225.18,1,0,1,121440.33,0
10002675,Customer_2675,665,France,Female,26,9,125434.91,1,1,0,178595.26,0
10002676,Customer_2676,730,Germany,Male,86,6,55093.8,2,1,0,13731.51,0
10002677,Customer_2677,460,France,Male,57,7,97816.17,1,1,1,175452.23,0
10002678,Customer_2678,363,France,Female,73,3,153547.89,1,1,0,12910.43,0
10002679,Customer_2679,580,Spain,Female,22,10,94709.1,2,1,1,196613.87,0
10002680,Customer_2680,822,France,Male,73,10,177042.91,2,1,0,16794.38,0
10002681,Customer_2681,433,Germany,Male,89,9,198893.89,2,1,1,73600.26,0
10002682,Customer_2682,479,Spain,Female,22,0,52348.22,2,0,1,10940.0,0
10002683,Customer_2683,580,France,Female,86,4,101235.48,1,0,1,11364.95,0
10002684,Customer_2684,675,France,Female,69,9,239436.09,2,1,1,173258.31,0
10002685,Customer_2685,494,Germany,Female,90,9,62451.7,1,1,0,12731.7,1
10002686,Customer_2686,728,France,Female,50,5,86611.87,1,0,0,158526.59,1
10002687,Customer_2687,694,France,Male,39,6,8915.13,1,1,1,181377.24,0
10002688,Customer_2688,377,France,Male,32,0,83091.51,1,1,1,187010.68,0
10002689,Customer_2689,415,Germany,Male,82,3,92732.85,1,1,0,172810.25,1
10002690,Customer_2690,512,Germany,Male,88,4,24958.89,1,0,1,191033.35,0
10002691,Customer_2691,578,Germany,Female,40,4,360.56,1,0,0,10369.12,1
10002692,Customer_2692,610,France,Female,23,6,143851.37,1,0,1,199321.75,0
10002693,Customer_2693,798,Germany,Male,75,3,75381.65,1,1,0,4108.5,1
10002694,Customer_2694,773,Spain,Male,43,9,4455.96,1,0,0,33312.01,1
10002695,Customer_2695,809,Germany,Female,29,6,214986.08,1,0,0,16199.77,1
10002696,Customer_2696,789,Germany,Female,19,7,146102.42,1,0,1,148801.88,0
10002697,Customer_2697,513,Germany,Male,49,1,42792.09,1,1,1,17415.74,0
10002698,Customer_2698,650,Spain,Female,67,0,216311.66,1,1,1,58544.9,0
10002699,Customer_2699,756,Spain,Male,78,9,63396.49,2,1,0,127619.28,1
10002700,Customer_2700,652,France,Female,28,9,56861.43,1,1,0,99608.88,0
10002701,Customer_2701,636,France,Female,85,0,223658.51,1,1,0,27254.6,1
10002702,Customer_2702,744,France,Male,51,0,44864.47,2,1,1,104312.34,0
10002703,Customer_2703,359,France,Male,25,8,219746.45,2,0,1,68139.79,0
10002704,Customer_2704,544,France,Female,25,3,200743.33,2,1,1,117192.4,0
10002705,Customer_2705,467,Spain,Male,32,8,77444.39,2,1,0,107704.26,0
10002706,Customer_2706,619,France,Male,22,6,8599.27,1,1,1,197901.55,0
10002707,Customer_2707,429,Germany,Female,36,6,20643.28,2,0,0,172704.95,1
10002708,Customer_2708,807,Germany,Male,91,1,27382.07,2,0,1,744.43,0
10002709,Customer_2709,442,France,Male,26,1,222699.71,1,1,1,35211.44,0
10002710,Customer_2710,615,Spain,Female,74,4,101008.99,2,1,0,182628.47,1
10002711,Customer_2711,681,Spain,Male,71,9,8132.44,2,1,1,107896.55,0
10002712,Customer_2712,699,France,Male,46,0,139137.12,1,1,0,151896.29,0
10002713,Customer_2713,710,France,Male,36,6,51998.06,1,0,0,100706.79,0
10002714,Customer_2714,606,France,Male,63,10,58781.51,1,0,0,157155.2,1
10002715,Customer_2715,482,Germany,Female,79,6,40210.43,1,1,1,26564.24,1
10002716,Customer_2716,625,France,Female,77,10,190505.37,1,1,0,147583.24,0
10002717,Customer_2717,613,Germany,Female,22,7,153.22,1,1,0,173922.83,0
10002718,Customer_2718,520,Spain,Male,50,6,109746.04,1,0,1,53137.89,0
10002719,Customer_2719,809,France,Male,72,7,21717.79,2,0,1,73680.12,1
10002720,Customer_2720,350,Spain,Female,36,2,138093.65,2,0,1,118120.86,0
10002721,Customer_2721,662,France,Female,34,2,86498.09,2,1,1,173649.91,0
10002722,Customer_2722,413,Spain,Female,59,7,7087.9,1,0,1,181559.91,0
10002723,Customer_2723,723,France,Female,39,8,115243.56,1,0,1,106890.25,0
10002724,Customer_2724,817,Germany,Male,56,9,142646.37,2,0,0,131616.82,1
10002725,Customer_2725,633,France,Male,44,3,61913.51,1,0,0,174583.51,1
10002726,Customer_2726,470,Spain,Female,63,7,191377.97,1,1,1,46267.9,0
10002727,Customer_2727,456,Germany,Female,45,0,92762.19,2,1,1,165044.79,0
10002728,Customer_2728,770,France,Male,69,1,187336.63,1,1,1,52378.99,0
10002729,Customer_2729,524,Germany,Male,82,9,144753.93,1,0,1,116205.41,1
10002730,Customer_2730,834,France,Male,56,9,217313.27,3,1,1,186933.72,1
10002731,Customer_2731,553,Germany,Male,35,9,136731.2,1,1,0,102304.34,1
10002732,Customer_2732,514,Spain,Male,39,8,46406.8,2,0,1,18692.04,0
10002733,Customer_2733,654,France,Female,85,1,205647.8,2,1,0,179163.11,0
10002734,Customer_2734,846,France,Female,28,1,195758.81,1,1,0,116998.42,0
10002735,Customer_2735,469,France,Female,81,7,243088.95,2,0,1,14240.39,1
10002736,Customer_2736,393,Germany,Female,88,4,23395.48,1,0,0,2116.59,0
10002737,Customer_2737,661,France,Male,74,4,147807.79,2,0,1,52264.69,1
10002738,Customer_2738,505,France,Female,52,10,122917.25,1,1,1,24067.41,0
10002739,Customer_2739,716,France,Female,54,5,167718.03,3,1,0,125691.03,1
10002740,Customer_2740,556,France,Female,67,7,245044.96,2,1,0,119347.57,0
10002741,Customer_2741,739,Spain,Female,47,7,133068.02,2,1,0,168177.95,0
10002742,Customer_2742,457,France,Male,34,8,171434.66,2,1,0,102677.62,1
10002743,Customer_2743,600,Germany,Female,50,9,86803.36,1,1,0,50632.4,0
10002744,Customer_2744,794,Spain,Male,33,10,74742.62,1,1,0,10066.97,0
10002745,Customer_2745,753,Germany,Male,32,2,83824.14,1,0,1,2111.83,0
10002746,Customer_2746,719,France,Male,30,8,9651.97,1,0,1,185156.48,0
10002747,Customer_2747,683,Germany,Male,20,10,71185.16,2,1,0,28911.91,0
10002748,Customer_2748,479,Spain,Male,41,2,43236.6,2,0,1,99844.46,0
10002749,Customer_2749,806,France,Male,40,0,114356.99,1,1,1,158958.85,0
10002750,Customer_2750,642,France,Male,76,10,115206.19,1,1,0,185727.4,1
10002751,Customer_2751,369,France,Male,72,4,191307.46,2,1,1,40347.92,0
10002752,Customer_2752,631,France,Male,82,6,125572.91,1,0,0,46394.95,0
10002753,Customer_2753,634,France,Female,49,2,115770.4,2,0,1,35958.94,0
10002754,Customer_2754,350,Germany,Female,77,8,57906.58,1,0,1,31795.44,0
10002755,Customer_2755,468,France,Female,47,0,213120.0,1,0,0,90997.04,1
10002756,Customer_2756,384,Germany,Female,83,5,22750.23,2,1,1,127185.05,0
10002757,Customer_2757,547,Germany,Male,35,5,245573.99,1,1,0,141255.4,0
10002758,Customer_2758,834,France,Male,76,7,119018.75,1,0,1,65447.12,0
10002759,Customer_2759,594,Germany,Male,70,2,46496.75,2,0,1,124766.4,0
10002760,Customer_2760,408,France,Female,81,4,88582.01,1,1,0,484.71,1
10002761,Customer_2761,674,Spain,Female,47,10,3842.55,2,0,1,177655.86,0
10002762,Customer_2762,510,France,Male,35,9,41630.67,3,0,1,173951.87,0
10002763,Customer_2763,846,Germany,Male,22,10,83834.95,2,1,1,108822.13,0
10002764,Customer_2764,528,Spain,Female,86,4,138603.82,2,0,1,48682.39,0
10002765,Customer_2765,555,France,Male,25,7,32370.21,1,1,0,194445.81,0
10002766,Customer_2766,361,France,Male,26,6,168990.82,2,1,0,162130.4,0
10002767,Customer_2767,839,Germany,Female,49,2,211069.12,1,1,0,3401.62,0
10002768,Customer_2768,625,France,Female,31,6,143084.9,2,0,1,93934.07,0
10002769,Customer_2769,530,Spain,Female,30,9,74225.36,1,0,0,20425.52,0
10002770,Customer_2770,591,Spain,Male,35,7,30348.08,1,0,1,26457.72,0
10002771,Customer_2771,565,France,Female,85,4,3883.77,2,0,0,272.66,0
10002772,Customer_2772,600,France,Female,39,10,182950.58,2,1,0,137545.96,0
10002773,Customer_2773,648,France,Female,37,4,157119.84,1,0,0,50512.31,0
10002774,Customer_2774,475,France,Female,32,10,119070.85,1,1,0,60976.19,0
10002775,Customer_2775,831,Spain,Female,24,0,25498.89,1,1,0,9417.23,0
10002776,Customer_2776,566,Spain,Female,47,7,51756.3,2,1,0,1599.82,0
10002777,Customer_2777,655,France,Male,22,5,203793.08,1,1,0,158546.84,0
10002778,Customer_2778,634,France,Male,18,5,119962.87,1,0,0,132285.64,0
10002779,Customer_2779,534,France,Male,77,4,240708.21,1,1,1,76470.49,0
10002780,Customer_2780,388,France,Female,48,4,249993.04,1,0,0,13989.89,1
10002781,Customer_2781,572,Spain,Female,37,2,200176.78,2,1,1,155164.08,0
10002782,Customer_2782,533,France,Male,81,2,64545.9,1,1,0,185271.93,0
10002783,Customer_2783,844,Spain,Male,81,1,57778.74,1,1,0,105491.45,0
10002784,Customer_2784,776,Germany,Female,46,8,63408.58,2,1,1,27798.91,1
10002785,Customer_2785,527,Germany,Male,27,7,246696.27,2,0,0,130510.42,0
10002786,Customer_2786,756,France,Male,46,10,83835.12,2,1,0,14313.66,0
10002787,Customer_2787,777,Germany,Male,48,2,176611.69,2,1,1,33114.81,0
10002788,Customer_2788,643,Germany,Male,47,4,239754.43,2,0,0,94152.33,1
10002789,Customer_2789,689,Spain,Female,42,9,204899.04,1,1,0,49814.88,0
10002790,Customer_2790,500,France,Male,75,4,149400.95,1,1,0,186043.6,1
10002791,Customer_2791,733,France,Male,74,7,42241.38,2,1,0,161776.28,0
10002792,Customer_2792,475,Germany,Female,80,5,43734.56,2,1,0,55361.33,1
10002793,Customer_2793,650,France,Male,54,6,123105.77,1,1,0,192759.24,1
10002794,Customer_2794,657,France,Male,75,4,237986.12,1,0,0,75665.84,1
10002795,Customer_2795,685,Spain,Female,45,0,226123.42,3,0,0,113679.38,0
10002796,Customer_2796,783,France,Female,44,7,41548.01,1,1,0,112807.36,0
10002797,Customer_2797,583,France,Male,87,3,71929.94,1,1,1,129921.07,0
10002798,Customer_2798,729,France,Male,54,4,147202.83,1,1,1,48734.03,0
10002799,Customer_2799,724,Germany,Male,23,0,119357.62,1,1,0,184411.13,1
10002800,Customer_2800,357,France,Female,79,2,29840.7,2,1,0,53143.52,1
10002801,Customer_2801,847,Germany,Male,50,1,92326.8,1,1,1,132971.86,0
10002802,Customer_2802,690,France,Male,57,1,238678.59,2,0,1,153154.74,1
10002803,Customer_2803,478,France,Male,58,0,237860.56,1,0,1,176303.59,0
10002804,Customer_2804,613,Germany,Female,59,5,139856.47,2,1,0,91393.19,1
10002805,Customer_2805,506,France,Male,26,7,158815.33,1,1,1,142340.09,1
10002806,Customer_2806,701,Spain,Male,35,2,55476.57,1,1,0,17087.67,0
10002807,Customer_2807,707,France,Male,32,0,185488.18,2,1,0,155606.4,0
10002808,Customer_2808,354,France,Male,21,9,13124.05,1,1,1,151134.09,0
10002809,Customer_2809,844,France,Female,51,1,55170.55,2,0,0,82127.43,1
10002810,Customer_2810,435,France,Female,79,2,1470.92,2,0,0,62699.09,0
10002811,Customer_2811,524,Spain,Female,55,5,96425.31,1,1,1,76046.8,0
10002812,Customer_2812,639,Spain,Female,88,2,212565.3,1,1,1,18123.28,1
10002813,Customer_2813,542,France,Male,40,8,245626.62,1,1,1,127565.11,1
10002814,Customer_2814,660,Germany,Female,37,0,166938.99,1,1,0,182607.4,0
10002815,Customer_2815,468,Germany,Male,73,6,186216.67,2,1,0,133148.92,1
10002816,Customer_2816,567,France,Male,70,9,65687.39,1,1,0,116108.74,1
10002817,Customer_2817,776,France,Female,19,7,130083.17,3,1,1,198140.93,0
10002818,Customer_2818,807,Spain,Female,38,8,184144.47,2,1,0,108372.67,0
10002819,Customer_2819,763,Spain,Female,59,7,124318.96,2,1,0,69173.42,1
10002820,Customer_2820,463,Spain,Female,74,4,22136.6,1,0,1,140935.52,0
10002821,Customer_2821,815,Spain,Female,66,0,185216.05,1,0,1,104290.79,0
10002822,Customer_2822,494,Germany,Male,27,0,54891.1,1,1,1,194418.2,1
10002823,Customer_2823,375,France,Female,89,7,24424.42,2,1,0,179592.14,1
10002824,Customer_2824,485,France,Female,78,6,119514.49,1,0,0,189368.92,0
10002825,Customer_2825,652,France,Female,38,4,18652.27,2,1,1,215.38,0
10002826,Customer_2826,581,Germany,Female,77,9,157360.92,2,1,1,66849.56,0
10002827,Customer_2827,718,Spain,Female,30,2,160118.31,2,1,0,125448.21,1
10002828,Customer_2828,425,Spain,Female,65,8,64175.49,2,1,1,61671.33,0
10002829,Customer_2829,824,Spain,Male,57,3,241133.61,2,0,0,131292.53,0
10002830,Customer_2830,677,Spain,Female,80,5,206112.9,1,1,0,142993.46,1
10002831,Customer_2831,694,Spain,Male,26,10,27396.74,1,0,0,124660.92,1
10002832,Customer_2832,651,France,Male,74,3,187128.03,1,0,0,91658.15,1
10002833,Customer_2833,801,Spain,Male,68,8,88268.67,2,1,0,139353.88,0
10002834,Customer_2834,638,Germany,Male,57,3,187572.13,1,1,0,156077.7,1
10002835,Customer_2835,350,France,Male,90,7,200198.7,2,1,0,139221.1,0
10002836,Customer_2836,496,Spain,Male,81,10,37844.51,2,1,0,162402.72,0
10002837,Customer_2837,636,Spain,Male,87,2,165460.5,1,0,1,189450.96,0
10002838,Customer_2838,813,France,Male,81,7,215682.49,2,1,0,20512.13,0
10002839,Customer_2839,491,France,Male,42,10,80843.41,1,1,1,181284.92,0
10002840,Customer_2840,402,Germany,Male,45,2,20082.08,1,1,1,54711.75,0
10002841,Customer_2841,653,Germany,Female,27,10,6816.87,2,1,1,112758.65,0
10002842,Customer_2842,418,Spain,Male,45,4,27500.24,4,1,0,188474.93,0
10002843,Customer_2843,710,France,Male,53,0,1051.48,2,0,0,124018.7,1
10002844,Customer_2844,439,France,Male,28,5,81736.49,2,0,0,16844.17,0
10002845,Customer_2845,795,France,Male,38,10,74832.15,2,1,0,99850.98,0
10002846,Customer_2846,569,France,Female,43,1,27585.32,2,1,0,178870.81,1
10002847,Customer_2847,799,France,Male,35,2,162779.47,1,0,0,82425.37,0
10002848,Customer_2848,847,Spain,Male,85,10,247976.59,1,0,1,169593.26,0
10002849,Customer_2849,541,France,Male,58,0,225231.6,1,1,0,158838.89,0
10002850,Customer_2850,803,France,Female,32,10,63212.65,1,1,1,181287.45,0
10002851,Customer_2851,412,France,Female,40,5,192495.41,2,1,0,52622.81,1
10002852,Customer_2852,422,France,Male,58,4,234215.82,2,1,1,99316.56,0
10002853,Customer_2853,510,Spain,Male,23,9,226591.06,2,0,0,67049.34,0
10002854,Customer_2854,518,Germany,Male,88,1,221137.38,1,1,0,106858.79,1
10002855,Customer_2855,438,Spain,Female,77,10,196612.63,1,1,0,3835.37,1
10002856,Customer_2856,525,France,Male,69,7,73247.87,1,1,1,48342.97,1
10002857,Customer_2857,618,France,Male,26,8,20890.77,1,0,0,194807.54,0
10002858,Customer_2858,422,France,Male,47,2,121954.84,2,1,0,120630.42,0
10002859,Customer_2859,594,France,Male,61,5,13697.78,2,0,0,34674.02,0
10002860,Customer_2860,426,Spain,Male,79,5,249618.42,1,1,1,101668.97,0
10002861,Customer_2861,508,France,Male,60,9,89577.42,2,1,0,139600.72,0
10002862,Customer_2862,838,Germany,Male,45,5,239584.98,2,1,1,120748.6,0
10002863,Customer_2863,808,France,Male,25,7,193280.25,2,1,0,100390.31,0
10002864,Customer_2864,673,Germany,Female,68,4,102822.74,3,1,0,134795.79,0
10002865,Customer_2865,447,Spain,Male,47,9,29577.85,2,1,1,33397.84,0
10002866,Customer_2866,730,Germany,Female,28,9,59298.27,2,1,0,87643.56,0
10002867,Customer_2867,451,Germany,Female,37,7,168261.14,2,1,1,150054.97,0
10002868,Customer_2868,843,Spain,Female,48,2,207483.8,1,0,0,115895.8,0
10002869,Customer_2869,481,Germany,Female,51,6,244860.12,1,0,0,181256.92,1
10002870,Customer_2870,451,France,Male,29,0,33040.55,1,0,1,88758.31,0
10002871,Customer_2871,368,France,Male,65,3,38986.84,2,1,1,26445.34,1
10002872,Customer_2872,803,Germany,Female,45,4,10609.87,2,1,0,9762.3,0
10002873,Customer_2873,831,Germany,Female,84,6,65091.13,2,1,1,95494.65,0
10002874,Customer_2874,431,France,Male,80,5,205266.86,1,1,1,87520.75,0
10002875,Customer_2875,746,France,Male,65,5,49564.21,2,1,1,51310.75,0
10002876,Customer_2876,838,Spain,Female,59,1,136966.19,2,0,1,118107.62,0
10002877,Customer_2877,628,France,Female,69,10,111601.8,1,1,1,50043.4,0
10002878,Customer_2878,688,France,Male,22,1,81456.56,1,1,1,43272.82,0
10002879,Customer_2879,714,France,Female,29,1,154586.6,2,0,0,124447.76,1
10002880,Customer_2880,680,Spain,Male,76,9,125581.45,2,1,0,188989.06,0
10002881,Customer_2881,478,France,Male,82,7,83690.79,2,1,1,40563.67,0
10002882,Customer_2882,693,Germany,Male,69,6,172212.72,1,1,1,36573.44,0
10002883,Customer_2883,659,France,Male,60,0,69992.05,1,0,1,103875.35,0
10002884,Customer_2884,804,Germany,Female,80,8,160795.83,2,1,0,23897.31,1
10002885,Customer_2885,438,Spain,Male,67,10,239311.47,3,0,1,58825.37,1
10002886,Customer_2886,562,France,Male,56,10,182237.99,2,0,0,198152.07,0
10002887,Customer_2887,492,Germany,Male,59,7,104599.89,2,1,1,168210.45,0
10002888,Customer_2888,414,France,Male,34,8,186889.83,2,1,0,141227.77,0
10002889,Customer_2889,425,France,Male,60,3,202310.45,1,1,0,5215.55,1
10002890,Customer_2890,548,Spain,Female,66,4,81460.12,2,1,0,53022.79,1
10002891,Customer_2891,492,France,Male,22,10,176283.05,1,1,0,113938.43,0
10002892,Customer_2892,754,Germany,Female,18,4,108599.05,2,1,1,142059.37,0
10002893,Customer_2893,752,France,Male,84,10,204630.62,1,1,1,133678.66,0
10002894,Customer_2894,665,France,Male,41,8,73844.4,2,1,1,37101.32,0
10002895,Customer_2895,442,France,Male,46,7,234439.92,2,0,0,93263.13,0
10002896,Customer_2896,822,Germany,Male,32,9,143696.73,1,1,0,39710.11,0
10002897,Customer_2897,766,France,Female,21,5,88325.83,1,1,1,184714.85,0
10002898,Customer_2898,654,Germany,Female,61,10,104842.82,1,1,1,111488.0,0
10002899,Customer_2899,573,France,Female,82,9,86949.65,1,1,1,78058.56,0
10002900,Customer_2900,846,France,Female,48,10,36561.58,1,1,1,183604.64,0
10002901,Customer_2901,640,Spain,Female,37,9,17123.1,2,1,0,180793.27,0
10002902,Customer_2902,777,Spain,Female,27,0,80444.67,2,0,1,100825.56,0
10002903,Customer_2903,451,France,Female,28,6,114672.61,3,0,1,137359.02,0
10002904,Customer_2904,823,Germany,Female,45,8,90454.23,1,1,1,63776.47,0
10002905,Customer_2905,616,France,Male,55,3,3479.88,1,1,1,61540.29,0
10002906,Customer_2906,704,Spain,Male,41,3,144751.56,1,1,0,109917.39,0
10002907,Customer_2907,805,Spain,Female,56,4,36204.12,1,1,0,169330.62,1
10002908,Customer_2908,459,Spain,Male,68,7,52751.32,2,0,1,119436.41,1
10002909,Customer_2909,811,Spain,Male,67,10,30187.13,2,0,0,91813.75,0
10002910,Customer_2910,679,France,Female,24,4,130108.18,2,0,1,132831.99,0
10002911,Customer_2911,799,Spain,Male,85,3,23789.82,1,1,0,162460.63,1
10002912,Customer_2912,779,Germany,Female,70,7,64089.31,2,1,0,157470.83,1
10002913,Customer_2913,614,France,Male,54,10,112927.18,3,0,0,74126.18,1
10002914,Customer_2914,352,France,Female,71,4,41927.22,1,1,0,187132.55,0
10002915,Customer_2915,434,Spain,Male,72,7,111560.34,3,1,1,3162.56,1
10002916,Customer_2916,631,Spain,Female,48,0,85683.78,1,0,1,90163.85,0
10002917,Customer_2917,677,France,Female,82,2,215149.29,1,0,0,181506.09,1
10002918,Customer_2918,653,Germany,Female,76,6,198725.8,3,1,1,139204.56,1
10002919,Customer_2919,799,Spain,Male,64,0,248213.65,2,1,0,140801.59,0
10002920,Customer_2920,803,France,Male,66,10,132227.93,1,0,0,31303.37,0
10002921,Customer_2921,761,France,Female,35,4,143849.27,1,0,1,116415.73,0
10002922,Customer_2922,466,Germany,Female,20,5,236661.46,2,1,1,193390.16,0
10002923,Customer_2923,570,France,Female,35,0,99898.05,2,1,1,42318.24,0
10002924,Customer_2924,503,France,Female,75,6,138920.67,2,1,0,65443.6,0
10002925,Customer_2925,502,Germany,Male,88,8,94771.37,1,1,0,77731.18,0
10002926,Customer_2926,361,Spain,Male,42,8,136465.18,2,1,1,71984.6,0
10002927,Customer_2927,482,Germany,Female,35,2,20191.61,1,1,0,125414.04,0
10002928,Customer_2928,831,Spain,Female,69,3,195948.52,2,1,0,46923.13,1
10002929,Customer_2929,653,France,Male,60,0,246319.99,2,0,1,101143.34,0
10002930,Customer_2930,642,France,Male,84,3,16435.1,1,1,1,80054.42,0
10002931,Customer_2931,812,Germany,Female,24,4,200259.93,1,0,0,128900.02,0
10002932,Customer_2932,649,France,Female,91,6,60433.7,1,1,1,48396.52,0
10002933,Customer_2933,577,Spain,Male,61,4,49386.76,1,1,1,110629.87,1
10002934,Customer_2934,620,France,Male,61,7,173342.6,1,1,1,148076.09,0
10002935,Customer_2935,392,France,Male,68,6,11033.06,1,0,0,138594.38,0
10002936,Customer_2936,781,France,Male,38,0,115809.84,1,1,1,166857.73,0
10002937,Customer_2937,692,Spain,Female,54,1,361.12,2,1,1,191232.59,0
10002938,Customer_2938,675,France,Female,45,6,138598.51,1,0,0,170795.37,0
10002939,Customer_2939,651,France,Female,49,2,115520.42,1,0,0,187641.73,0
10002940,Customer_2940,847,France,Female,74,1,228870.65,3,0,0,3512.63,0
10002941,Customer_2941,713,Spain,Male,58,10,180067.98,1,1,1,125790.37,0
10002942,Customer_2942,728,France,Female,71,8,31501.54,1,0,1,53553.19,0
10002943,Customer_2943,776,France,Female,44,9,88634.99,2,0,0,161801.16,0
10002944,Customer_2944,842,France,Female,91,7,232894.94,1,0,0,163809.59,1
10002945,Customer_2945,370,Germany,Male,57,7,181333.54,2,1,1,9564.21,1
10002946,Customer_2946,756,France,Female,58,2,148568.78,1,1,0,119115.5,0
10002947,Customer_2947,456,France,Female,87,10,139767.9,1,0,0,170178.06,0
10002948,Customer_2948,685,France,Male,41,9,99524.62,2,1,1,117487.21,0
10002949,Customer_2949,652,Germany,Male,35,8,146300.37,1,1,0,85114.33,0
10002950,Customer_2950,466,Germany,Female,91,7,192916.1,1,1,1,15366.14,0
10002951,Customer_2951,473,Germany,Female,73,1,31884.42,1,1,0,146057.29,1
10002952,Customer_2952,748,Spain,Male,32,6,242457.66,1,1,0,14938.44,1
10002953,Customer_2953,630,Spain,Male,89,7,59841.22,1,1,0,119587.3,0
10002954,Customer_2954,641,France,Male,52,6,111935.67,1,1,1,183526.29,0
10002955,Customer_2955,552,Spain,Male,44,8,5678.91,2,1,1,83828.46,0
10002956,Customer_2956,400,Germany,Female,20,6,137586.48,2,1,1,154035.55,0
10002957,Customer_2957,620,Spain,Male,38,6,95466.71,2,1,0,159964.38,1
10002958,Customer_2958,673,France,Male,56,0,62438.97,2,1,1,2079.09,0
10002959,Customer_2959,626,Germany,Female,49,1,246381.06,2,1,1,182988.93,0
10002960,Customer_2960,490,France,Male,67,4,107035.29,4,0,1,37764.92,0
10002961,Customer_2961,819,Spain,Female,26,10,103574.09,1,1,0,56547.58,1
10002962,Customer_2962,624,France,Male,67,0,115775.82,2,1,0,174156.35,0
10002963,Customer_2963,639,France,Female,18,9,29038.44,1,1,0,137321.69,1
10002964,Customer_2964,683,France,Female,21,6,98274.03,2,0,0,74378.5,0
10002965,Customer_2965,730,France,Male,21,4,84101.06,2,0,1,17585.95,0
10002966,Customer_2966,801,Germany,Female,51,4,116281.11,2,1,0,77253.29,0
10002967,Customer_2967,845,France,Female,44,7,214155.29,1,1,0,193266.82,0
10002968,Customer_2968,722,France,Female,32,8,48196.35,2,0,0,20933.06,1
10002969,Customer_2969,401,Spain,Male,49,9,151934.83,1,1,0,169228.04,1
10002970,Customer_2970,843,France,Male,58,0,9409.27,2,0,0,65067.69,0
10002971,Customer_2971,376,Germany,Male,88,9,79198.13,4,0,0,130916.48,1
10002972,Customer_2972,506,France,Male,78,3,118164.4,1,0,1,126312.76,0
10002973,Customer_2973,588,France,Male,80,10,18569.79,1,0,1,65125.27,0
10002974,Customer_2974,505,Spain,Male,78,1,135991.98,1,1,0,10869.02,0
10002975,Customer_2975,640,Spain,Female,31,8,77581.41,1,0,1,29773.09,0
10002976,Customer_2976,485,France,Male,40,8,248202.5,2,1,0,113174.53,0
10002977,Customer_2977,493,Spain,Female,82,0,157742.38,2,1,1,189772.16,1
10002978,Customer_2978,455,Spain,Female,49,2,61043.8,1,1,1,185154.43,0
10002979,Customer_2979,769,Spain,Male,58,9,25668.31,2,1,0,22704.31,0
10002980,Customer_2980,507,France,Male,43,7,10179.94,2,1,1,175047.15,1
10002981,Customer_2981,495,France,Female,65,1,22693.32,1,0,1,46770.32,0
10002982,Customer_2982,351,Germany,Male,90,1,170014.88,1,1,1,181975.22,1
10002983,Customer_2983,782,Germany,Male,33,1,213748.07,2,1,1,151701.4,0
10002984,Customer_2984,426,France,Female,48,4,39183.28,1,1,1,192253.2,0
10002985,Customer_2985,481,Spain,Male,83,8,100533.61,1,1,0,88351.83,1
10002986,Customer_2986,439,France,Female,49,6,88558.84,1,1,0,146320.02,0
10002987,Customer_2987,694,France,Female,27,6,161129.52,2,1,0,147057.89,1
10002988,Customer_2988,699,France,Male,42,1,45669.47,1,1,1,99239.91,0
10002989,Customer_2989,808,Germany,Female,62,1,238329.83,2,1,0,194904.02,0
10002990,Customer_2990,612,France,Male,41,4,182139.1,2,0,1,48740.78,0
10002991,Customer_2991,700,Spain,Female,20,6,238767.97,1,1,0,197242.96,0
10002992,Customer_2992,457,Germany,Female,79,6,69342.31,2,1,1,162425.79,0
10002993,Customer_2993,423,Spain,Male,84,8,146928.91,1,1,1,123223.66,0
10002994,Customer_2994,388,Spain,Female,72,2,183066.98,2,1,1,15127.48,0
10002995,Customer_2995,746,Germany,Female,27,0,177739.06,2,0,1,51880.71,0
10002996,Customer_2996,508,Spain,Male,72,8,5336.52,1,1,1,168258.18,1
10002997,Customer_2997,420,France,Female,39,0,249572.29,2,1,1,145633.71,0
10002998,Customer_2998,796,France,Male,31,7,232014.99,1,1,0,192538.92,0
10002999,Customer_2999,661,France,Male,90,4,29938.02,1,1,1,79364.09,1
10003000,Customer_3000,590,France,Male,25,7,135891.69,1,1,0,178891.95,0
10003001,Customer_3001,775,Spain,Female,32,6,78639.11,2,1,1,172366.73,0
10003002,Customer_3002,794,France,Female,32,8,219723.5,1,1,0,193227.24,1
10003003,Customer_3003,647,Germany,Female,69,1,174379.91,1,1,1,54498.07,1
10003004,Customer_3004,789,Germany,Female,87,8,55879.29,2,0,1,98912.02,1
10003005,Customer_3005,385,Germany,Female,71,9,8465.29,2,1,0,16202.79,1
10003006,Customer_3006,433,France,Male,59,4,72935.45,2,1,0,118187.86,0
10003007,Customer_3007,801,Spain,Male,36,4,9534.32,1,1,1,146467.41,0
10003008,Customer_3008,723,France,Male,57,0,35327.68,2,1,0,47610.72,0
10003009,Customer_3009,612,France,Male,86,5,159034.51,2,1,1,33939.59,1
10003010,Customer_3010,659,Germany,Male,44,9,186271.27,1,0,0,127910.1,0
10003011,Customer_3011,734,Germany,Female,91,9,117004.23,2,1,1,78632.23,1
10003012,Customer_3012,521,France,Female,60,9,150071.97,1,1,0,85319.17,1
10003013,Customer_3013,725,Spain,Male,69,9,38971.26,2,0,0,94229.85,0
10003014,Customer_3014,522,France,Male,63,2,79198.79,2,1,1,102300.25,0
10003015,Customer_3015,711,France,Male,31,9,178220.96,2,0,0,39114.04,0
10003016,Customer_3016,396,France,Female,81,2,91222.78,2,1,1,115552.23,0
10003017,Customer_3017,728,Germany,Male,78,2,87202.81,2,1,0,13829.63,1
10003018,Customer_3018,490,Germany,Female,75,3,48498.16,1,0,0,22711.88,0
10003019,Customer_3019,724,France,Male,66,8,148706.22,1,1,1,142308.85,1
10003020,Customer_3020,755,France,Female,46,7,202384.65,1,1,1,146289.85,0
10003021,Customer_3021,467,Spain,Male,43,5,117361.26,2,1,1,53272.24,0
10003022,Customer_3022,626,France,Male,44,7,28884.81,1,1,0,36948.21,0
10003023,Customer_3023,563,France,Male,84,7,209591.86,3,0,0,10808.95,1
10003024,Customer_3024,569,Germany,Male,84,0,17849.28,1,1,1,83783.62,0
10003025,Customer_3025,742,France,Female,52,8,117931.84,1,1,0,101814.4,1
10003026,Customer_3026,375,Spain,Male,77,0,65269.33,3,1,1,179892.95,0
10003027,Customer_3027,358,France,Male,78,10,234079.54,1,0,0,502.96,1
10003028,Customer_3028,620,Germany,Female,87,1,184385.8,2,0,0,81178.78,0
10003029,Customer_3029,359,France,Male,20,8,141602.25,1,1,1,83862.74,0
10003030,Customer_3030,821,Spain,Male,50,6,166938.86,1,0,1,177312.03,0
10003031,Customer_3031,727,France,Female,59,9,133181.82,1,1,1,39216.8,0
10003032,Customer_3032,470,Germany,Female,30,0,36900.24,1,1,0,13247.76,1
10003033,Customer_3033,474,Germany,Male,46,2,177274.67,2,1,0,76328.83,1
10003034,Customer_3034,519,France,Female,26,0,123168.49,2,1,0,122467.76,1
10003035,Customer_3035,421,France,Female,49,4,158577.32,2,0,1,171630.45,0
10003036,Customer_3036,501,Germany,Male,39,3,11300.42,1,1,1,53812.55,0
10003037,Customer_3037,557,Spain,Female,75,7,35508.7,1,0,0,50270.53,0
10003038,Customer_3038,398,France,Female,74,8,147342.62,2,1,0,65202.75,1
10003039,Customer_3039,503,France,Female,27,3,114857.23,1,1,1,23656.34,0
10003040,Customer_3040,696,Spain,Female,42,2,56718.42,2,1,0,195443.3,1
10003041,Customer_3041,642,France,Male,79,3,60190.23,1,0,0,108128.61,0
10003042,Customer_3042,417,Spain,Female,80,2,157914.58,3,1,1,54452.65,1
10003043,Customer_3043,399,Germany,Male,20,5,14741.76,1,1,0,72354.45,0
10003044,Customer_3044,501,Germany,Male,64,0,108564.59,1,1,0,173192.7,1
10003045,Customer_3045,368,France,Male,72,1,130775.88,1,0,1,134748.48,0
10003046,Customer_3046,449,France,Female,43,7,77035.65,1,1,1,110646.08,0
10003047,Customer_3047,409,Germany,Female,30,2,205137.46,2,0,1,144964.5,0
10003048,Customer_3048,516,Spain,Male,24,3,14192.4,2,1,1,151167.3,1
10003049,Customer_3049,551,Spain,Female,51,0,216445.7,1,1,0,38851.02,1
10003050,Customer_3050,694,France,Female,39,2,180815.75,1,1,1,31745.16,0
10003051,Customer_3051,495,France,Female,40,0,111563.59,1,0,0,193339.64,0
10003052,Customer_3052,752,France,Male,65,10,231116.85,2,0,1,37154.11,0
10003053,Customer_3053,513,Spain,Female,31,9,175559.57,1,0,0,92958.27,0
10003054,Customer_3054,807,France,Female,69,4,232761.34,2,1,1,196556.33,0
10003055,Customer_3055,830,France,Male,56,0,118147.44,2,0,1,83448.91,0
10003056,Customer_3056,788,France,Male,58,8,113243.28,2,1,0,102975.14,0
10003057,Customer_3057,591,France,Female,53,6,132685.66,2,0,0,159674.92,1
10003058,Customer_3058,418,Spain,Female,23,10,16356.68,2,0,0,68085.95,1
10003059,Customer_3059,524,Germany,Male,40,7,227123.56,1,1,0,86213.03,0
10003060,Customer_3060,398,France,Male,27,8,166929.26,1,1,1,66442.01,0
10003061,Customer_3061,832,France,Female,77,9,154396.42,1,0,1,57487.19,0
10003062,Customer_3062,457,France,Male,47,7,231615.88,1,1,1,94369.43,0
10003063,Customer_3063,575,France,Male,87,2,248409.29,1,1,0,149179.87,0
10003064,Customer_3064,510,France,Male,22,6,40848.35,1,1,0,173459.08,0
10003065,Customer_3065,468,Germany,Male,74,6,187249.25,1,1,1,94028.89,0
10003066,Customer_3066,498,France,Female,60,6,144986.29,2,1,1,64208.2,0
10003067,Customer_3067,814,France,Female,69,7,115249.3,2,1,0,182319.5,1
10003068,Customer_3068,499,France,Male,23,3,244403.15,1,1,0,67192.47,0
10003069,Customer_3069,781,Spain,Female,19,10,212565.75,2,1,0,155003.43,0
10003070,Customer_3070,642,Germany,Male,34,5,174187.5,2,1,0,149726.66,0
10003071,Customer_3071,492,Germany,Male,29,1,95669.04,1,1,1,9965.61,0
10003072,Customer_3072,768,Germany,Female,61,6,166510.2,3,1,0,35536.93,0
10003073,Customer_3073,825,Germany,Male,71,8,132923.53,1,1,1,114574.07,1
10003074,Customer_3074,804,France,Male,24,4,62342.11,2,1,0,173526.92,0
10003075,Customer_3075,509,Spain,Male,49,3,112595.33,3,1,0,118803.09,0
10003076,Customer_3076,360,France,Female,46,1,53052.99,2,1,0,148544.85,0
10003077,Customer_3077,487,France,Male,63,6,125105.07,2,1,0,146885.3,0
10003078,Customer_3078,806,Spain,Male,90,1,180059.52,2,0,1,98878.84,1
10003079,Customer_3079,427,France,Female,70,1,9161.56,1,0,1,112165.3,0
10003080,Customer_3080,426,Spain,Male,42,8,191344.93,1,1,0,14266.53,1
10003081,Customer_3081,790,France,Male,70,1,4998.5,2,0,0,185547.27,0
10003082,Customer_3082,603,Spain,Male,46,9,129319.43,2,1,1,134872.82,0
10003083,Customer_3083,758,Spain,Male,23,2,143369.18,2,1,0,30908.68,1
10003084,Customer_3084,607,Spain,Male,55,2,190310.86,3,1,1,48809.43,1
10003085,Customer_3085,669,Spain,Female,20,1,190257.21,1,0,1,941.37,0
10003086,Customer_3086,640,Spain,Female,52,9,104363.86,2,0,0,52809.64,1
10003087,Customer_3087,612,Germany,Male,72,2,16593.13,2,1,0,63331.8,0
10003088,Customer_3088,434,France,Male,64,8,173375.04,1,1,1,136631.38,0
10003089,Customer_3089,495,France,Male,50,10,127746.5,3,0,1,95337.24,0
10003090,Customer_3090,672,Germany,Male,20,10,83264.61,1,0,0,168557.44,1
10003091,Customer_3091,391,Spain,Male,86,10,58718.45,3,0,0,17367.47,1
10003092,Customer_3092,723,Germany,Male,76,2,29939.55,2,1,1,141407.58,0
10003093,Customer_3093,474,Spain,Male,35,4,73785.62,1,1,1,174980.21,0
10003094,Customer_3094,516,Spain,Female,83,6,114622.41,2,1,1,84271.78,1
10003095,Customer_3095,774,France,Male,42,0,119402.29,2,1,0,57754.53,0
10003096,Customer_3096,590,France,Male,37,0,145684.73,1,1,1,89119.53,0
10003097,Customer_3097,808,France,Male,88,9,90617.14,1,1,0,157770.81,0
10003098,Customer_3098,836,France,Male,86,1,229974.47,1,1,0,183809.16,0
10003099,Customer_3099,629,Germany,Female,46,0,123967.4,2,0,0,13127.88,1
10003100,Customer_3100,537,Spain,Male,35,0,105931.26,1,1,1,105708.94,0
10003101,Customer_3101,651,Spain,Male,89,9,12041.99,2,0,0,127946.0,1
10003102,Customer_3102,368,France,Male,44,3,149753.77,1,1,1,3506.03,0
10003103,Customer_3103,417,France,Male,59,9,150717.23,2,1,1,36258.65,0
10003104,Customer_3104,567,France,Female,83,2,145822.41,1,0,1,12522.63,0
10003105,Customer_3105,451,Germany,Female,43,0,221899.23,2,0,1,58081.65,0
10003106,Customer_3106,391,France,Male,40,2,190725.21,2,1,0,41089.73,0
10003107,Customer_3107,637,France,Female,22,0,216851.4,1,1,1,97365.71,1
10003108,Customer_3108,516,France,Male,28,2,14855.64,1,0,1,131072.09,0
10003109,Customer_3109,458,France,Male,36,3,79531.61,2,0,0,168445.25,1
10003110,Customer_3110,843,Spain,Male,29,10,79677.99,1,1,1,60869.46,0
10003111,Customer_3111,385,France,Female,19,10,164261.26,1,1,1,10091.73,0
10003112,Customer_3112,581,France,Male,60,7,112153.76,1,1,1,780.59,1
10003113,Customer_3113,578,France,Female,39,2,194368.15,1,1,0,168912.04,0
10003114,Customer_3114,702,France,Male,43,2,96107.64,2,1,0,175628.44,0
10003115,Customer_3115,513,Germany,Male,50,8,55401.89,2,0,0,20208.42,1
10003116,Customer_3116,736,Germany,Female,41,10,72737.77,2,0,0,2046.07,1
10003117,Customer_3117,422,France,Female,86,8,45617.43,1,1,1,160055.3,0
10003118,Customer_3118,485,Germany,Female,38,5,49473.17,1,1,0,128149.56,1
10003119,Customer_3119,702,France,Female,63,9,54209.73,3,1,1,111233.78,0
10003120,Customer_3120,728,Germany,Male,35,3,4023.68,2,1,0,106645.73,0
10003121,Customer_3121,419,France,Male,22,9,179022.01,1,0,0,154754.48,0
10003122,Customer_3122,774,France,Male,25,4,99900.59,2,1,0,58670.65,0
10003123,Customer_3123,836,Spain,Male,74,8,5667.83,3,1,1,77829.65,0
10003124,Customer_3124,545,Spain,Female,22,0,92501.89,1,1,1,15580.37,0
10003125,Customer_3125,618,Germany,Female,30,6,226342.03,2,1,0,113230.71,0
10003126,Customer_3126,398,France,Female,83,10,127811.08,2,0,1,192162.74,0
10003127,Customer_3127,665,France,Male,54,6,246688.0,1,1,1,56777.92,0
10003128,Customer_3128,479,Spain,Female,46,9,134989.86,1,0,0,185850.73,0
10003129,Customer_3129,793,France,Female,86,0,240699.75,1,1,1,145844.46,1
10003130,Customer_3130,354,France,Male,49,0,50450.18,2,0,0,46784.33,0
10003131,Customer_3131,777,France,Male,65,8,72483.7,2,1,1,132574.58,0
10003132,Customer_3132,376,France,Female,19,6,174992.53,1,0,1,73253.77,0
10003133,Customer_3133,509,France,Female,86,3,246705.4,2,0,0,24470.06,1
10003134,Customer_3134,498,France,Female,68,8,206324.35,1,0,1,18554.32,0
10003135,Customer_3135,613,France,Male,52,4,138426.32,1,0,1,3456.31,0
10003136,Customer_3136,579,Spain,Male,32,2,21288.15,2,0,0,159563.92,1
10003137,Customer_3137,549,France,Male,89,1,91094.78,2,0,1,176971.22,1
10003138,Customer_3138,399,France,Male,82,8,21606.43,1,1,1,96513.36,0
10003139,Customer_3139,416,Germany,Female,55,3,77820.34,1,0,0,103990.43,1
10003140,Customer_3140,649,Germany,Male,34,6,64698.03,2,1,0,138320.64,1
10003141,Customer_3141,730,France,Female,62,0,97138.82,2,0,1,140184.96,0
10003142,Customer_3142,407,Spain,Female,18,8,209319.15,2,1,0,64832.99,1
10003143,Customer_3143,608,France,Male,20,8,37594.17,2,1,0,31845.62,0
10003144,Customer_3144,691,Spain,Male,87,9,76515.99,2,1,1,86089.71,1
10003145,Customer_3145,675,France,Male,69,5,65279.31,2,0,1,139406.04,0
10003146,Customer_3146,479,France,Female,70,5,74035.41,3,0,1,160843.79,0
10003147,Customer_3147,564,Spain,Male,20,5,90155.87,1,1,0,17842.49,1
10003148,Customer_3148,521,Germany,Male,64,4,61077.94,2,1,0,117667.42,1
10003149,Customer_3149,607,France,Male,23,10,235645.32,1,1,0,10829.85,1
10003150,Customer_3150,451,France,Female,63,0,105025.43,2,1,1,164957.88,1
10003151,Customer_3151,558,France,Male,78,3,28528.32,1,1,0,133364.94,0
10003152,Customer_3152,640,Germany,Female,60,9,116914.65,1,1,0,139328.49,1
10003153,Customer_3153,703,France,Female,73,0,46107.98,3,1,1,152346.31,1
10003154,Customer_3154,820,France,Male,87,4,54032.66,1,1,1,99134.02,0
10003155,Customer_3155,635,France,Male,37,3,71260.35,2,1,1,59787.29,0
10003156,Customer_3156,465,Germany,Male,64,7,31189.96,2,1,0,157135.17,1
10003157,Customer_3157,613,Spain,Male,71,0,180279.73,1,1,0,155476.35,1
10003158,Customer_3158,499,Spain,Male,58,7,197986.62,3,1,0,26998.16,0
10003159,Customer_3159,649,France,Male,83,7,98571.23,2,1,1,180553.53,0
10003160,Customer_3160,791,Spain,Female,48,0,172248.13,2,1,0,44251.15,0
10003161,Customer_3161,385,Germany,Female,81,8,97238.57,2,1,1,61299.5,1
10003162,Customer_3162,802,Spain,Male,75,8,41019.33,2,1,0,43191.9,1
10003163,Customer_3163,682,France,Male,72,5,99292.02,1,1,1,193119.82,0
10003164,Customer_3164,826,France,Female,63,0,139246.85,2,0,0,59899.98,1
10003165,Customer_3165,636,Spain,Male,41,6,10248.58,1,1,0,194280.83,0
10003166,Customer_3166,652,France,Male,54,6,163621.1,2,0,0,127591.73,0
10003167,Customer_3167,660,Germany,Male,58,8,185651.99,1,0,0,35321.99,1
10003168,Customer_3168,557,Spain,Female,42,0,214992.56,1,1,1,110773.45,1
10003169,Customer_3169,455,Spain,Male,46,7,25692.64,1,1,1,176454.16,0
10003170,Customer_3170,795,Spain,Female,48,10,23.4,2,0,0,112339.78,0
10003171,Customer_3171,507,Germany,Male,19,7,18316.59,2,1,1,26528.64,0
10003172,Customer_3172,470,France,Female,29,6,231029.2,2,1,0,57394.88,1
10003173,Customer_3173,404,France,Female,22,5,191388.93,2,1,0,44970.0,0
10003174,Customer_3174,749,France,Female,78,0,208858.91,2,1,0,25180.74,0
10003175,Customer_3175,361,Germany,Male,73,10,129253.45,1,0,1,65464.68,1
10003176,Customer_3176,494,France,Male,88,9,131679.97,2,1,0,132216.28,0
10003177,Customer_3177,749,France,Male,54,10,74626.4,3,1,0,76508.76,0
10003178,Customer_3178,745,Germany,Male,53,7,210688.26,1,1,1,88766.47,1
10003179,Customer_3179,485,Spain,Male,91,4,207442.4,2,0,0,64139.41,1
10003180,Customer_3180,817,Spain,Female,46,3,98042.84,2,0,0,198894.42,0
10003181,Customer_3181,352,Spain,Male,55,4,82316.77,1,1,1,117244.09,0
10003182,Customer_3182,493,Spain,Female,58,4,184593.32,3,0,0,166778.31,1
10003183,Customer_3183,379,Germany,Male,50,9,6542.03,1,0,0,88271.95,1
10003184,Customer_3184,586,Spain,Male,30,2,214987.22,1,0,1,33736.61,0
10003185,Customer_3185,628,Germany,Male,23,3,111562.0,3,1,1,169363.22,0
10003186,Customer_3186,697,Spain,Male,83,3,110336.06,2,1,0,152689.51,1
10003187,Customer_3187,464,Spain,Male,25,7,167269.46,1,1,0,65969.17,1
10003188,Customer_3188,453,Spain,Female,81,4,161437.34,1,1,1,121287.85,0
10003189,Customer_3189,467,France,Male,26,5,66493.52,2,1,0,18703.59,0
10003190,Customer_3190,354,France,Female,40,9,235819.65,1,1,0,5275.19,1
10003191,Customer_3191,817,France,Female,88,1,246582.49,2,1,0,163153.87,0
10003192,Customer_3192,709,France,Male,38,8,131497.25,1,1,0,188386.23,0
10003193,Customer_3193,597,France,Female,18,7,140345.2,4,1,1,68819.15,1
10003194,Customer_3194,713,France,Male,63,7,138579.49,2,0,0,119519.06,0
10003195,Customer_3195,670,France,Male,79,9,121446.85,2,1,0,143461.38,1
10003196,Customer_3196,470,Germany,Male,19,4,236296.76,2,1,1,149211.3,1
10003197,Customer_3197,635,Germany,Male,61,4,61188.11,2,0,0,96219.95,1
10003198,Customer_3198,498,France,Female,22,2,26989.54,3,1,1,122660.7,0
10003199,Customer_3199,433,Germany,Female,56,10,232386.82,2,1,0,131414.32,0
10003200,Customer_3200,803,Germany,Male,83,1,53259.58,2,0,1,20660.92,0
10003201,Customer_3201,755,Germany,Male,62,8,187288.84,1,0,1,129026.03,0
10003202,Customer_3202,815,Spain,Male,30,5,50968.33,1,0,0,102176.92,0
10003203,Customer_3203,805,France,Female,49,7,240046.5,2,1,0,75706.74,0
10003204,Customer_3204,580,France,Male,60,3,197780.44,2,1,1,52355.36,0
10003205,Customer_3205,637,France,Male,25,4,229679.54,2,1,0,127587.87,0
10003206,Customer_3206,510,France,Female,91,9,237746.21,1,1,0,33360.95,0
10003207,Customer_3207,621,Germany,Male,76,4,21106.1,2,0,1,162169.13,0
10003208,Customer_3208,809,France,Female,28,10,108347.21,2,1,1,34368.58,0
10003209,Customer_3209,387,France,Male,45,9,162025.08,2,1,0,154325.97,1
10003210,Customer_3210,849,France,Female,56,3,200614.03,1,1,1,163485.44,1
10003211,Customer_3211,575,France,Male,43,10,60367.94,2,1,0,187931.49,0
10003212,Customer_3212,491,Germany,Male,89,1,228651.21,1,1,0,92664.12,1
10003213,Customer_3213,641,Germany,Female,43,5,55244.08,2,0,0,12747.71,1
10003214,Customer_3214,830,France,Female,49,3,216544.1,2,0,1,135539.95,1
10003215,Customer_3215,500,France,Female,63,10,128178.14,1,1,0,56532.39,0
10003216,Customer_3216,463,France,Male,45,3,128855.54,2,1,1,18555.29,0
10003217,Customer_3217,586,France,Female,24,9,93501.4,3,0,0,171154.78,0
10003218,Customer_3218,415,Spain,Male,52,2,25876.31,1,1,1,27956.94,0
10003219,Customer_3219,710,France,Male,83,7,86772.52,2,1,1,101279.68,0
10003220,Customer_3220,690,Germany,Male,39,5,106684.18,1,1,1,157704.64,0
10003221,Customer_3221,607,Spain,Female,39,8,119755.26,2,0,0,39827.59,0
10003222,Customer_3222,824,France,Female,20,4,184773.82,1,1,1,179328.23,0
10003223,Customer_3223,598,France,Male,63,5,88017.53,1,0,0,66324.81,0
10003224,Customer_3224,806,Spain,Male,67,8,101648.22,2,1,1,79290.13,0
10003225,Customer_3225,798,Spain,Male,25,3,226524.65,1,1,1,26308.25,0
10003226,Customer_3226,680,France,Male,21,9,188141.82,1,0,0,128895.88,0
10003227,Customer_3227,672,Spain,Male,32,6,5713.94,4,0,0,99068.79,0
10003228,Customer_3228,529,Spain,Female,61,9,203022.19,2,1,0,194832.37,0
10003229,Customer_3229,539,France,Female,56,9,247485.98,2,1,0,139669.28,0
10003230,Customer_3230,756,Spain,Female,46,10,234941.94,2,0,1,151801.03,0
10003231,Customer_3231,503,France,Male,90,10,208988.97,2,0,1,39825.72,0
10003232,Customer_3232,545,Germany,Male,79,5,157293.44,1,0,0,142557.45,1
10003233,Customer_3233,815,Spain,Male,51,5,69548.03,1,1,1,111483.77,0
10003234,Customer_3234,660,Spain,Female,43,5,163607.65,1,1,1,80773.12,0
10003235,Customer_3235,611,France,Male,35,3,173898.12,2,1,1,156534.28,0
10003236,Customer_3236,768,France,Female,80,9,70389.54,1,1,0,195709.71,0
10003237,Customer_3237,755,Germany,Female,69,5,63832.41,2,1,1,18966.28,0
10003238,Customer_3238,776,Germany,Male,71,6,99230.96,1,0,1,157780.22,0
10003239,Customer_3239,492,Germany,Male,59,1,160286.74,2,0,0,183896.79,1
10003240,Customer_3240,691,Spain,Female,71,10,73265.57,2,1,1,63044.71,0
10003241,Customer_3241,665,Spain,Female,69,8,138916.63,1,0,1,72611.43,0
10003242,Customer_3242,450,France,Male,30,6,224809.35,1,1,1,158956.69,0
10003243,Customer_3243,593,France,Male,49,2,73775.08,2,1,1,190728.98,0
10003244,Customer_3244,839,France,Female,83,9,241493.43,2,0,0,187784.81,0
10003245,Customer_3245,361,Germany,Female,75,9,118336.99,2,1,1,11135.68,0
10003246,Customer_3246,588,Germany,Male,56,6,25227.08,1,0,1,174287.06,0
10003247,Customer_3247,398,Germany,Male,44,9,13759.85,3,0,1,117295.25,0
10003248,Customer_3248,391,France,Male,71,9,84668.63,2,0,1,84231.68,0
10003249,Customer_3249,515,France,Female,89,4,64689.74,1,1,1,169108.52,0
10003250,Customer_3250,431,France,Male,90,8,210928.33,1,1,1,160088.93,0
10003251,Customer_3251,778,Germany,Female,60,5,184409.61,2,0,0,101875.12,0
10003252,Customer_3252,640,France,Male,69,10,221136.57,1,1,1,82150.57,0
10003253,Customer_3253,507,France,Male,31,6,147313.37,2,0,1,94500.45,0
10003254,Customer_3254,565,France,Male,25,3,108864.31,2,1,1,63678.87,0
10003255,Customer_3255,839,Germany,Male,52,1,67641.98,1,1,1,136107.63,0
10003256,Customer_3256,507,France,Female,35,10,145777.21,2,1,1,178407.9,0
10003257,Customer_3257,811,Spain,Female,72,3,154506.19,1,1,1,50108.25,0
10003258,Customer_3258,483,Germany,Male,69,8,98236.89,1,0,0,165103.48,0
10003259,Customer_3259,416,Germany,Male,89,2,234148.86,2,0,0,72155.9,1
10003260,Customer_3260,685,Germany,Female,66,6,159988.65,2,1,1,26375.33,0
10003261,Customer_3261,356,France,Male,25,3,209370.3,1,1,0,8109.56,0
10003262,Customer_3262,785,France,Male,54,2,155097.69,1,1,1,95878.03,0
10003263,Customer_3263,363,Spain,Male,83,4,79134.2,2,0,1,113667.46,0
10003264,Customer_3264,422,Spain,Female,58,1,184154.79,2,1,0,1217.66,0
10003265,Customer_3265,748,Spain,Male,90,10,57563.63,2,1,0,130529.16,1
10003266,Customer_3266,754,Germany,Female,44,9,149152.34,2,0,1,103711.19,1
10003267,Customer_3267,512,France,Male,37,3,100591.59,2,1,1,199483.24,0
10003268,Customer_3268,415,France,Male,55,6,37471.22,1,1,0,20912.97,0
10003269,Customer_3269,696,Germany,Male,29,1,103310.14,2,0,1,141007.06,1
10003270,Customer_3270,479,France,Male,59,9,77570.21,1,0,1,43415.03,0
10003271,Customer_3271,768,France,Female,67,5,28055.52,1,0,0,41277.15,0
10003272,Customer_3272,815,Spain,Female,48,4,205957.06,2,0,1,3754.59,0
10003273,Customer_3273,555,France,Male,82,2,124645.64,1,1,0,1319.66,1
10003274,Customer_3274,625,France,Female,70,4,86589.07,1,1,1,37333.49,0
10003275,Customer_3275,815,Spain,Male,57,9,126241.06,1,1,1,35109.56,0
10003276,Customer_3276,605,Spain,Male,90,6,188645.78,1,1,0,98.47,0
10003277,Customer_3277,615,France,Female,56,2,4573.85,1,1,1,143432.92,0
10003278,Customer_3278,374,Spain,Female,27,7,136687.94,1,1,1,100740.17,0
10003279,Customer_3279,799,Spain,Female,46,6,119787.7,1,0,0,79235.74,1
10003280,Customer_3280,630,France,Male,57,3,223267.55,1,1,0,20768.72,0
10003281,Customer_3281,602,France,Male,47,4,138992.91,1,1,1,66786.97,0
10003282,Customer_3282,659,France,Male,19,9,34330.71,1,1,0,94123.71,0
10003283,Customer_3283,638,Germany,Female,45,10,97170.8,2,1,0,199609.59,0
10003284,Customer_3284,513,France,Female,64,3,155267.34,1,1,0,102125.29,0
10003285,Customer_3285,444,Spain,Male,49,1,11483.45,2,1,0,3912.46,1
10003286,Customer_3286,619,Spain,Female,49,8,221162.27,1,1,0,41557.03,0
10003287,Customer_3287,670,Spain,Male,44,0,16945.59,1,0,1,70911.43,0
10003288,Customer_3288,459,Spain,Female,71,7,7647.78,1,1,1,91191.28,1
10003289,Customer_3289,685,Spain,Male,73,3,503.89,1,0,0,134859.55,0
10003290,Customer_3290,659,France,Male,48,8,170936.12,1,0,1,118123.09,0
10003291,Customer_3291,587,France,Male,41,2,113980.02,1,1,1,101858.4,0
10003292,Customer_3292,730,Germany,Male,52,6,25704.42,1,1,1,167580.66,0
10003293,Customer_3293,785,France,Female,47,2,214052.13,2,1,1,39258.65,0
10003294,Customer_3294,736,France,Female,72,9,50680.07,1,1,0,15586.04,0
10003295,Customer_3295,832,Germany,Female,81,6,81581.04,1,1,0,167642.69,1
10003296,Customer_3296,774,Spain,Female,50,1,44430.37,2,1,1,92438.76,0
10003297,Customer_3297,739,France,Male,63,2,231689.07,1,1,1,110675.76,0
10003298,Customer_3298,374,Spain,Female,50,7,189516.7,1,1,1,167478.7,0
10003299,Customer_3299,490,France,Female,85,6,180988.35,1,1,1,189163.44,0
10003300,Customer_3300,466,Germany,Male,81,10,10999.01,1,1,1,110405.07,0
10003301,Customer_3301,831,France,Male,47,2,130675.43,1,0,0,162453.37,1
10003302,Customer_3302,741,Spain,Female,46,7,143863.11,2,1,0,108961.64,0
10003303,Customer_3303,754,France,Male,79,8,95630.21,2,1,0,6675.4,1
10003304,Customer_3304,831,Germany,Female,47,1,80439.06,1,1,1,191172.2,1
10003305,Customer_3305,801,France,Male,29,1,212985.72,1,1,1,163555.43,0
10003306,Customer_3306,374,France,Male,84,6,5754.15,2,1,0,150687.15,1
10003307,Customer_3307,428,France,Male,32,10,156338.71,1,1,0,88371.29,0
10003308,Customer_3308,417,France,Male,27,7,98561.73,2,1,1,188509.65,1
10003309,Customer_3309,522,France,Male,78,4,166487.67,1,0,0,97974.89,0
10003310,Customer_3310,793,France,Male,40,1,49479.39,1,0,1,144160.41,0
10003311,Customer_3311,361,Germany,Male,28,9,59664.84,1,1,1,20128.4,1
10003312,Customer_3312,637,Germany,Female,33,4,146713.45,2,0,0,43780.79,0
10003313,Customer_3313,477,France,Male,66,2,244984.64,1,0,0,84847.43,1
10003314,Customer_3314,445,Germany,Female,31,8,243670.9,2,1,1,116264.2,0
10003315,Customer_3315,441,France,Male,23,1,62245.25,2,1,1,161113.07,1
10003316,Customer_3316,490,Germany,Female,59,8,25587.76,1,0,0,48182.73,0
10003317,Customer_3317,380,France,Female,34,1,147585.81,1,0,0,154873.64,1
10003318,Customer_3318,683,Germany,Male,59,0,104995.65,1,1,0,177999.65,0
10003319,Customer_3319,369,France,Female,27,9,190421.68,2,0,1,163692.05,0
10003320,Customer_3320,495,Spain,Male,63,5,131995.93,2,0,0,124486.82,1
10003321,Customer_3321,826,France,Male,66,10,127646.7,2,0,1,162000.59,0
10003322,Customer_3322,665,France,Female,26,5,161614.97,1,1,1,175501.76,0
10003323,Customer_3323,796,France,Male,56,3,31604.61,1,0,0,111024.92,0
10003324,Customer_3324,739,Spain,Male,19,1,169290.43,2,1,0,162034.37,0
10003325,Customer_3325,509,Germany,Female,85,9,122129.93,2,0,0,84231.64,0
10003326,Customer_3326,698,Germany,Female,69,10,205036.77,2,1,0,104500.95,0
10003327,Customer_3327,392,Spain,Female,28,2,34676.71,2,1,0,10532.82,0
10003328,Customer_3328,603,Spain,Male,54,5,75186.76,1,1,0,176699.3,0
10003329,Customer_3329,479,Germany,Female,89,3,237561.59,1,0,1,28083.61,0
10003330,Customer_3330,409,France,Female,39,4,138268.22,1,1,0,55247.21,1
10003331,Customer_3331,500,Spain,Female,69,10,232325.25,2,1,0,63500.1,1
10003332,Customer_3332,816,France,Male,22,8,172258.78,1,1,1,23189.87,0
10003333,Customer_3333,636,Germany,Female,19,4,231607.84,2,1,1,184351.55,0
10003334,Customer_3334,848,Germany,Female,22,9,79456.57,2,0,1,194007.06,0
10003335,Customer_3335,354,Spain,Male,49,10,22633.44,1,1,0,173040.85,0
10003336,Customer_3336,816,Germany,Female,36,7,200560.44,2,0,0,69280.18,0
10003337,Customer_3337,767,Germany,Male,21,1,201117.19,1,1,1,11057.78,0
10003338,Customer_3338,615,Spain,Male,63,5,154706.7,1,1,0,36587.28,0
10003339,Customer_3339,694,France,Female,43,10,144892.55,2,0,1,154422.49,0
10003340,Customer_3340,479,France,Female,67,10,228727.04,2,1,1,57202.7,0
10003341,Customer_3341,731,Germany,Male,43,5,44124.62,2,1,1,178522.24,0
10003342,Customer_3342,616,Spain,Male,88,4,154134.49,2,0,0,167027.78,0
10003343,Customer_3343,527,France,Female,49,5,12442.65,2,1,1,47397.45,0
10003344,Customer_3344,602,France,Female,61,4,35216.23,2,0,1,138694.28,0
10003345,Customer_3345,764,France,Female,43,1,109318.09,2,1,0,88465.07,1
10003346,Customer_3346,405,France,Female,78,4,205301.84,1,1,1,42998.06,0
10003347,Customer_3347,812,Spain,Female,68,0,183283.17,1,1,1,118026.99,0
10003348,Customer_3348,806,Germany,Male,76,2,243516.1,2,1,1,167473.74,1
10003349,Customer_3349,820,Germany,Female,55,6,11212.16,2,1,1,185359.46,0
10003350,Customer_3350,432,Germany,Male,43,3,95338.05,1,1,0,11756.16,0
10003351,Customer_3351,742,Spain,Female,62,7,39697.7,1,1,1,83753.38,1
10003352,Customer_3352,448,France,Male,48,2,9240.32,3,1,1,120888.62,1
10003353,Customer_3353,498,France,Male,87,6,66099.39,2,0,0,67605.49,0
10003354,Customer_3354,678,France,Female,62,1,61117.96,3,0,1,63540.2,0
10003355,Customer_3355,505,France,Female,48,7,105006.93,2,1,0,154389.24,1
10003356,Customer_3356,539,France,Female,78,2,35020.3,2,1,0,156503.93,0
10003357,Customer_3357,843,France,Female,65,5,122141.89,1,1,1,145787.23,1
10003358,Customer_3358,720,France,Male,62,1,230024.58,1,0,0,179706.14,0
10003359,Customer_3359,612,France,Female,77,6,187047.23,1,1,1,98947.16,0
10003360,Customer_3360,429,Spain,Male,78,3,210544.33,2,0,0,157564.69,1
10003361,Customer_3361,749,France,Male,69,5,201182.15,1,1,1,2253.19,0
10003362,Customer_3362,601,Spain,Male,69,1,97406.58,2,1,0,197486.05,0
10003363,Customer_3363,446,France,Female,79,2,177240.26,2,1,1,183847.55,0
10003364,Customer_3364,609,Spain,Female,43,2,188564.06,1,1,1,168271.53,0
10003365,Customer_3365,609,Spain,Female,84,3,51412.03,2,1,1,117557.87,0
10003366,Customer_3366,452,Spain,Male,66,0,215065.59,1,0,1,108835.88,0
10003367,Customer_3367,389,Spain,Male,61,5,114436.85,1,1,0,30035.38,1
10003368,Customer_3368,622,France,Male,53,10,4089.93,1,1,1,10803.05,0
10003369,Customer_3369,450,France,Male,70,5,160846.03,1,1,0,51183.55,1
10003370,Customer_3370,708,France,Male,61,3,169190.77,2,1,1,30205.23,0
10003371,Customer_3371,729,France,Female,39,7,137940.57,2,1,0,112169.04,0
10003372,Customer_3372,657,France,Female,19,4,53103.83,2,1,0,66517.26,0
10003373,Customer_3373,570,Spain,Male,24,9,120569.51,2,0,1,77578.2,0
10003374,Customer_3374,657,Germany,Male,33,3,100031.86,2,1,0,5289.07,0
10003375,Customer_3375,769,Germany,Female,61,6,243671.52,2,1,0,109728.5,1
10003376,Customer_3376,473,Spain,Female,82,9,206169.61,2,1,1,131236.71,0
10003377,Customer_3377,771,Germany,Female,90,9,190474.9,1,1,0,66888.35,0
10003378,Customer_3378,580,Germany,Male,88,7,45268.43,2,0,1,26260.15,0
10003379,Customer_3379,527,Spain,Male,86,1,82760.0,2,0,1,140748.76,0
10003380,Customer_3380,412,France,Female,78,0,94927.96,1,1,1,25806.05,0
10003381,Customer_3381,834,France,Male,47,5,123156.88,1,0,1,163373.29,0
10003382,Customer_3382,465,Spain,Female,59,1,7556.13,2,1,0,109209.48,1
10003383,Customer_3383,540,Spain,Male,91,10,148252.31,2,1,1,47497.22,0
10003384,Customer_3384,411,Spain,Male,42,7,89464.14,1,1,1,179746.92,0
10003385,Customer_3385,605,France,Female,88,4,140419.29,1,1,0,28363.9,1
10003386,Customer_3386,832,Spain,Male,74,1,2244.6,1,1,0,120241.12,1
10003387,Customer_3387,356,France,Female,49,10,80358.28,1,1,0,123506.47,0
10003388,Customer_3388,504,France,Male,67,4,192166.51,1,1,0,7472.07,0
10003389,Customer_3389,441,France,Female,27,1,125270.39,1,1,1,121947.11,0
10003390,Customer_3390,819,France,Male,39,5,197221.83,1,1,0,138846.68,0
10003391,Customer_3391,363,France,Male,58,7,174740.1,1,1,0,182027.46,1
10003392,Customer_3392,804,France,Male,64,1,213730.14,2,1,0,141790.08,0
10003393,Customer_3393,578,France,Female,31,5,1860.9,1,1,0,96891.81,1
10003394,Customer_3394,435,France,Female,20,5,65331.37,2,0,0,170661.62,0
10003395,Customer_3395,482,Spain,Male,70,0,137200.43,2,1,1,70764.23,0
10003396,Customer_3396,532,Germany,Female,33,8,235254.52,2,0,0,171104.57,0
10003397,Customer_3397,735,France,Female,78,7,169947.55,1,0,1,168795.79,0
10003398,Customer_3398,411,France,Female,45,3,114147.2,1,1,1,120736.3,1
10003399,Customer_3399,568,Germany,Female,52,6,32535.33,2,1,1,68931.87,1
10003400,Customer_3400,754,Germany,Female,19,3,123303.84,2,1,0,118245.58,0
10003401,Customer_3401,595,France,Female,78,7,110271.74,2,0,0,181180.65,1
10003402,Customer_3402,579,Germany,Male,73,9,194610.82,1,0,0,127311.91,0
10003403,Customer_3403,428,Spain,Male,72,1,103337.16,1,0,1,168004.33,0
10003404,Customer_3404,498,France,Female,35,1,79709.52,1,0,0,68932.43,0
10003405,Customer_3405,487,France,Male,88,2,22429.92,1,1,0,58469.79,0
10003406,Customer_3406,820,France,Male,66,3,11625.27,1,1,0,51177.57,0
10003407,Customer_3407,663,Germany,Female,59,10,109783.61,1,1,0,98255.69,1
10003408,Customer_3408,725,France,Male,24,5,86715.49,1,1,0,86401.46,0
10003409,Customer_3409,772,France,Female,21,4,138831.04,2,1,0,170845.79,0
10003410,Customer_3410,738,France,Female,60,9,177982.11,2,1,0,22530.2,1
10003411,Customer_3411,414,Spain,Female,76,9,10001.7,1,0,1,110814.29,0
10003412,Customer_3412,362,Germany,Male,66,6,124054.28,3,1,0,80687.87,0
10003413,Customer_3413,562,Germany,Male,77,5,215492.97,2,1,1,187514.66,0
10003414,Customer_3414,823,Spain,Female,23,3,113791.65,1,1,1,157680.22,0
10003415,Customer_3415,591,France,Male,37,10,130310.55,1,1,1,86676.44,0
10003416,Customer_3416,842,Spain,Male,48,9,121697.96,1,1,0,128126.65,1
10003417,Customer_3417,562,Germany,Female,39,8,97448.23,2,0,1,149121.04,0
10003418,Customer_3418,530,France,Male,49,6,27529.88,1,1,0,14238.52,1
10003419,Customer_3419,687,Spain,Female,64,0,31589.05,1,0,1,134747.54,0
10003420,Customer_3420,834,Spain,Female,51,7,44772.31,1,0,0,27907.42,0
10003421,Customer_3421,522,Spain,Male,44,3,198141.16,2,0,1,37798.5,0
10003422,Customer_3422,509,France,Male,61,6,68833.08,1,1,0,92248.24,1
10003423,Customer_3423,513,Spain,Male,47,10,237030.95,1,0,0,195890.76,1
10003424,Customer_3424,814,Spain,Male,50,1,202542.54,1,1,0,190431.98,0
10003425,Customer_3425,832,France,Female,44,2,171135.17,1,1,1,180455.23,0
10003426,Customer_3426,846,France,Male,73,0,180098.41,1,1,0,6876.45,0
10003427,Customer_3427,537,France,Male,40,1,11908.05,1,1,1,170568.85,0
10003428,Customer_3428,744,Spain,Female,60,10,142097.34,1,1,1,155235.65,0
10003429,Customer_3429,540,Germany,Female,71,4,235264.23,1,1,0,99761.72,1
10003430,Customer_3430,754,France,Male,85,1,9777.55,1,1,0,65092.63,0
10003431,Customer_3431,657,France,Female,70,5,72754.13,1,1,1,151120.38,0
10003432,Customer_3432,605,France,Male,57,5,12877.87,1,0,0,21415.63,0
10003433,Customer_3433,532,Germany,Female,77,5,142435.39,1,0,1,130092.52,1
10003434,Customer_3434,466,France,Female,26,10,29050.16,1,1,1,134378.73,0
10003435,Customer_3435,631,Spain,Female,27,2,119812.54,1,0,0,110744.06,0
10003436,Customer_3436,545,Germany,Female,27,10,179987.36,1,0,0,175557.44,1
10003437,Customer_3437,383,Spain,Male,47,2,41109.63,2,1,1,65979.35,0
10003438,Customer_3438,401,France,Female,27,9,188841.11,2,1,1,95637.99,0
10003439,Customer_3439,461,France,Female,75,6,15051.12,1,1,0,151735.13,0
10003440,Customer_3440,601,France,Male,53,3,37406.12,1,1,0,143340.5,1
10003441,Customer_3441,431,France,Male,61,5,70027.59,3,1,1,112496.87,0
10003442,Customer_3442,581,France,Female,74,7,199024.77,2,1,1,54434.99,0
10003443,Customer_3443,576,Spain,Male,60,2,212534.22,2,0,0,58857.87,0
10003444,Customer_3444,582,France,Female,40,8,55094.95,2,1,0,148243.9,0
10003445,Customer_3445,570,France,Female,21,8,23945.96,2,0,1,1159.74,0
10003446,Customer_3446,785,France,Female,29,2,211988.45,1,0,1,130550.7,0
10003447,Customer_3447,762,France,Male,66,5,162341.86,1,0,0,49662.93,1
10003448,Customer_3448,771,Spain,Male,41,4,39463.86,1,1,0,134602.49,0
10003449,Customer_3449,391,France,Male,30,3,139429.2,2,1,1,37396.52,0
10003450,Customer_3450,370,France,Female,85,7,218092.86,2,1,0,75294.65,0
10003451,Customer_3451,391,Germany,Female,89,9,17378.74,1,1,1,150765.95,0
10003452,Customer_3452,746,France,Female,51,8,20930.31,1,0,1,151042.92,0
10003453,Customer_3453,462,France,Female,26,8,68401.94,2,1,1,41946.66,0
10003454,Customer_3454,454,France,Female,27,4,163065.58,1,0,0,75263.17,0
10003455,Customer_3455,541,France,Male,82,4,44502.13,2,1,1,100506.66,0
10003456,Customer_3456,366,France,Female,89,10,204091.8,2,1,1,117476.34,0
10003457,Customer_3457,469,France,Male,91,2,187607.54,1,0,0,148489.7,0
10003458,Customer_3458,742,Spain,Male,71,8,140251.21,1,0,0,4738.12,0
10003459,Customer_3459,774,France,Male,60,0,29016.93,2,1,0,23074.52,0
10003460,Customer_3460,478,Spain,Male,76,2,247054.96,1,0,0,31553.85,1
10003461,Customer_3461,479,Spain,Male,76,6,122508.41,2,1,1,38141.45,0
10003462,Customer_3462,409,Germany,Male,84,6,113018.29,2,1,1,6065.34,1
10003463,Customer_3463,397,France,Male,78,4,248892.27,2,0,1,184095.13,0
10003464,Customer_3464,378,France,Female,55,5,215967.07,2,1,1,32448.2,0
10003465,Customer_3465,446,Germany,Male,25,3,114091.93,1,1,1,14738.0,1
10003466,Customer_3466,359,Germany,Female,82,7,104700.75,2,1,0,94350.89,0
10003467,Customer_3467,591,Germany,Male,22,3,23977.35,1,1,0,188237.29,0
10003468,Customer_3468,663,France,Male,60,9,231627.94,2,1,0,192877.56,0
10003469,Customer_3469,793,Spain,Male,77,5,210943.71,1,1,0,135284.12,0
10003470,Customer_3470,581,France,Male,43,4,77500.62,2,0,1,35678.79,0
10003471,Customer_3471,626,France,Female,28,9,188330.32,2,1,1,770.12,0
10003472,Customer_3472,633,France,Male,51,5,190682.36,2,1,0,67013.76,0
10003473,Customer_3473,552,France,Male,19,2,56977.68,1,1,0,25100.84,0
10003474,Customer_3474,596,France,Male,38,2,153413.87,1,0,0,151021.81,0
10003475,Customer_3475,639,Spain,Female,43,9,63757.2,1,1,0,193821.51,1
10003476,Customer_3476,613,Spain,Female,90,6,197471.51,2,1,0,16754.63,0
10003477,Customer_3477,792,Spain,Male,22,0,38452.43,2,0,0,79393.52,0
10003478,Customer_3478,563,France,Male,26,0,167226.5,2,1,1,180494.97,1
10003479,Customer_3479,549,Germany,Male,67,0,81502.93,2,1,1,145661.2,1
10003480,Customer_3480,782,France,Male,27,5,9045.51,1,0,0,173957.53,0
10003481,Customer_3481,428,France,Male,75,3,30926.16,2,1,1,184596.48,0
10003482,Customer_3482,750,France,Female,27,5,163724.78,1,1,0,82529.79,0
10003483,Customer_3483,793,France,Female,53,0,59978.58,1,1,1,138735.8,0
10003484,Customer_3484,692,France,Female,91,3,157758.84,2,1,1,141870.18,0
10003485,Customer_3485,693,France,Female,73,3,103705.54,2,1,0,126167.27,1
10003486,Customer_3486,522,Germany,Male,79,1,173178.37,1,0,0,65162.2,0
10003487,Customer_3487,816,Spain,Male,54,0,123237.16,1,1,1,166435.61,0
10003488,Customer_3488,418,France,Male,58,7,77136.77,2,1,0,153782.0,0
10003489,Customer_3489,765,Spain,Female,65,5,36454.79,2,1,1,89048.71,0
10003490,Customer_3490,777,Spain,Male,39,3,85274.56,3,1,1,84199.91,0
10003491,Customer_3491,798,Germany,Female,78,1,158723.52,1,1,1,2167.6,0
10003492,Customer_3492,436,Germany,Male,65,4,185118.38,2,1,0,168690.59,1
10003493,Customer_3493,450,France,Male,81,8,40084.92,2,0,1,56804.67,0
10003494,Customer_3494,357,Spain,Female,54,6,166068.1,2,1,1,94166.55,1
10003495,Customer_3495,682,Germany,Male,58,3,44819.88,1,0,0,82266.69,1
10003496,Customer_3496,549,Spain,Male,22,4,55454.84,2,1,1,135631.39,0
10003497,Customer_3497,436,Germany,Male,69,7,132829.31,1,1,0,78027.42,0
10003498,Customer_3498,392,Spain,Male,34,10,72300.58,1,1,0,35956.33,0
10003499,Customer_3499,734,Spain,Female,79,4,165398.86,1,0,1,173724.81,0
10003500,Customer_3500,458,France,Female,69,5,238944.16,2,1,1,36718.2,0
10003501,Customer_3501,784,France,Male,37,9,37223.05,1,1,1,5696.59,1
10003502,Customer_3502,757,France,Male,33,5,142627.71,2,1,1,39256.79,1
10003503,Customer_3503,832,France,Male,24,7,230824.8,1,0,1,91034.85,0
10003504,Customer_3504,501,France,Female,83,10,44132.24,1,0,0,84652.0,0
10003505,Customer_3505,366,Spain,Male,29,4,91712.73,3,1,1,159266.45,1
10003506,Customer_3506,482,Germany,Male,60,0,30904.21,2,0,1,38995.17,0
10003507,Customer_3507,497,Spain,Male,57,3,160509.43,1,0,0,155124.57,0
10003508,Customer_3508,626,Spain,Male,18,2,167285.73,2,1,0,19283.56,1
10003509,Customer_3509,581,Germany,Female,75,1,166045.58,2,0,0,94737.92,0
10003510,Customer_3510,663,Spain,Female,20,6,135531.76,2,0,1,173067.28,0
10003511,Customer_3511,764,Germany,Male,25,6,186565.22,2,1,0,82593.22,1
10003512,Customer_3512,715,Spain,Female,78,7,8969.32,1,0,0,192656.58,0
10003513,Customer_3513,577,France,Male,22,9,239378.37,1,0,1,126211.97,0
10003514,Customer_3514,488,France,Male,43,4,55524.05,2,1,1,151333.07,0
10003515,Customer_3515,785,France,Male,90,0,30390.49,1,0,0,101976.95,0
10003516,Customer_3516,748,Germany,Male,34,5,235284.01,2,0,0,85957.84,1
10003517,Customer_3517,560,Germany,Female,83,5,207609.23,1,1,0,16945.6,0
10003518,Customer_3518,740,France,Female,68,10,191217.6,1,1,0,23999.52,0
10003519,Customer_3519,848,France,Male,64,7,26186.43,1,0,0,114345.47,1
10003520,Customer_3520,377,Spain,Male,57,9,201882.3,2,1,0,122731.0,1
10003521,Customer_3521,400,Germany,Male,44,1,152255.88,1,1,0,196951.14,1
10003522,Customer_3522,840,France,Female,57,10,182977.15,1,1,1,171550.22,0
10003523,Customer_3523,791,Germany,Female,18,8,244517.57,3,1,1,168899.07,1
10003524,Customer_3524,610,Spain,Male,63,10,48610.29,2,0,1,57328.6,0
10003525,Customer_3525,610,Spain,Female,28,5,126095.49,1,1,0,82362.86,0
10003526,Customer_3526,699,France,Female,56,0,188337.99,1,0,1,20435.68,0
10003527,Customer_3527,701,France,Male,35,8,108414.09,1,1,0,116311.89,0
10003528,Customer_3528,357,France,Male,64,7,13663.27,2,1,0,13917.8,0
10003529,Customer_3529,669,France,Female,91,9,27859.72,2,1,1,89372.25,0
10003530,Customer_3530,487,Spain,Male,38,0,150522.99,2,1,1,113244.72,0
10003531,Customer_3531,387,France,Male,45,7,71251.04,2,0,1,45645.48,0
10003532,Customer_3532,460,Spain,Male,18,6,34460.16,2,0,1,155091.33,0
10003533,Customer_3533,829,France,Male,31,4,84973.0,1,1,1,134973.1,0
10003534,Customer_3534,717,Spain,Female,37,5,50245.23,1,1,0,29582.4,0
10003535,Customer_3535,569,France,Male,90,3,5984.87,2,0,1,196736.28,0
10003536,Customer_3536,686,Spain,Male,62,8,37953.5,2,1,1,108414.13,0
10003537,Customer_3537,572,Spain,Male,78,8,220769.49,2,1,1,5294.32,1
10003538,Customer_3538,485,Spain,Female,44,9,3009.32,2,0,1,70029.12,0
10003539,Customer_3539,605,France,Male,73,0,193462.58,1,1,1,195862.38,0
10003540,Customer_3540,709,France,Female,69,8,188365.28,1,1,0,180462.95,0
10003541,Customer_3541,758,Germany,Male,85,2,141059.42,2,1,1,30241.93,0
10003542,Customer_3542,678,France,Female,54,1,52111.94,1,0,0,171002.74,0
10003543,Customer_3543,799,France,Female,48,3,219514.81,1,1,0,123686.36,0
10003544,Customer_3544,812,France,Female,66,3,118768.89,1,0,1,4357.67,0
10003545,Customer_3545,783,Germany,Male,70,8,43301.56,2,1,0,151488.71,1
10003546,Customer_3546,800,Germany,Female,56,3,107255.65,2,1,1,82573.73,0
10003547,Customer_3547,398,France,Male,27,4,48729.31,1,1,0,79234.43,0
10003548,Customer_3548,641,France,Female,26,5,94001.96,2,1,0,76566.8,0
10003549,Customer_3549,731,France,Male,30,3,124171.94,2,0,0,119316.1,0
10003550,Customer_3550,673,Germany,Female,35,0,89975.22,2,1,1,142846.05,0
10003551,Customer_3551,427,France,Male,29,1,164261.07,2,1,0,129532.38,0
10003552,Customer_3552,454,France,Female,89,2,233979.45,1,1,1,48360.73,0
10003553,Customer_3553,518,Spain,Female,22,3,87037.34,1,1,1,141363.67,0
10003554,Customer_3554,566,Spain,Male,24,4,88934.88,1,0,0,27113.04,0
10003555,Customer_3555,727,Spain,Female,32,9,184575.62,2,1,0,194268.51,0
10003556,Customer_3556,468,Spain,Male,84,9,132647.73,2,1,0,94728.48,0
10003557,Customer_3557,539,France,Female,35,2,107209.86,3,1,0,18279.24,1
10003558,Customer_3558,604,Germany,Female,55,10,203452.05,1,1,0,115329.65,1
10003559,Customer_3559,719,France,Female,43,0,222759.02,2,0,0,115400.99,1
10003560,Customer_3560,615,Germany,Male,55,10,147646.65,2,0,1,7772.86,0
10003561,Customer_3561,498,France,Male,76,10,46275.82,2,1,1,2183.57,0
10003562,Customer_3562,513,Germany,Female,69,7,116571.47,1,1,1,199220.49,0
10003563,Customer_3563,489,Germany,Female,50,7,126092.67,1,1,1,78023.64,0
10003564,Customer_3564,696,France,Male,38,3,108051.84,1,1,0,49099.41,0
10003565,Customer_3565,837,Spain,Male,34,6,65607.97,2,0,1,109549.93,0
10003566,Customer_3566,607,France,Male,79,3,118080.45,2,0,0,1678.43,0
10003567,Customer_3567,723,France,Female,76,2,111636.54,1,0,0,2589.87,1
10003568,Customer_3568,618,France,Female,19,6,52373.38,1,1,0,22565.68,1
10003569,Customer_3569,530,France,Male,81,5,225857.66,1,1,0,160507.24,0
10003570,Customer_3570,509,France,Male,42,0,221335.24,2,1,1,49657.9,0
10003571,Customer_3571,700,Spain,Female,58,8,189904.11,2,1,0,100696.87,0
10003572,Customer_3572,749,France,Male,36,1,100236.64,3,0,1,44732.75,0
10003573,Customer_3573,637,France,Female,55,2,92585.48,2,1,0,108970.69,1
10003574,Customer_3574,637,France,Male,42,4,179116.34,1,1,0,101766.5,0
10003575,Customer_3575,729,Germany,Female,56,2,152029.81,1,1,0,80151.48,1
10003576,Customer_3576,575,Spain,Female,21,2,150149.58,1,1,1,86645.83,0
10003577,Customer_3577,360,Germany,Male,20,7,31027.88,1,1,0,130679.44,0
10003578,Customer_3578,359,Germany,Male,51,3,154570.95,2,1,1,168432.52,1
10003579,Customer_3579,620,Spain,Female,27,9,225465.75,1,0,0,63889.3,1
10003580,Customer_3580,622,Spain,Male,44,1,21454.12,1,1,0,106434.24,0
10003581,Customer_3581,773,Germany,Female,18,4,84792.82,2,1,0,170836.69,0
10003582,Customer_3582,751,France,Male,61,1,127253.57,1,1,1,33594.26,0
10003583,Customer_3583,532,Germany,Female,69,9,171502.37,1,1,0,195911.67,0
10003584,Customer_3584,806,Germany,Male,42,10,22408.73,2,0,0,150128.54,0
10003585,Customer_3585,502,Germany,Male,91,7,218201.55,2,1,0,73229.62,1
10003586,Customer_3586,837,Spain,Male,82,2,10136.41,1,0,1,75042.68,0
10003587,Customer_3587,664,Germany,Female,28,1,214422.42,2,0,1,41078.34,0
10003588,Customer_3588,683,Spain,Female,85,2,6912.94,2,1,0,53591.12,0
10003589,Customer_3589,473,France,Male,32,2,38380.83,2,1,0,117411.56,1
10003590,Customer_3590,822,France,Male,74,0,200080.96,2,1,0,758.58,0
10003591,Customer_3591,463,France,Male,91,2,215041.11,2,1,1,4642.74,0
10003592,Customer_3592,627,Spain,Male,81,2,245566.46,1,1,0,197295.51,0
10003593,Customer_3593,849,Spain,Female,28,3,28928.71,1,0,1,47114.41,0
10003594,Customer_3594,763,Germany,Male,37,7,131612.78,2,1,0,165914.88,0
10003595,Customer_3595,817,Germany,Female,47,8,19288.96,2,0,1,122484.49,1
10003596,Customer_3596,562,Germany,Female,27,0,39101.91,1,1,1,89202.14,0
10003597,Customer_3597,521,Spain,Female,71,0,43623.46,2,1,0,146439.04,1
10003598,Customer_3598,637,Spain,Female,75,5,15847.06,1,1,1,10014.72,0
10003599,Customer_3599,784,Germany,Male,46,0,223244.95,2,0,1,151218.39,1
10003600,Customer_3600,523,Germany,Male,18,4,31588.88,2,1,0,171399.58,0
10003601,Customer_3601,462,France,Female,75,0,157335.21,1,1,0,56053.67,0
10003602,Customer_3602,725,Germany,Male,38,7,156436.77,2,1,1,60330.87,1
10003603,Customer_3603,754,France,Male,32,4,49661.3,2,1,1,20613.11,0
10003604,Customer_3604,832,France,Female,84,5,249602.82,1,1,1,171180.37,0
10003605,Customer_3605,471,Spain,Female,50,3,86841.94,2,1,1,161584.02,0
10003606,Customer_3606,381,Germany,Male,55,7,226273.59,1,0,1,85048.7,1
10003607,Customer_3607,571,Spain,Female,36,8,237071.18,1,1,0,75550.62,1
10003608,Customer_3608,468,France,Male,21,8,237247.2,2,1,1,85511.63,1
10003609,Customer_3609,388,France,Female,75,0,188209.4,2,1,0,84075.6,0
10003610,Customer_3610,846,France,Male,87,6,63451.25,1,1,0,85929.61,1
10003611,Customer_3611,617,France,Female,29,3,30163.84,2,0,1,29158.01,0
10003612,Customer_3612,582,France,Female,34,9,142471.24,1,1,1,2706.26,1
10003613,Customer_3613,780,France,Male,18,10,90009.78,2,1,1,152489.26,0
10003614,Customer_3614,367,France,Female,31,7,207759.75,1,1,0,68757.18,0
10003615,Customer_3615,498,France,Female,19,6,186247.51,2,1,1,98183.38,0
10003616,Customer_3616,746,France,Female,21,0,69117.07,2,1,0,61495.01,0
10003617,Customer_3617,498,Germany,Male,83,0,4253.81,1,1,1,76334.76,1
10003618,Customer_3618,475,France,Female,63,0,59328.94,1,0,0,14982.83,0
10003619,Customer_3619,741,Germany,Female,67,1,141778.9,1,1,1,74064.31,0
10003620,Customer_3620,651,Spain,Male,77,9,19749.37,2,1,0,92629.03,0
10003621,Customer_3621,709,France,Female,69,1,164568.15,1,1,0,166570.05,0
10003622,Customer_3622,587,Spain,Male,65,8,167924.07,2,1,1,64448.53,0
10003623,Customer_3623,484,Germany,Male,56,4,42348.48,1,0,1,17718.87,0
10003624,Customer_3624,500,Germany,Male,87,0,149079.56,1,1,1,151841.43,0
10003625,Customer_3625,585,France,Female,77,6,151742.86,2,1,0,75133.97,1
10003626,Customer_3626,573,Spain,Female,47,9,119494.54,2,1,1,183073.62,0
10003627,Customer_3627,552,Spain,Male,44,1,238311.45,2,1,0,191807.62,0
10003628,Customer_3628,605,France,Female,91,2,27040.8,2,0,1,174371.87,0
10003629,Customer_3629,435,France,Male,72,3,101656.42,3,1,0,45337.7,1
10003630,Customer_3630,499,France,Female,87,2,220730.19,1,1,0,50770.22,0
10003631,Customer_3631,584,Germany,Male,43,2,96578.5,1,0,1,158826.72,0
10003632,Customer_3632,694,France,Female,59,8,106159.9,1,1,0,89228.05,0
10003633,Customer_3633,371,Germany,Female,84,3,167068.47,2,1,1,59568.05,0
10003634,Customer_3634,697,France,Female,84,7,166390.89,1,1,0,58789.33,0
10003635,Customer_3635,634,Spain,Male,69,0,5725.49,2,1,1,115497.84,0
10003636,Customer_3636,618,France,Male,23,5,113924.36,2,0,0,179007.19,1
10003637,Customer_3637,815,France,Male,27,0,83377.96,2,1,1,123789.56,0
10003638,Customer_3638,607,Germany,Female,55,4,156923.81,1,1,0,124060.17,1
10003639,Customer_3639,378,France,Male,29,6,138925.58,1,1,0,149391.41,1
10003640,Customer_3640,562,France,Female,63,0,162715.41,1,0,0,152062.7,0
10003641,Customer_3641,812,France,Male,66,8,163441.85,1,0,1,181891.05,1
10003642,Customer_3642,785,Germany,Male,89,10,63717.97,1,1,0,32431.66,1
10003643,Customer_3643,632,Spain,Male,80,8,61616.19,1,1,0,196926.74,0
10003644,Customer_3644,399,Spain,Female,86,5,92570.6,2,0,0,65773.6,1
10003645,Customer_3645,444,France,Female,60,1,60489.62,3,1,0,56321.46,1
10003646,Customer_3646,812,France,Female,77,1,170702.02,3,1,0,101962.77,0
10003647,Customer_3647,848,Germany,Female,46,8,150716.49,1,0,0,52880.13,0
10003648,Customer_3648,756,Germany,Male,91,3,54096.75,2,0,0,46590.78,0
10003649,Customer_3649,437,France,Female,28,5,221026.2,2,1,1,193361.71,0
10003650,Customer_3650,393,France,Male,52,9,115165.65,2,1,0,20808.7,0
10003651,Customer_3651,810,France,Female,40,1,31763.31,2,1,0,197988.7,0
10003652,Customer_3652,627,Spain,Male,89,3,53241.4,3,1,1,124499.75,1
10003653,Customer_3653,520,France,Female,38,1,134962.64,1,1,1,191716.39,0
10003654,Customer_3654,770,Spain,Male,54,2,84606.0,2,1,0,179481.32,1
10003655,Customer_3655,538,France,Male,45,1,212805.48,2,1,1,129683.72,0
10003656,Customer_3656,702,France,Male,75,7,123683.85,1,1,0,117972.15,1
10003657,Customer_3657,533,France,Male,70,4,228823.7,1,1,1,198526.42,0
10003658,Customer_3658,352,France,Male,45,4,25456.62,1,1,0,103047.8,0
10003659,Customer_3659,540,France,Female,59,7,167148.28,2,0,1,35760.78,1
10003660,Customer_3660,467,France,Female,90,10,221446.21,2,0,1,198588.82,1
10003661,Customer_3661,368,France,Male,78,7,73232.62,2,1,0,64712.05,0
10003662,Customer_3662,372,France,Male,50,6,33921.9,2,1,0,17492.89,1
10003663,Customer_3663,762,France,Male,72,4,114161.18,1,1,1,143381.76,0
10003664,Customer_3664,379,Spain,Female,54,6,240333.56,2,1,0,89215.94,0
10003665,Customer_3665,644,Germany,Male,64,0,158365.48,1,1,0,77611.53,1
10003666,Customer_3666,457,Germany,Male,53,2,160994.24,1,1,0,126325.66,0
10003667,Customer_3667,716,France,Male,45,2,167875.31,2,0,0,10580.85,0
10003668,Customer_3668,630,France,Male,27,1,9940.34,2,1,0,139647.72,0
10003669,Customer_3669,477,France,Male,40,5,111412.45,2,1,1,100695.1,0
10003670,Customer_3670,578,Germany,Male,22,2,19393.0,1,0,1,98053.93,1
10003671,Customer_3671,460,France,Male,23,3,78964.71,1,1,1,180007.88,0
10003672,Customer_3672,485,France,Male,59,2,205399.76,2,0,0,166244.02,1
10003673,Customer_3673,711,Spain,Male,64,6,164067.49,1,0,1,106322.43,1
10003674,Customer_3674,535,France,Female,45,3,248893.17,1,0,1,115672.84,0
10003675,Customer_3675,493,France,Male,30,4,43038.61,1,0,0,161394.85,0
10003676,Customer_3676,421,France,Male,42,6,99263.56,1,1,1,82263.81,0
10003677,Customer_3677,478,Germany,Male,24,3,202410.05,1,1,1,134250.53,0
10003678,Customer_3678,713,Spain,Female,83,5,53922.9,1,1,1,108160.21,1
10003679,Customer_3679,610,France,Female,75,8,38430.46,2,1,0,99931.19,1
10003680,Customer_3680,352,France,Female,83,5,106903.14,1,1,0,196944.34,0
10003681,Customer_3681,798,Germany,Male,53,4,95931.62,1,1,0,3512.36,1
10003682,Customer_3682,737,France,Male,19,0,245051.49,2,0,0,82931.46,1
10003683,Customer_3683,453,Germany,Male,55,7,114062.88,1,0,1,186036.35,0
10003684,Customer_3684,832,Germany,Male,91,4,215236.59,1,1,0,185630.43,0
10003685,Customer_3685,573,France,Female,31,4,221991.38,1,1,1,149545.63,0
10003686,Customer_3686,669,France,Female,44,2,39467.93,1,1,1,118385.75,0
10003687,Customer_3687,711,Germany,Female,32,9,178826.2,1,1,0,138172.58,0
10003688,Customer_3688,703,France,Male,29,1,69401.78,2,0,1,50593.43,0
10003689,Customer_3689,840,France,Male,60,0,23684.74,1,1,1,97684.72,0
10003690,Customer_3690,822,Spain,Male,74,8,218676.23,1,1,0,107217.3,0
10003691,Customer_3691,359,France,Male,65,4,73108.26,1,0,0,12754.58,1
10003692,Customer_3692,754,France,Female,78,9,86341.42,1,1,0,173245.53,1
10003693,Customer_3693,733,France,Male,61,3,80997.26,1,1,0,91343.57,1
10003694,Customer_3694,651,Germany,Female,69,6,50073.86,1,0,0,179781.46,1
10003695,Customer_3695,580,France,Male,79,3,108625.85,2,0,1,77998.72,1
10003696,Customer_3696,568,Spain,Male,19,10,107073.21,1,1,0,81779.93,0
10003697,Customer_3697,760,Germany,Male,88,1,102187.91,4,1,1,48851.54,0
10003698,Customer_3698,415,France,Female,48,8,229074.44,3,1,0,128868.46,0
10003699,Customer_3699,774,France,Male,90,7,84937.91,2,1,0,109704.45,0
10003700,Customer_3700,461,France,Male,89,3,7594.73,2,0,0,182594.75,0
10003701,Customer_3701,362,Germany,Male,50,7,44609.25,2,1,1,85853.68,1
10003702,Customer_3702,742,Spain,Male,22,8,180374.27,1,1,0,129618.84,1
10003703,Customer_3703,849,Germany,Male,75,1,147714.65,1,0,1,141515.87,0
10003704,Customer_3704,769,France,Male,28,3,237933.7,1,0,0,63978.63,1
10003705,Customer_3705,435,Germany,Female,40,10,173608.78,2,1,0,176166.53,1
10003706,Customer_3706,583,France,Female,62,5,48560.42,1,1,1,76177.05,0
10003707,Customer_3707,439,Spain,Male,44,6,30161.05,2,1,1,127475.85,0
10003708,Customer_3708,663,Germany,Female,73,4,130189.94,1,0,1,123172.32,0
10003709,Customer_3709,403,France,Male,76,9,166315.68,2,1,1,84287.94,0
10003710,Customer_3710,361,France,Female,57,9,41409.18,1,1,0,36677.06,0
10003711,Customer_3711,558,Spain,Male,35,6,150423.25,2,1,0,118504.04,0
10003712,Customer_3712,811,Spain,Male,68,10,216257.17,2,1,0,75113.77,1
10003713,Customer_3713,363,France,Male,78,3,181892.23,1,1,0,75825.18,0
10003714,Customer_3714,470,France,Female,40,7,166047.77,2,1,0,98589.9,1
10003715,Customer_3715,767,Germany,Male,53,2,197332.76,1,1,0,135451.72,0
10003716,Customer_3716,786,France,Male,55,2,26020.68,1,0,0,145926.84,1
10003717,Customer_3717,726,France,Male,89,4,50957.86,3,1,1,85420.77,0
10003718,Customer_3718,369,France,Male,73,5,9524.87,1,1,0,23985.79,1
10003719,Customer_3719,424,France,Female,56,2,36244.49,1,1,0,158345.18,1
10003720,Customer_3720,749,Germany,Female,86,9,228295.59,1,1,1,133886.39,0
10003721,Customer_3721,592,Spain,Female,45,1,55536.23,2,1,1,160140.74,0
10003722,Customer_3722,572,Germany,Male,38,4,165524.3,2,1,1,63185.15,0
10003723,Customer_3723,419,France,Male,79,9,172891.81,2,1,0,181824.93,0
10003724,Customer_3724,661,Germany,Female,40,5,161331.36,2,1,0,52554.27,0
10003725,Customer_3725,560,France,Female,38,2,138480.26,1,1,0,57960.55,1
10003726,Customer_3726,450,France,Male,33,6,121532.59,1,1,0,107280.32,0
10003727,Customer_3727,535,Spain,Female,79,2,104980.21,2,1,0,199468.51,0
10003728,Customer_3728,481,France,Female,82,1,229224.67,2,1,0,40439.3,0
10003729,Customer_3729,460,Spain,Male,22,9,2378.59,1,1,0,167702.58,1
10003730,Customer_3730,730,France,Female,63,3,13372.41,1,1,0,481.46,1
10003731,Customer_3731,481,Germany,Male,81,2,123128.12,2,1,0,47512.71,0
10003732,Customer_3732,369,France,Female,58,6,82627.52,2,1,1,69235.54,0
10003733,Customer_3733,743,France,Male,61,7,102057.55,2,1,0,129725.39,0
10003734,Customer_3734,373,France,Male,32,2,249462.13,1,1,0,22761.43,0
10003735,Customer_3735,576,Spain,Male,85,5,193783.67,2,1,1,25749.67,1
10003736,Customer_3736,503,Spain,Female,68,0,219351.99,1,0,1,29280.83,0
10003737,Customer_3737,642,Spain,Female,71,4,92143.64,2,0,0,132514.55,0
10003738,Customer_3738,579,Germany,Male,85,1,59890.11,2,1,0,22938.1,0
10003739,Customer_3739,818,Spain,Female,59,0,191997.62,1,1,1,79651.65,0
10003740,Customer_3740,659,France,Female,63,6,201894.02,1,0,1,31344.58,0
10003741,Customer_3741,837,France,Male,42,9,137474.61,2,1,0,76420.93,0
10003742,Customer_3742,708,Germany,Male,84,3,223985.38,2,1,0,142811.92,1
10003743,Customer_3743,754,Germany,Female,52,4,241831.31,2,0,1,55552.65,1
10003744,Customer_3744,551,Germany,Male,90,1,117755.17,2,0,0,123533.45,1
10003745,Customer_3745,387,France,Male,39,7,55666.67,1,0,0,49709.23,1
10003746,Customer_3746,779,France,Female,26,10,129278.28,2,1,1,147517.63,0
10003747,Customer_3747,609,Spain,Male,41,9,247383.31,2,1,0,155415.54,0
10003748,Customer_3748,537,Germany,Male,40,2,73231.71,1,0,0,62086.33,1
10003749,Customer_3749,406,France,Male,78,6,154399.83,2,1,1,4768.68,0
10003750,Customer_3750,778,Spain,Female,54,10,173495.92,2,1,1,25826.68,0
10003751,Customer_3751,369,Spain,Female,62,0,53482.2,2,1,0,98196.71,1
10003752,Customer_3752,622,France,Female,32,9,147114.78,1,1,1,76417.8,0
10003753,Customer_3753,468,Spain,Male,74,0,78626.75,1,0,0,69119.2,1
10003754,Customer_3754,420,Spain,Female,31,6,213552.4,4,1,1,115865.24,0
10003755,Customer_3755,353,Spain,Female,69,0,178688.39,1,1,1,32309.4,0
10003756,Customer_3756,570,Spain,Male,53,8,206566.61,1,1,1,91342.24,1
10003757,Customer_3757,363,Germany,Male,44,8,49920.6,2,0,0,40685.54,1
10003758,Customer_3758,352,France,Female,34,7,8643.68,1,0,0,196212.17,0
10003759,Customer_3759,565,France,Male,58,7,212631.42,1,1,1,9735.35,1
10003760,Customer_3760,578,France,Male,21,3,96688.55,1,0,1,3167.27,0
10003761,Customer_3761,685,France,Male,20,3,44930.6,3,1,0,112840.99,0
10003762,Customer_3762,535,France,Male,36,4,22973.84,1,0,1,12536.17,0
10003763,Customer_3763,404,France,Male,58,8,129125.2,2,1,1,162200.2,0
10003764,Customer_3764,849,France,Male,57,2,37531.99,2,0,0,163921.19,0
10003765,Customer_3765,737,France,Female,75,3,141673.01,1,1,1,86458.03,0
10003766,Customer_3766,725,Spain,Male,56,9,181826.64,1,0,0,167676.14,1
10003767,Customer_3767,603,France,Female,24,4,133764.54,1,0,0,148104.71,0
10003768,Customer_3768,373,Germany,Male,53,6,225924.95,3,1,0,27092.55,1
10003769,Customer_3769,511,Germany,Female,37,4,38892.41,2,0,1,171921.82,0
10003770,Customer_3770,507,France,Male,46,8,123488.37,2,0,0,174857.13,0
10003771,Customer_3771,431,Spain,Female,85,5,40797.61,1,0,1,64550.04,0
10003772,Customer_3772,752,Germany,Female,83,2,218975.48,1,0,1,155001.09,0
10003773,Customer_3773,508,France,Female,64,5,233059.82,2,1,0,179473.41,0
10003774,Customer_3774,537,France,Male,40,5,99998.97,2,1,0,149131.55,0
10003775,Customer_3775,409,France,Female,23,9,76437.06,2,1,0,18812.44,0
10003776,Customer_3776,752,France,Male,35,0,69829.02,2,1,0,18938.64,0
10003777,Customer_3777,654,France,Male,70,6,214931.84,2,0,1,196478.47,1
10003778,Customer_3778,668,Germany,Male,39,2,170610.48,1,1,1,108275.47,1
10003779,Customer_3779,715,Spain,Female,85,0,220148.26,2,0,1,128893.2,1
10003780,Customer_3780,560,Germany,Male,52,0,29379.21,2,1,0,182452.81,0
10003781,Customer_3781,755,France,Female,26,4,119006.98,2,0,1,1498.32,0
10003782,Customer_3782,501,France,Male,48,9,169044.77,2,1,1,85344.63,0
10003783,Customer_3783,458,France,Male,60,9,224272.69,2,1,1,113284.66,0
10003784,Customer_3784,425,France,Female,34,1,95504.8,2,1,0,439.43,1
10003785,Customer_3785,379,France,Male,68,1,78272.52,1,1,0,124887.02,0
10003786,Customer_3786,663,Spain,Female,83,3,228241.43,1,1,1,170189.18,1
10003787,Customer_3787,835,France,Female,41,9,11883.32,2,0,1,10991.96,1
10003788,Customer_3788,466,Spain,Male,32,10,119898.87,2,1,1,160847.27,0
10003789,Customer_3789,764,France,Female,45,6,114656.64,1,1,1,195506.19,0
10003790,Customer_3790,705,Spain,Male,20,7,36514.1,2,1,0,184058.41,0
10003791,Customer_3791,541,Germany,Male,46,10,98737.53,1,1,1,107407.82,0
10003792,Customer_3792,368,Germany,Male,69,9,180649.93,1,1,0,172093.92,0
10003793,Customer_3793,781,France,Male,71,6,91717.11,1,1,0,154129.85,0
10003794,Customer_3794,522,Spain,Female,75,8,77415.12,1,1,0,163535.14,0
10003795,Customer_3795,577,Spain,Female,62,6,195473.87,1,0,0,79616.71,1
10003796,Customer_3796,699,Germany,Female,67,3,247178.85,2,1,1,95129.94,0
10003797,Customer_3797,532,Germany,Female,39,8,194838.09,2,0,1,47833.02,0
10003798,Customer_3798,462,Germany,Male,69,8,211585.82,2,1,1,10324.34,0
10003799,Customer_3799,532,France,Female,70,2,234875.19,1,0,0,119450.52,0
10003800,Customer_3800,830,Germany,Female,48,9,200443.12,1,1,1,61922.83,0
10003801,Customer_3801,495,Spain,Male,88,7,245088.57,1,1,1,100547.01,0
10003802,Customer_3802,668,France,Female,65,0,186821.06,1,1,0,192538.83,1
10003803,Customer_3803,465,France,Female,48,1,165380.64,2,0,0,12639.97,0
10003804,Customer_3804,462,France,Male,21,7,173337.14,1,1,1,174698.71,0
10003805,Customer_3805,600,Germany,Male,52,7,225020.46,1,1,0,17362.65,1
10003806,Customer_3806,825,France,Male,84,5,170752.04,1,1,0,130719.24,0
10003807,Customer_3807,600,France,Male,81,7,190301.29,2,1,1,68659.34,0
10003808,Customer_3808,652,France,Female,26,7,54002.48,2,0,0,20039.39,0
10003809,Customer_3809,808,Spain,Female,63,1,228162.4,2,1,1,151390.5,0
10003810,Customer_3810,662,France,Female,73,2,111803.31,2,1,1,139719.95,1
10003811,Customer_3811,467,Germany,Female,73,6,40266.83,1,0,0,128055.5,0
10003812,Customer_3812,650,France,Female,43,2,199946.8,3,1,0,192976.82,1
10003813,Customer_3813,510,Spain,Female,77,10,89098.25,1,1,1,4746.25,0
10003814,Customer_3814,750,Spain,Male,89,1,46029.79,2,0,0,86938.8,1
10003815,Customer_3815,547,France,Male,65,5,64062.79,1,1,1,112537.41,1
10003816,Customer_3816,609,France,Male,75,1,8737.25,1,0,1,71547.33,1
10003817,Customer_3817,497,Spain,Male,80,1,22655.75,2,1,0,133903.09,0
10003818,Customer_3818,589,France,Female,75,10,148156.18,2,1,1,179841.68,1
10003819,Customer_3819,396,France,Male,20,1,216554.46,1,0,1,139400.01,0
10003820,Customer_3820,824,Spain,Female,24,3,112132.6,2,1,0,113879.72,0
10003821,Customer_3821,748,Spain,Female,69,6,156514.54,1,1,1,147571.0,0
10003822,Customer_3822,547,Germany,Male,79,5,202433.28,3,1,0,21935.97,0
10003823,Customer_3823,396,France,Male,19,4,89192.23,2,1,0,126002.96,0
10003824,Customer_3824,427,France,Male,50,3,163578.52,1,0,1,81455.27,0
10003825,Customer_3825,473,France,Male,29,1,87608.11,1,0,1,63766.57,0
10003826,Customer_3826,424,Spain,Female,65,10,160678.84,1,1,0,101427.12,1
10003827,Customer_3827,708,Spain,Male,70,7,54401.93,2,0,1,160948.73,0
10003828,Customer_3828,486,Spain,Male,91,1,244459.91,1,0,1,82520.51,0
10003829,Customer_3829,439,France,Male,58,10,19044.44,1,0,0,140493.13,0
10003830,Customer_3830,749,Germany,Male,75,7,126308.21,2,0,1,117783.51,0
10003831,Customer_3831,674,France,Male,85,9,71574.1,1,0,0,183232.02,0
10003832,Customer_3832,849,France,Female,40,3,150209.46,1,0,1,88974.52,0
10003833,Customer_3833,410,Spain,Male,53,4,107076.74,1,0,1,163985.98,0
10003834,Customer_3834,487,France,Female,38,10,76666.4,1,0,0,168397.08,1
10003835,Customer_3835,399,Germany,Female,89,0,62509.41,2,0,1,92841.0,0
10003836,Customer_3836,608,Germany,Female,72,1,45624.65,2,0,0,97723.47,0
10003837,Customer_3837,810,Spain,Male,73,10,195719.83,1,1,1,66690.17,1
10003838,Customer_3838,456,Spain,Male,30,7,55549.98,1,1,0,99116.09,1
10003839,Customer_3839,462,Spain,Male,39,0,193381.55,1,1,1,49859.03,0
10003840,Customer_3840,699,Germany,Male,24,2,121259.65,1,1,1,171654.91,0
10003841,Customer_3841,603,France,Female,41,1,18057.01,1,1,1,49990.9,0
10003842,Customer_3842,467,France,Male,78,9,41360.67,1,1,1,51532.82,0
10003843,Customer_3843,842,Germany,Female,22,4,223226.16,1,1,0,179132.87,0
10003844,Customer_3844,547,Germany,Female,67,3,150703.96,2,1,0,106437.2,0
10003845,Customer_3845,686,Germany,Male,79,3,46083.29,1,0,0,21037.41,0
10003846,Customer_3846,714,France,Female,72,3,175941.23,2,1,1,69152.18,0
10003847,Customer_3847,400,France,Male,43,10,205815.44,1,1,0,141080.53,1
10003848,Customer_3848,594,France,Male,27,3,82663.29,2,1,0,81167.39,1
10003849,Customer_3849,752,Germany,Male,28,3,139148.8,2,1,1,84641.6,1
10003850,Customer_3850,775,Germany,Female,57,5,73362.49,2,1,1,99743.14,1
10003851,Customer_3851,384,Germany,Male,28,1,20015.43,1,0,1,44509.63,0
10003852,Customer_3852,651,France,Female,21,3,99877.27,1,1,1,84817.27,1
10003853,Customer_3853,759,France,Male,19,6,187858.0,2,1,1,43077.04,0
10003854,Customer_3854,848,Spain,Male,56,6,114670.07,1,1,0,70156.17,0
10003855,Customer_3855,418,Spain,Male,40,0,101317.25,1,0,0,106479.13,0
10003856,Customer_3856,698,France,Male,62,9,91501.8,2,1,1,138748.09,0
10003857,Customer_3857,669,Germany,Male,91,8,114729.21,2,1,0,126789.0,1
10003858,Customer_3858,770,France,Male,59,6,79557.24,2,1,1,115109.61,0
10003859,Customer_3859,817,Germany,Female,59,10,153046.05,1,1,0,119111.22,1
10003860,Customer_3860,398,Spain,Male,46,5,15891.49,1,1,1,102191.09,1
10003861,Customer_3861,754,Germany,Female,33,1,201847.04,1,1,1,122927.0,0
10003862,Customer_3862,423,Germany,Male,84,5,43291.74,2,1,0,75110.62,1
10003863,Customer_3863,541,France,Male,77,4,158361.18,1,1,1,179890.65,0
10003864,Customer_3864,610,Germany,Male,21,8,112470.63,1,0,0,118116.58,1
10003865,Customer_3865,705,Germany,Male,33,0,193373.39,2,1,0,187318.98,1
10003866,Customer_3866,419,Germany,Female,58,4,206535.0,1,1,0,80922.96,1
10003867,Customer_3867,439,Germany,Female,23,2,51050.09,2,1,0,78909.61,0
10003868,Customer_3868,609,France,Female,59,8,169294.79,1,0,0,193004.36,0
10003869,Customer_3869,475,Spain,Female,74,0,47476.88,1,1,0,145814.17,1
10003870,Customer_3870,580,Spain,Female,45,5,30999.57,1,1,0,103753.22,0
10003871,Customer_3871,644,France,Female,40,2,232574.03,2,1,0,143704.35,1
10003872,Customer_3872,847,Germany,Female,59,0,41097.27,1,1,1,79351.35,1
10003873,Customer_3873,768,France,Male,29,10,57032.98,2,0,1,151764.19,0
10003874,Customer_3874,478,France,Female,81,2,32581.0,2,1,1,41924.31,0
10003875,Customer_3875,629,France,Female,75,1,117572.97,2,1,1,190176.51,0
10003876,Customer_3876,662,Germany,Male,68,9,229901.83,2,0,0,92176.83,1
10003877,Customer_3877,449,Spain,Female,46,7,66013.93,1,1,1,18591.27,0
10003878,Customer_3878,675,Germany,Male,36,2,135463.03,2,1,0,169004.27,1
10003879,Customer_3879,646,Germany,Female,62,10,102864.68,1,0,0,178872.84,0
10003880,Customer_3880,531,France,Male,71,6,84002.35,3,1,0,145994.58,1
10003881,Customer_3881,523,France,Male,83,9,143038.17,2,1,1,125944.87,0
10003882,Customer_3882,665,France,Male,89,5,139723.23,2,1,1,185684.58,0
10003883,Customer_3883,713,Spain,Female,30,6,89841.65,1,0,0,124415.34,0
10003884,Customer_3884,537,Spain,Male,82,10,212640.82,1,1,0,158285.35,0
10003885,Customer_3885,406,France,Female,29,6,13293.03,1,1,0,94254.86,0
10003886,Customer_3886,380,Germany,Female,88,9,21309.6,2,1,1,145444.15,1
10003887,Customer_3887,433,Spain,Male,31,0,247695.31,1,1,0,199796.49,0
10003888,Customer_3888,501,France,Female,59,3,186920.73,1,0,0,76507.82,0
10003889,Customer_3889,822,Spain,Male,65,3,200982.23,2,1,0,144024.42,0
10003890,Customer_3890,385,Germany,Female,41,4,150675.27,2,0,1,29787.75,0
10003891,Customer_3891,562,Germany,Male,82,9,104965.11,1,1,0,127023.74,0
10003892,Customer_3892,763,France,Male,34,4,157306.72,2,0,0,64585.05,0
10003893,Customer_3893,757,Germany,Male,55,7,23146.18,1,1,1,173320.86,1
10003894,Customer_3894,713,Spain,Female,45,3,189442.29,1,1,0,71934.96,0
10003895,Customer_3895,455,France,Female,50,0,135185.76,2,1,0,89034.95,1
10003896,Customer_3896,763,Germany,Male,41,4,239182.97,1,1,0,196062.28,1
10003897,Customer_3897,691,France,Male,87,0,159368.81,2,1,1,43082.8,0
10003898,Customer_3898,569,Spain,Female,21,2,37923.13,1,1,0,112956.97,0
10003899,Customer_3899,740,Germany,Male,50,7,119387.53,2,1,1,172753.17,0
10003900,Customer_3900,512,Spain,Male,27,9,14455.56,1,0,1,62972.89,0
10003901,Customer_3901,788,France,Male,53,4,186357.39,2,1,1,3065.46,0
10003902,Customer_3902,569,France,Male,90,6,125457.88,4,1,1,179269.33,0
10003903,Customer_3903,619,France,Female,48,0,92413.34,1,1,0,123930.61,0
10003904,Customer_3904,469,France,Female,21,5,242137.35,1,1,1,46093.5,0
10003905,Customer_3905,743,France,Male,25,7,235149.63,1,0,1,55274.89,0
10003906,Customer_3906,685,Germany,Female,44,5,238208.0,2,1,0,159919.66,1
10003907,Customer_3907,749,France,Female,53,3,55242.56,1,1,1,128423.53,0
10003908,Customer_3908,531,Germany,Male,26,10,182142.4,2,1,0,146523.04,0
10003909,Customer_3909,828,France,Male,60,7,236345.53,2,0,1,115449.12,0
10003910,Customer_3910,455,Germany,Female,41,7,142717.56,2,1,0,158010.41,0
10003911,Customer_3911,566,Germany,Male,54,5,53540.09,1,0,0,164215.25,0
10003912,Customer_3912,554,Germany,Male,58,7,204453.12,2,1,1,77386.1,0
10003913,Customer_3913,419,Spain,Female,43,5,219979.56,1,1,0,180193.4,0
10003914,Customer_3914,393,France,Female,21,3,175808.85,2,1,0,101045.34,0
10003915,Customer_3915,678,France,Female,18,10,73388.22,1,1,1,32042.35,0
10003916,Customer_3916,650,France,Male,37,5,47673.47,1,1,0,43703.5,0
10003917,Customer_3917,577,France,Female,62,8,156067.45,2,1,0,146767.88,0
10003918,Customer_3918,533,Germany,Female,86,7,120700.13,1,1,0,75475.01,1
10003919,Customer_3919,456,France,Female,69,6,167195.68,1,1,1,52496.04,0
10003920,Customer_3920,433,Germany,Female,81,4,27924.92,2,0,0,120958.75,0
10003921,Customer_3921,687,France,Female,38,6,33978.39,2,0,1,156456.44,0
10003922,Customer_3922,599,Spain,Female,89,0,90722.39,1,0,0,21855.09,1
10003923,Customer_3923,712,Spain,Male,42,7,64690.07,2,0,0,89831.27,0
10003924,Customer_3924,790,France,Female,84,4,154834.66,2,0,1,154296.6,0
10003925,Customer_3925,370,France,Male,43,6,91885.13,2,0,1,180726.83,0
10003926,Customer_3926,545,Spain,Female,44,6,170992.7,2,1,1,2720.92,0
10003927,Customer_3927,527,Spain,Female,69,7,192199.6,1,0,0,131221.76,1
10003928,Customer_3928,766,France,Male,80,6,46791.89,1,1,0,119478.7,0
10003929,Customer_3929,824,France,Female,62,5,229955.96,1,0,0,103553.5,0
10003930,Customer_3930,356,Spain,Female,75,5,196789.96,1,1,1,32048.65,0
10003931,Customer_3931,419,Germany,Male,55,4,156695.2,1,1,1,148360.38,0
10003932,Customer_3932,476,France,Male,52,4,227232.21,2,0,1,78565.87,0
10003933,Customer_3933,748,Germany,Male,63,3,66467.19,2,1,0,46933.44,0
10003934,Customer_3934,815,Spain,Male,88,6,105428.3,1,1,1,170006.67,0
10003935,Customer_3935,509,Spain,Female,20,10,21446.75,1,1,1,61413.63,0
10003936,Customer_3936,597,Germany,Male,23,2,114045.46,1,1,0,39691.93,0
10003937,Customer_3937,552,Germany,Male,30,4,126600.18,1,1,0,62416.88,0
10003938,Customer_3938,497,France,Female,63,2,154016.73,2,1,1,36219.55,0
10003939,Customer_3939,821,Spain,Female,50,7,16009.8,2,1,1,155457.07,0
10003940,Customer_3940,492,France,Male,79,4,8116.5,2,1,1,36423.02,0
10003941,Customer_3941,781,Spain,Male,80,10,104972.54,2,1,0,143336.74,1
10003942,Customer_3942,548,France,Female,73,9,47283.33,2,1,0,32509.31,0
10003943,Customer_3943,754,Spain,Male,56,5,189697.09,2,1,1,45269.8,0
10003944,Customer_3944,775,France,Female,77,0,167184.07,1,1,1,68511.21,1
10003945,Customer_3945,503,Germany,Female,41,10,81456.74,1,1,1,190012.68,0
10003946,Customer_3946,841,France,Male,67,3,11445.82,2,1,1,182764.19,0
10003947,Customer_3947,725,Germany,Female,50,8,45610.91,1,1,1,17033.21,0
10003948,Customer_3948,733,Spain,Male,91,4,172919.84,1,0,0,67171.9,0
10003949,Customer_3949,491,Germany,Male,24,0,247541.22,2,1,0,69276.12,0
10003950,Customer_3950,662,Germany,Female,63,3,81615.1,1,1,0,42321.46,0
10003951,Customer_3951,514,France,Male,79,5,200499.07,2,1,0,87129.58,1
10003952,Customer_3952,663,Spain,Female,18,6,216774.12,1,1,1,149601.82,0
10003953,Customer_3953,370,Germany,Female,82,6,12045.22,3,1,0,19878.14,0
10003954,Customer_3954,431,Germany,Male,62,7,229055.4,1,1,1,134333.85,0
10003955,Customer_3955,418,Spain,Female,72,4,116550.68,1,1,0,52160.83,0
10003956,Customer_3956,480,Germany,Male,83,5,241060.55,1,0,0,128491.89,1
10003957,Customer_3957,436,France,Male,84,10,134638.96,1,0,0,136382.21,0
10003958,Customer_3958,567,Germany,Female,71,10,58785.88,2,1,0,145630.48,0
10003959,Customer_3959,770,Germany,Male,80,1,243667.08,3,1,0,172343.45,1
10003960,Customer_3960,821,Spain,Female,71,9,60826.23,2,1,0,179925.06,0
10003961,Customer_3961,654,Spain,Female,69,1,220619.56,1,1,1,151828.69,0
10003962,Customer_3962,752,France,Male,71,2,43282.12,1,1,0,96225.36,1
10003963,Customer_3963,720,France,Male,84,3,168691.89,1,1,1,8847.05,1
10003964,Customer_3964,694,France,Male,54,5,102822.9,2,1,1,187422.19,1
10003965,Customer_3965,690,France,Female,29,5,243004.54,1,1,1,120269.88,0
10003966,Customer_3966,733,Germany,Male,76,2,46193.16,2,1,0,106919.32,1
10003967,Customer_3967,745,Spain,Male,37,0,102198.67,1,1,0,47905.5,0
10003968,Customer_3968,794,France,Male,49,2,159944.08,1,0,1,136850.71,0
10003969,Customer_3969,774,France,Male,88,3,244405.11,2,0,1,198946.25,1
10003970,Customer_3970,510,Spain,Female,61,8,75965.77,2,1,1,66013.19,0
10003971,Customer_3971,527,Spain,Female,83,9,99217.76,1,1,0,159918.21,0
10003972,Customer_3972,466,Germany,Male,72,7,115448.0,1,1,0,58232.39,1
10003973,Customer_3973,545,Spain,Male,33,3,63175.12,2,0,1,97551.85,0
10003974,Customer_3974,732,Germany,Female,88,6,204338.68,2,0,1,42665.9,0
10003975,Customer_3975,839,France,Male,85,8,22998.9,2,1,1,102562.3,0
10003976,Customer_3976,676,France,Female,69,1,176197.48,1,1,0,91866.1,1
10003977,Customer_3977,435,France,Male,54,2,133482.24,1,1,0,7793.77,0
10003978,Customer_3978,638,France,Male,63,0,60481.74,1,1,0,76367.91,0
10003979,Customer_3979,430,Spain,Female,58,7,123207.62,2,0,1,12554.79,0
10003980,Customer_3980,501,Spain,Male,22,1,207487.27,2,1,1,90131.18,0
10003981,Customer_3981,410,France,Male,83,6,111360.4,2,1,0,196034.48,0
10003982,Customer_3982,410,France,Male,22,6,30474.44,2,1,0,58603.16,1
10003983,Customer_3983,703,France,Female,80,10,10200.49,1,1,0,103133.27,0
10003984,Customer_3984,377,Germany,Female,20,2,194449.07,2,1,1,26048.84,0
10003985,Customer_3985,791,Spain,Male,25,1,82608.29,2,1,1,30803.83,0
10003986,Customer_3986,392,France,Female,43,2,232811.17,2,1,0,71100.98,0
10003987,Customer_3987,518,France,Male,91,7,154286.8,1,0,1,97953.11,0
10003988,Customer_3988,772,Germany,Male,70,8,109070.97,2,1,1,140285.08,0
10003989,Customer_3989,435,Germany,Female,46,10,141116.23,2,1,0,91344.52,0
10003990,Customer_3990,526,France,Female,31,7,114283.16,2,0,1,4887.81,1
10003991,Customer_3991,366,Germany,Male,22,10,226452.77,1,0,0,54199.79,1
10003992,Customer_3992,447,Germany,Male,44,1,114505.47,2,1,1,4965.39,0
10003993,Customer_3993,803,France,Male,85,8,26016.13,2,0,1,183589.25,0
10003994,Customer_3994,843,France,Female,46,5,149272.01,1,1,0,5817.7,0
10003995,Customer_3995,547,France,Female,20,1,155745.26,1,0,1,9928.53,0
10003996,Customer_3996,447,Spain,Female,47,8,191332.52,1,1,0,59662.82,0
10003997,Customer_3997,414,Spain,Female,26,4,233321.04,2,1,0,126469.81,1
10003998,Customer_3998,679,Spain,Female,18,5,110770.42,2,0,0,71598.43,0
10003999,Customer_3999,690,Germany,Female,40,0,88019.15,1,1,0,12323.5,1
10004000,Customer_4000,354,Germany,Male,84,1,122692.75,2,0,1,167252.04,0
10004001,Customer_4001,351,Germany,Male,49,0,225049.73,1,1,1,140047.4,0
10004002,Customer_4002,371,Spain,Male,23,3,244995.6,1,1,1,79281.05,0
10004003,Customer_4003,461,France,Male,66,1,242808.75,1,0,0,135384.95,0
10004004,Customer_4004,406,Germany,Female,32,0,57423.88,1,1,1,54925.36,0
10004005,Customer_4005,415,Germany,Female,75,2,124223.84,2,1,1,105578.75,0
10004006,Customer_4006,679,Germany,Male,70,3,64868.51,3,0,0,176102.98,1
10004007,Customer_4007,447,France,Female,47,3,91995.7,1,1,1,21546.03,1
10004008,Customer_4008,493,Germany,Male,57,2,7921.03,2,1,0,169380.41,1
10004009,Customer_4009,717,Spain,Male,76,1,40150.29,2,1,0,157712.0,0
10004010,Customer_4010,784,France,Female,80,7,99268.99,1,1,0,189820.74,0
10004011,Customer_4011,474,Spain,Male,65,9,91176.16,1,1,0,102760.71,0
10004012,Customer_4012,516,France,Male,85,10,69708.14,2,0,0,54990.17,0
10004013,Customer_4013,435,Spain,Female,24,1,57577.39,2,1,0,70626.98,0
10004014,Customer_4014,425,Germany,Female,64,4,187238.93,1,0,0,127965.83,0
10004015,Customer_4015,693,Germany,Female,60,6,73637.42,1,0,0,28168.52,1
10004016,Customer_4016,844,France,Male,33,8,176635.91,2,1,1,70340.74,1
10004017,Customer_4017,773,France,Male,39,2,92156.28,1,1,1,145289.61,0
10004018,Customer_4018,643,Germany,Female,80,0,200494.81,2,1,1,114754.14,0
10004019,Customer_4019,793,France,Male,63,8,41808.34,1,1,1,12560.76,0
10004020,Customer_4020,408,Germany,Female,62,0,39400.97,1,1,1,99376.39,1
10004021,Customer_4021,487,France,Male,58,7,169918.07,1,1,1,104848.6,0
10004022,Customer_4022,448,Spain,Female,42,1,228728.81,1,1,1,140164.54,0
10004023,Customer_4023,541,Spain,Female,67,6,35746.68,1,1,1,2141.89,0
10004024,Customer_4024,592,France,Male,84,2,18426.15,1,0,0,85686.92,1
10004025,Customer_4025,668,Germany,Female,69,5,233659.3,2,0,1,177324.52,0
10004026,Customer_4026,398,Spain,Male,48,5,29331.74,1,1,0,5040.42,0
10004027,Customer_4027,797,Germany,Female,54,3,62591.73,2,0,1,134485.65,1
10004028,Customer_4028,381,France,Female,39,7,232373.54,2,0,1,44644.98,0
10004029,Customer_4029,740,Germany,Male,44,4,200729.47,2,0,1,77503.84,0
10004030,Customer_4030,626,France,Female,19,6,85689.45,1,1,1,176823.58,0
10004031,Customer_4031,369,France,Male,39,4,238631.93,2,1,0,72512.54,0
10004032,Customer_4032,503,France,Male,70,3,142012.13,2,1,1,109095.25,0
10004033,Customer_4033,732,Germany,Female,34,5,18062.07,1,1,1,17938.31,1
10004034,Customer_4034,417,France,Male,73,2,175766.72,1,1,1,64948.54,0
10004035,Customer_4035,715,Spain,Female,48,5,134319.34,1,0,1,28339.6,0
10004036,Customer_4036,721,France,Male,60,5,143147.01,2,1,0,112316.27,1
10004037,Customer_4037,563,France,Male,89,10,248526.06,2,1,0,91963.26,0
10004038,Customer_4038,492,France,Male,70,10,38128.57,2,1,0,52923.43,0
10004039,Customer_4039,725,France,Male,22,5,164198.98,2,1,1,199924.65,1
10004040,Customer_4040,581,Germany,Female,19,10,114685.27,1,1,1,30664.19,0
10004041,Customer_4041,562,France,Female,76,2,67973.28,3,1,1,165098.2,1
10004042,Customer_4042,428,France,Female,21,7,173386.2,2,1,1,7162.81,0
10004043,Customer_4043,563,France,Male,51,3,167053.2,1,0,0,169369.18,0
10004044,Customer_4044,465,France,Female,84,10,214123.78,2,1,1,95404.34,0
10004045,Customer_4045,441,France,Female,90,1,219717.31,1,1,1,165639.92,0
10004046,Customer_4046,619,Spain,Male,23,6,140454.86,1,0,0,149440.65,0
10004047,Customer_4047,760,Germany,Female,75,10,81393.14,2,1,0,114531.56,0
10004048,Customer_4048,730,Germany,Female,64,7,132395.11,2,1,0,74320.24,1
10004049,Customer_4049,838,Germany,Male,22,10,89813.78,1,0,1,133106.13,0
10004050,Customer_4050,517,Germany,Female,78,3,69339.02,2,1,0,166511.46,0
10004051,Customer_4051,407,Spain,Male,73,5,137893.84,1,1,0,100666.68,0
10004052,Customer_4052,633,France,Male,52,7,164483.54,2,1,1,82980.02,0
10004053,Customer_4053,375,France,Male,30,4,147642.82,1,1,1,28588.24,0
10004054,Customer_4054,718,France,Female,43,8,238604.88,3,1,1,179250.71,0
10004055,Customer_4055,796,France,Male,81,5,74659.03,2,0,0,53468.74,0
10004056,Customer_4056,415,France,Male,28,5,93085.42,1,1,0,24713.83,0
10004057,Customer_4057,758,Germany,Female,79,1,166910.71,2,1,1,13254.56,0
10004058,Customer_4058,597,France,Female,64,6,150089.66,2,0,1,150158.85,0
10004059,Customer_4059,603,Spain,Female,87,8,465.85,1,0,0,135002.78,0
10004060,Customer_4060,736,France,Male,75,4,78071.37,2,1,1,24101.35,0
10004061,Customer_4061,805,France,Female,27,4,63440.46,3,1,0,106033.63,0
10004062,Customer_4062,393,Spain,Male,33,10,209978.72,1,1,1,30548.43,0
10004063,Customer_4063,446,Spain,Male,29,4,216562.18,1,0,0,76721.21,1
10004064,Customer_4064,391,France,Female,88,0,70973.29,1,1,0,156576.06,1
10004065,Customer_4065,849,Germany,Female,67,4,25517.79,1,1,1,45575.67,0
10004066,Customer_4066,576,Spain,Female,32,9,51300.49,1,1,0,5553.68,0
10004067,Customer_4067,611,France,Female,76,7,44142.1,1,1,1,38676.29,0
10004068,Customer_4068,516,France,Female,87,2,59358.84,3,1,1,80105.58,0
10004069,Customer_4069,785,Spain,Male,79,8,58661.23,2,0,0,48344.81,1
10004070,Customer_4070,628,Germany,Male,89,8,119959.66,2,1,0,144447.58,0
10004071,Customer_4071,438,France,Female,79,5,79910.35,3,0,1,157838.19,0
10004072,Customer_4072,728,Germany,Male,67,3,139955.44,1,0,1,48108.99,1
10004073,Customer_4073,527,France,Female,71,3,86033.66,2,1,0,53732.55,0
10004074,Customer_4074,776,Spain,Female,71,10,203669.23,1,1,1,112019.36,1
10004075,Customer_4075,752,France,Male,45,0,237698.12,2,0,1,150505.82,0
10004076,Customer_4076,546,Spain,Female,68,9,100979.61,1,0,1,191874.24,0
10004077,Customer_4077,656,Germany,Female,91,4,12367.13,1,0,0,60117.99,0
10004078,Customer_4078,616,France,Female,50,4,59894.56,1,0,0,182215.2,0
10004079,Customer_4079,617,France,Male,18,4,25464.54,2,0,1,36360.98,0
10004080,Customer_4080,423,Germany,Male,86,0,86190.98,2,1,1,8222.54,0
10004081,Customer_4081,357,Spain,Male,18,0,161278.56,1,0,1,158500.98,1
10004082,Customer_4082,757,France,Female,72,9,129726.98,2,1,1,95728.57,0
10004083,Customer_4083,825,France,Female,62,1,60718.92,2,1,0,15381.34,0
10004084,Customer_4084,646,Germany,Male,90,0,191814.76,1,1,0,14231.43,1
10004085,Customer_4085,513,Spain,Female,57,7,32870.18,2,0,1,2734.55,0
10004086,Customer_4086,834,France,Male,78,3,57048.99,1,1,1,61272.65,0
10004087,Customer_4087,434,Germany,Female,53,5,169011.79,1,1,1,147075.58,0
10004088,Customer_4088,421,Germany,Male,41,7,49308.6,1,1,0,133066.46,0
10004089,Customer_4089,404,France,Male,31,4,169690.68,2,1,0,199933.56,0
10004090,Customer_4090,742,France,Male,18,5,244235.34,1,1,1,118790.77,0
10004091,Customer_4091,396,France,Female,64,3,207838.32,1,1,1,22104.24,1
10004092,Customer_4092,748,Spain,Male,38,5,40002.64,2,1,0,195700.33,0
10004093,Customer_4093,781,Germany,Male,90,5,130124.61,1,0,0,138597.68,0
10004094,Customer_4094,587,Germany,Male,56,2,105580.39,1,1,0,74814.04,0
10004095,Customer_4095,453,France,Male,20,3,247917.35,3,1,0,49407.25,1
10004096,Customer_4096,559,France,Female,33,5,241100.18,2,1,1,44441.89,0
10004097,Customer_4097,391,Spain,Female,85,7,31778.01,1,0,1,191247.12,0
10004098,Customer_4098,665,France,Male,43,6,227182.72,1,1,1,83890.57,0
10004099,Customer_4099,817,Germany,Male,71,3,48354.58,2,1,0,97366.98,1
10004100,Customer_4100,803,Germany,Male,30,2,79862.88,2,1,1,167362.23,0
10004101,Customer_4101,617,France,Female,78,10,88351.99,2,1,1,192773.23,0
10004102,Customer_4102,735,France,Female,37,7,71705.51,2,1,1,889.62,0
10004103,Customer_4103,612,France,Female,44,5,213310.95,2,0,0,198048.76,0
10004104,Customer_4104,685,France,Female,19,7,82483.1,1,1,0,15102.48,0
10004105,Customer_4105,736,Spain,Female,27,8,204184.6,1,1,1,167368.79,0
10004106,Customer_4106,714,France,Female,77,8,248594.2,2,1,1,190064.26,0
10004107,Customer_4107,608,France,Male,36,9,210190.38,1,0,1,112227.55,0
10004108,Customer_4108,632,Spain,Female,32,10,86535.73,2,1,1,110347.63,0
10004109,Customer_4109,463,France,Female,64,8,177813.1,2,0,0,133806.42,1
10004110,Customer_4110,712,Germany,Male,41,9,133480.86,1,1,0,70573.42,0
10004111,Customer_4111,389,France,Female,33,0,196629.45,2,1,0,33169.86,0
10004112,Customer_4112,835,France,Female,77,2,38274.35,2,1,1,13293.28,1
10004113,Customer_4113,766,France,Female,66,8,159533.65,2,1,1,176221.54,1
10004114,Customer_4114,569,France,Male,21,3,193416.69,2,1,0,109470.49,0
10004115,Customer_4115,478,Spain,Female,83,9,190307.83,2,1,1,138817.49,1
10004116,Customer_4116,357,Germany,Male,66,1,240898.25,2,1,0,66417.78,0
10004117,Customer_4117,450,France,Female,48,0,14602.85,2,0,0,161403.83,1
10004118,Customer_4118,765,France,Female,83,4,86444.84,1,1,0,69991.4,0
10004119,Customer_4119,729,France,Female,71,3,119138.4,2,1,1,5962.9,0
10004120,Customer_4120,525,France,Male,19,4,77440.88,2,1,1,67388.18,0
10004121,Customer_4121,456,France,Female,78,10,77447.38,2,1,1,170066.83,0
10004122,Customer_4122,450,Germany,Male,32,4,44032.15,2,1,0,175179.06,1
10004123,Customer_4123,609,Spain,Female,77,7,203237.85,2,1,1,186944.45,0
10004124,Customer_4124,827,France,Female,60,5,227017.26,1,0,1,99901.2,0
10004125,Customer_4125,803,Germany,Male,57,2,20581.84,1,0,0,191319.13,0
10004126,Customer_4126,715,Spain,Male,47,8,38724.73,2,1,0,99841.21,0
10004127,Customer_4127,595,France,Female,80,7,57113.25,2,1,1,30792.4,0
10004128,Customer_4128,624,Spain,Male,41,8,127246.87,1,1,0,100412.87,0
10004129,Customer_4129,381,Spain,Female,61,3,197793.01,1,1,1,173724.29,0
10004130,Customer_4130,486,France,Male,31,7,17863.88,1,1,0,157140.33,0
10004131,Customer_4131,361,Spain,Male,45,10,159203.25,2,1,1,86816.86,0
10004132,Customer_4132,744,France,Female,31,2,37333.86,2,0,0,42517.33,1
10004133,Customer_4133,651,France,Female,73,4,242864.27,2,1,1,116228.53,0
10004134,Customer_4134,724,Spain,Female,51,6,224693.36,1,1,1,186245.83,1
10004135,Customer_4135,365,France,Female,29,0,237395.71,2,1,1,35507.49,0
10004136,Customer_4136,478,France,Male,73,0,26540.97,2,1,1,165409.94,1
10004137,Customer_4137,412,France,Female,78,2,122009.1,2,0,0,29474.3,1
10004138,Customer_4138,458,Spain,Male,78,3,41311.64,1,1,1,183921.06,0
10004139,Customer_4139,724,Spain,Male,57,0,150088.89,2,1,1,138654.61,0
10004140,Customer_4140,370,Germany,Male,37,7,58184.78,1,1,0,21846.08,0
10004141,Customer_4141,507,Spain,Male,59,1,192657.75,1,1,1,40493.74,0
10004142,Customer_4142,618,France,Male,24,10,161000.65,1,0,1,185385.15,0
10004143,Customer_4143,511,France,Male,90,4,142901.15,1,1,0,101518.7,0
10004144,Customer_4144,609,Germany,Female,85,5,206306.79,1,1,0,90704.17,1
10004145,Customer_4145,761,Spain,Male,48,10,125068.26,2,1,0,11664.75,1
10004146,Customer_4146,451,France,Male,87,5,67462.94,1,1,1,16818.03,0
10004147,Customer_4147,572,France,Female,64,5,155176.37,2,1,1,138333.11,0
10004148,Customer_4148,408,Spain,Male,68,10,239265.66,1,1,1,155389.23,0
10004149,Customer_4149,596,Spain,Male,75,0,150289.84,4,1,1,173402.76,1
10004150,Customer_4150,477,Germany,Male,39,2,157404.86,1,0,1,100567.45,0
10004151,Customer_4151,632,France,Male,41,2,233687.67,2,0,0,65722.11,0
10004152,Customer_4152,674,Spain,Male,51,7,128818.78,1,1,1,125108.65,0
10004153,Customer_4153,374,Spain,Male,80,5,249089.37,2,0,0,123780.22,0
10004154,Customer_4154,480,Germany,Female,77,1,39915.51,3,1,1,6943.9,0
10004155,Customer_4155,702,Spain,Male,36,0,134259.96,2,1,0,187761.23,0
10004156,Customer_4156,545,Spain,Male,41,3,53225.21,1,1,1,128515.99,0
10004157,Customer_4157,630,Spain,Female,81,0,113331.59,1,1,0,1304.64,0
10004158,Customer_4158,753,Spain,Male,37,4,42643.48,1,0,1,191927.28,0
10004159,Customer_4159,767,Germany,Male,44,10,55632.19,1,0,1,190530.71,0
10004160,Customer_4160,503,Germany,Female,75,7,52700.01,2,0,0,189184.55,1
10004161,Customer_4161,731,France,Female,61,9,80007.83,1,1,1,177780.98,0
10004162,Customer_4162,482,Germany,Female,82,1,33651.26,1,1,0,36936.17,1
10004163,Customer_4163,576,Spain,Male,63,7,202335.54,1,0,0,195434.83,1
10004164,Customer_4164,538,Spain,Female,71,7,55168.9,1,1,0,152389.11,1
10004165,Customer_4165,825,France,Male,56,5,104142.25,2,1,1,128155.36,1
10004166,Customer_4166,826,Germany,Male,24,7,4014.28,1,1,0,188534.75,0
10004167,Customer_4167,614,France,Male,71,1,26220.39,1,1,0,76224.26,0
10004168,Customer_4168,721,Germany,Female,60,6,224067.98,2,0,1,186274.55,0
10004169,Customer_4169,835,Germany,Male,37,7,209290.05,1,1,1,121141.24,0
10004170,Customer_4170,783,France,Female,42,3,210230.61,1,1,0,115864.1,0
10004171,Customer_4171,483,Germany,Female,60,8,102838.35,2,1,0,129194.18,1
10004172,Customer_4172,560,France,Male,90,10,35382.7,4,0,1,150834.77,0
10004173,Customer_4173,409,France,Female,44,5,26973.63,2,1,0,88990.13,1
10004174,Customer_4174,777,Spain,Male,42,2,151400.68,3,0,0,196121.07,1
10004175,Customer_4175,726,France,Male,53,3,207048.31,2,1,0,17713.78,0
10004176,Customer_4176,744,France,Male,83,3,225028.62,1,0,0,182765.75,0
10004177,Customer_4177,799,France,Female,26,0,72182.91,1,0,0,131488.39,0
10004178,Customer_4178,780,France,Male,70,9,80256.64,2,1,1,181984.29,0
10004179,Customer_4179,713,Spain,Female,38,0,25219.16,1,1,0,73758.95,0
10004180,Customer_4180,713,France,Female,67,0,193602.45,1,1,1,165801.63,0
10004181,Customer_4181,806,Spain,Female,33,3,68922.57,2,1,1,123201.85,0
10004182,Customer_4182,562,France,Male,83,0,120232.37,1,1,0,166223.63,1
10004183,Customer_4183,565,France,Male,43,5,232224.33,2,1,0,65011.9,0
10004184,Customer_4184,575,France,Male,61,1,188053.93,2,0,0,183461.14,0
10004185,Customer_4185,819,Germany,Female,46,0,13184.47,2,1,0,184849.01,0
10004186,Customer_4186,480,Germany,Female,63,6,2038.65,1,1,0,94970.44,0
10004187,Customer_4187,425,Spain,Female,88,5,196851.98,2,1,0,80069.57,1
10004188,Customer_4188,825,Germany,Female,66,0,138125.06,1,0,0,115043.49,1
10004189,Customer_4189,635,France,Male,32,9,180083.6,2,0,0,40045.68,1
10004190,Customer_4190,823,Spain,Female,34,8,39203.83,2,0,1,99247.46,0
10004191,Customer_4191,845,Spain,Male,26,5,218011.96,2,0,0,179365.29,0
10004192,Customer_4192,626,France,Male,49,1,193331.24,1,1,0,73042.18,1
10004193,Customer_4193,505,France,Female,83,6,222709.73,2,1,0,147212.66,1
10004194,Customer_4194,597,Germany,Female,76,2,85274.02,2,1,0,124628.69,1
10004195,Customer_4195,567,France,Male,49,6,68926.3,2,0,1,52286.15,0
10004196,Customer_4196,539,Spain,Male,60,8,37932.86,1,1,0,106358.23,1
10004197,Customer_4197,766,France,Male,76,4,232522.13,1,1,0,170519.85,1
10004198,Customer_4198,818,France,Female,47,0,44207.3,2,0,1,110988.67,0
10004199,Customer_4199,512,Spain,Male,28,4,29829.31,4,1,1,139372.22,0
10004200,Customer_4200,529,Spain,Female,43,7,48169.55,1,1,1,155080.31,0
10004201,Customer_4201,383,France,Male,19,7,192845.43,2,0,0,9890.38,1
10004202,Customer_4202,390,Spain,Male,51,2,222382.31,2,0,1,10261.32,1
10004203,Customer_4203,656,France,Male,58,3,202728.36,2,1,1,23001.73,1
10004204,Customer_4204,780,France,Male,48,7,140809.64,1,0,0,32609.27,1
10004205,Customer_4205,687,Spain,Female,80,7,248471.06,2,0,1,162290.6,0
10004206,Customer_4206,663,Germany,Female,72,6,17213.52,2,0,0,87123.42,0
10004207,Customer_4207,424,France,Male,78,5,216797.92,2,1,0,37061.51,0
10004208,Customer_4208,790,France,Male,53,3,106928.47,2,1,1,106365.59,0
10004209,Customer_4209,628,Germany,Female,57,9,113780.59,1,1,0,152670.65,1
10004210,Customer_4210,525,France,Male,40,8,31898.72,2,1,0,28022.2,1
10004211,Customer_4211,733,Germany,Male,43,1,8358.24,1,1,1,68887.72,0
10004212,Customer_4212,499,Germany,Male,35,1,79157.08,1,1,1,38882.83,0
10004213,Customer_4213,622,France,Female,51,0,43713.38,1,0,0,129278.87,0
10004214,Customer_4214,674,Germany,Male,45,10,120834.69,1,1,0,27376.48,0
10004215,Customer_4215,457,Spain,Male,66,2,36832.63,2,0,0,156221.54,0
10004216,Customer_4216,488,France,Female,81,2,34481.93,2,1,1,41573.31,0
10004217,Customer_4217,699,France,Female,88,3,219244.75,1,1,1,11730.75,0
10004218,Customer_4218,620,France,Male,80,2,230323.68,2,0,1,182174.7,0
10004219,Customer_4219,696,Germany,Male,79,9,241054.05,1,1,1,66649.8,0
10004220,Customer_4220,768,Spain,Male,59,5,170125.61,1,0,0,100554.55,0
10004221,Customer_4221,638,France,Male,41,8,192754.13,2,1,1,20208.32,0
10004222,Customer_4222,561,France,Male,52,7,208946.19,1,1,1,95898.06,0
10004223,Customer_4223,730,France,Female,72,5,164730.51,2,1,1,44521.11,1
10004224,Customer_4224,621,Germany,Female,66,7,82560.78,1,1,0,168077.46,0
10004225,Customer_4225,767,France,Female,76,7,39096.75,2,0,1,142754.04,1
10004226,Customer_4226,415,Spain,Male,39,9,59318.33,1,1,1,132664.9,0
10004227,Customer_4227,832,France,Female,78,5,210103.51,1,1,1,156254.68,0
10004228,Customer_4228,773,Germany,Male,47,1,174024.31,1,1,0,58751.41,0
10004229,Customer_4229,597,Germany,Male,86,4,113948.94,2,1,1,90735.77,0
10004230,Customer_4230,505,Germany,Female,77,3,7351.27,1,0,0,17324.18,1
10004231,Customer_4231,396,France,Female,23,5,66551.09,1,1,1,13567.14,0
10004232,Customer_4232,772,Germany,Male,28,1,182224.37,1,1,1,65825.69,0
10004233,Customer_4233,803,France,Male,41,3,128096.81,1,1,1,164550.99,0
10004234,Customer_4234,550,France,Male,68,7,108883.12,1,0,0,119537.44,0
10004235,Customer_4235,497,Germany,Female,36,0,78419.85,1,1,1,84908.37,0
10004236,Customer_4236,473,Germany,Female,67,2,151732.96,3,1,0,193398.41,0
10004237,Customer_4237,350,France,Male,20,3,241596.35,1,0,0,88440.03,0
10004238,Customer_4238,805,France,Male,20,1,225280.91,1,0,0,93781.7,0
10004239,Customer_4239,596,Spain,Male,48,1,7624.48,3,0,1,198506.02,0
10004240,Customer_4240,692,Spain,Male,64,5,120238.46,1,1,0,26282.1,1
10004241,Customer_4241,477,France,Female,25,5,82367.32,2,1,0,51130.97,0
10004242,Customer_4242,540,Germany,Female,34,2,127651.17,1,1,1,90667.39,1
10004243,Customer_4243,416,France,Male,62,7,151553.42,2,1,1,114263.14,1
10004244,Customer_4244,353,Germany,Male,77,2,50007.02,2,1,0,29625.86,1
10004245,Customer_4245,791,Spain,Male,38,1,195392.02,1,1,0,65771.9,0
10004246,Customer_4246,758,France,Male,87,4,118767.01,1,0,0,44061.34,1
10004247,Customer_4247,652,Spain,Male,38,6,248001.51,1,1,1,169980.86,0
10004248,Customer_4248,643,France,Male,75,0,6281.85,3,1,1,166925.81,0
10004249,Customer_4249,492,Germany,Male,72,1,47429.79,1,0,1,47975.8,0
10004250,Customer_4250,540,Germany,Male,45,1,172407.45,3,1,1,86991.46,0
10004251,Customer_4251,370,Spain,Female,63,7,173794.94,2,1,1,130332.32,0
10004252,Customer_4252,576,France,Male,61,9,145547.06,1,1,0,9643.11,0
10004253,Customer_4253,662,France,Female,42,5,242990.01,2,1,1,176722.9,0
10004254,Customer_4254,466,France,Female,88,3,103828.75,1,1,1,102210.12,0
10004255,Customer_4255,786,Spain,Female,66,3,104259.2,2,1,0,45316.29,1
10004256,Customer_4256,651,Germany,Male,63,4,227619.09,1,1,0,79357.64,1
10004257,Customer_4257,849,Germany,Female,80,2,134610.45,1,1,0,180335.17,1
10004258,Customer_4258,491,France,Male,29,3,88431.92,1,0,1,4967.37,1
10004259,Customer_4259,833,Spain,Female,74,3,179734.5,2,0,0,28567.54,1
10004260,Customer_4260,809,Spain,Female,90,6,154917.65,2,0,1,38556.65,0
10004261,Customer_4261,750,Germany,Male,81,6,76602.51,2,0,1,12032.79,0
10004262,Customer_4262,388,France,Male,48,0,74482.2,3,1,1,45059.68,1
10004263,Customer_4263,742,France,Female,21,2,98903.2,2,0,1,163433.2,0
10004264,Customer_4264,704,Germany,Female,71,8,17905.02,2,0,1,105420.55,0
10004265,Customer_4265,601,Germany,Female,82,5,235654.23,1,0,0,121090.91,1
10004266,Customer_4266,682,France,Female,23,5,45755.01,1,1,0,31186.3,0
10004267,Customer_4267,556,Germany,Female,82,3,48456.08,1,0,0,55670.98,1
10004268,Customer_4268,559,France,Female,39,9,161759.6,1,1,0,183498.55,0
10004269,Customer_4269,464,Spain,Male,34,8,181061.76,2,0,0,42096.69,0
10004270,Customer_4270,574,Germany,Male,76,2,184208.86,2,1,0,181349.75,0
10004271,Customer_4271,483,France,Female,46,7,93768.76,3,0,1,132646.44,0
10004272,Customer_4272,600,Germany,Male,84,5,218332.24,1,0,1,100560.01,0
10004273,Customer_4273,568,France,Female,34,1,135999.77,2,1,0,34798.95,1
10004274,Customer_4274,756,France,Male,19,2,109646.89,2,1,0,134723.67,0
10004275,Customer_4275,792,Spain,Female,49,0,202596.62,1,1,0,177280.71,1
10004276,Customer_4276,440,France,Male,39,2,60890.31,1,1,1,31965.41,0
10004277,Customer_4277,703,France,Male,75,3,215046.36,2,1,0,1246.78,1
10004278,Customer_4278,725,France,Male,70,5,134707.35,2,1,1,148015.09,0
10004279,Customer_4279,395,France,Male,64,9,225014.54,2,1,1,120096.55,1
10004280,Customer_4280,387,France,Female,21,6,50403.13,2,1,1,100622.95,0
10004281,Customer_4281,491,France,Male,55,2,234015.77,2,0,1,91215.16,0
10004282,Customer_4282,449,Germany,Female,30,10,171969.19,1,1,0,99524.82,0
10004283,Customer_4283,677,France,Male,78,6,154582.13,2,0,1,74923.51,0
10004284,Customer_4284,539,Germany,Male,81,3,105516.88,2,1,1,16476.44,1
10004285,Customer_4285,384,France,Male,50,0,239078.75,1,0,1,155147.26,0
10004286,Customer_4286,496,France,Male,55,0,110979.91,2,0,1,93572.64,0
10004287,Customer_4287,379,France,Male,46,7,124635.74,1,1,1,164992.8,0
10004288,Customer_4288,683,Spain,Male,78,9,195374.53,2,0,1,196444.35,0
10004289,Customer_4289,433,Germany,Female,49,6,71210.61,1,1,0,34359.12,1
10004290,Customer_4290,718,Spain,Female,28,3,72873.83,1,1,0,158699.03,0
10004291,Customer_4291,630,France,Female,35,0,193824.42,2,1,0,195503.89,0
10004292,Customer_4292,773,Spain,Female,62,5,32144.95,2,1,0,144890.44,0
10004293,Customer_4293,693,France,Male,38,10,205741.13,3,1,0,49202.08,0
10004294,Customer_4294,619,France,Male,29,10,156293.75,3,1,1,179298.29,1
10004295,Customer_4295,503,Germany,Male,37,9,134770.94,1,1,1,158646.83,0
10004296,Customer_4296,451,France,Male,24,6,57277.35,1,1,1,89867.94,0
10004297,Customer_4297,564,Spain,Female,88,5,196592.04,1,1,1,114518.23,0
10004298,Customer_4298,499,France,Female,19,5,201238.27,1,0,0,144387.5,1
10004299,Customer_4299,781,Spain,Female,60,7,120735.47,2,1,1,24913.77,0
10004300,Customer_4300,432,Germany,Female,38,5,97292.24,1,1,1,185397.59,0
10004301,Customer_4301,459,Germany,Male,46,1,61540.46,1,1,0,197488.96,1
10004302,Customer_4302,784,France,Male,49,6,188558.5,1,1,1,66113.86,0
10004303,Customer_4303,736,France,Male,62,9,159862.98,1,1,0,143020.13,0
10004304,Customer_4304,775,Spain,Female,76,3,51657.76,2,0,1,84267.31,1
10004305,Customer_4305,624,France,Female,20,10,198617.02,2,1,0,5557.72,1
10004306,Customer_4306,550,Germany,Female,56,10,220551.33,1,1,1,191743.83,0
10004307,Customer_4307,633,Spain,Male,68,2,14811.82,1,1,1,28473.78,0
10004308,Customer_4308,817,France,Male,25,7,193105.16,2,1,0,14998.88,0
10004309,Customer_4309,522,Germany,Male,63,9,213200.48,2,1,1,167439.63,0
10004310,Customer_4310,676,Germany,Female,83,4,247876.97,1,1,1,6784.13,0
10004311,Customer_4311,555,France,Male,23,3,59400.37,1,1,0,137580.84,0
10004312,Customer_4312,412,France,Male,75,10,92750.8,1,1,1,186015.98,0
10004313,Customer_4313,422,France,Male,58,3,241547.77,1,1,0,81243.86,0
10004314,Customer_4314,600,France,Female,71,4,23503.89,2,1,1,13680.54,0
10004315,Customer_4315,473,Germany,Male,58,3,130926.96,1,1,1,43667.09,0
10004316,Customer_4316,724,France,Female,65,2,126686.14,2,1,1,189665.39,0
10004317,Customer_4317,470,Spain,Male,87,3,151636.93,2,0,0,93083.09,0
10004318,Customer_4318,624,France,Male,44,9,82698.15,2,1,0,108277.04,0
10004319,Customer_4319,780,Germany,Male,64,4,231479.52,1,1,1,31221.5,0
10004320,Customer_4320,849,Germany,Female,40,1,67515.32,1,0,0,183604.28,0
10004321,Customer_4321,747,France,Female,91,6,162423.88,1,1,0,103431.38,0
10004322,Customer_4322,469,France,Male,31,4,123981.76,2,1,1,105777.31,0
10004323,Customer_4323,771,Spain,Male,78,8,66668.36,1,1,1,115214.11,0
10004324,Customer_4324,786,Spain,Female,84,5,47213.45,1,1,0,153477.57,1
10004325,Customer_4325,666,France,Female,42,10,239140.53,1,1,1,40599.37,1
10004326,Customer_4326,513,France,Male,82,0,140322.87,1,1,0,188466.54,0
10004327,Customer_4327,773,France,Male,41,8,151047.73,2,1,1,35090.08,0
10004328,Customer_4328,814,France,Female,70,4,195723.86,2,0,0,39491.83,1
10004329,Customer_4329,635,Germany,Female,90,8,20306.66,4,1,1,2492.5,1
10004330,Customer_4330,614,Spain,Female,67,0,178441.07,2,1,1,3947.63,0
10004331,Customer_4331,669,France,Female,18,1,41285.03,1,0,0,85774.61,0
10004332,Customer_4332,510,Spain,Male,56,2,185120.27,1,1,1,36603.34,0
10004333,Customer_4333,725,France,Female,91,4,35332.17,1,1,0,42389.03,1
10004334,Customer_4334,657,Germany,Male,61,5,208123.42,1,0,1,197585.8,0
10004335,Customer_4335,438,France,Female,22,4,170254.07,2,0,1,185863.59,0
10004336,Customer_4336,491,France,Female,85,0,96472.57,2,0,0,64498.15,1
10004337,Customer_4337,552,France,Male,89,3,89708.61,2,1,1,68638.78,1
10004338,Customer_4338,658,France,Female,82,5,37236.77,2,0,0,58427.46,1
10004339,Customer_4339,576,Germany,Female,32,3,226013.34,2,0,0,176447.51,1
10004340,Customer_4340,838,Germany,Female,67,3,29632.32,1,1,1,19667.1,0
10004341,Customer_4341,792,France,Male,23,4,118019.35,2,1,0,116821.78,1
10004342,Customer_4342,683,Spain,Male,83,7,59129.61,2,1,0,37269.45,1
10004343,Customer_4343,571,France,Female,86,4,249081.88,1,0,1,151633.28,0
10004344,Customer_4344,390,Germany,Female,56,6,146461.01,1,0,0,126276.0,1
10004345,Customer_4345,545,France,Male,46,7,37396.13,1,1,1,77575.46,0
10004346,Customer_4346,417,France,Male,63,5,166891.0,2,1,1,19631.73,0
10004347,Customer_4347,825,France,Male,48,5,247902.25,1,1,1,153484.31,0
10004348,Customer_4348,613,Germany,Male,41,1,151260.82,2,1,1,15417.41,1
10004349,Customer_4349,351,Germany,Female,32,9,114344.77,2,1,0,54756.51,1
10004350,Customer_4350,710,France,Female,37,4,73317.53,2,0,1,50737.26,0
10004351,Customer_4351,474,France,Female,21,0,23030.85,1,1,0,115709.63,1
10004352,Customer_4352,459,France,Female,75,8,57061.57,1,1,0,102751.96,0
10004353,Customer_4353,435,Germany,Male,78,6,138405.19,2,0,1,55956.48,0
10004354,Customer_4354,774,Germany,Female,27,1,188446.42,1,1,0,86081.3,1
10004355,Customer_4355,469,France,Female,58,5,219482.72,1,0,1,87279.52,1
10004356,Customer_4356,476,France,Female,70,9,198428.06,3,1,1,114716.59,1
10004357,Customer_4357,604,Spain,Male,88,8,31366.3,2,0,1,179648.87,0
10004358,Customer_4358,532,France,Male,65,4,193364.97,2,1,1,28395.94,0
10004359,Customer_4359,365,France,Male,32,2,145401.14,2,0,0,111544.21,0
10004360,Customer_4360,826,France,Female,24,10,117276.89,1,1,0,3686.64,1
10004361,Customer_4361,411,France,Male,89,9,143191.03,3,0,0,139647.45,1
10004362,Customer_4362,718,Germany,Female,88,10,2018.83,4,0,1,128082.74,0
10004363,Customer_4363,781,Germany,Female,60,3,16932.56,2,1,0,138806.5,1
10004364,Customer_4364,507,France,Male,21,2,131462.32,2,1,1,94994.33,0
10004365,Customer_4365,617,Germany,Female,68,0,43404.81,2,1,0,37380.63,0
10004366,Customer_4366,384,France,Female,88,9,136385.24,2,1,0,89622.28,0
10004367,Customer_4367,616,Spain,Female,76,10,88553.39,1,1,1,4730.35,0
10004368,Customer_4368,413,Germany,Male,58,6,226853.01,2,1,1,76293.95,0
10004369,Customer_4369,843,Germany,Male,78,7,237420.86,1,0,0,167716.8,0
10004370,Customer_4370,399,France,Male,47,1,244946.03,1,1,0,67724.57,0
10004371,Customer_4371,818,France,Male,35,7,224734.5,1,1,1,118355.33,0
10004372,Customer_4372,604,France,Female,47,8,246472.71,1,1,0,52231.14,0
10004373,Customer_4373,498,Germany,Female,24,6,176536.78,2,0,0,26853.06,0
10004374,Customer_4374,674,France,Female,69,10,240135.57,1,0,1,104189.77,0
10004375,Customer_4375,653,Spain,Male,65,0,160448.12,2,1,1,7163.44,0
10004376,Customer_4376,625,Spain,Male,40,3,202303.55,1,1,0,180897.08,1
10004377,Customer_4377,706,Germany,Female,54,6,32977.5,1,0,0,155438.84,1
10004378,Customer_4378,800,Spain,Female,88,5,170649.9,2,1,0,199583.84,0
10004379,Customer_4379,521,France,Male,70,10,232775.83,1,0,1,198637.03,0
10004380,Customer_4380,766,France,Male,62,7,135012.06,2,1,1,145800.19,1
10004381,Customer_4381,550,France,Female,66,5,46704.93,2,1,1,155340.64,0
10004382,Customer_4382,794,Germany,Male,66,9,131722.14,1,1,1,105623.5,0
10004383,Customer_4383,742,France,Male,64,5,176735.25,1,1,1,43717.29,0
10004384,Customer_4384,673,Spain,Male,42,9,192447.12,1,1,0,161683.71,0
10004385,Customer_4385,384,France,Male,44,5,130925.5,2,0,1,53946.76,0
10004386,Customer_4386,814,France,Male,29,6,54342.01,2,1,1,130000.86,0
10004387,Customer_4387,831,Spain,Male,40,4,231672.2,2,0,1,146178.35,0
10004388,Customer_4388,565,France,Male,34,10,193404.35,1,1,1,112863.06,0
10004389,Customer_4389,829,France,Female,61,8,67672.1,1,0,0,132549.21,1
10004390,Customer_4390,414,Germany,Female,88,6,202953.23,1,1,0,58590.05,1
10004391,Customer_4391,357,France,Male,41,0,86965.66,1,1,1,152105.74,0
10004392,Customer_4392,650,France,Female,88,10,78107.84,1,0,0,188710.24,0
10004393,Customer_4393,692,France,Male,77,8,215769.16,1,1,0,96806.81,0
10004394,Customer_4394,780,France,Male,70,10,218308.8,2,1,0,24205.18,0
10004395,Customer_4395,773,Spain,Male,91,5,99620.35,3,1,1,123947.85,1
10004396,Customer_4396,681,Spain,Female,33,10,2230.7,1,0,0,68289.83,0
10004397,Customer_4397,787,France,Male,42,7,46641.41,2,0,1,83827.5,0
10004398,Customer_4398,425,France,Male,83,8,227324.08,2,1,1,30334.36,0
10004399,Customer_4399,523,France,Female,67,10,224687.33,2,1,1,125161.64,0
10004400,Customer_4400,396,Spain,Male,86,10,113336.19,1,1,1,157452.28,0
10004401,Customer_4401,364,France,Female,57,1,76029.18,2,1,1,153290.56,0
10004402,Customer_4402,710,France,Female,23,1,75687.07,3,0,0,198776.41,1
10004403,Customer_4403,496,Germany,Female,81,4,224298.7,2,0,1,42448.03,0
10004404,Customer_4404,375,Spain,Male,45,4,81183.33,2,0,0,182829.43,0
10004405,Customer_4405,657,France,Male,26,9,127895.06,1,1,0,146526.67,0
10004406,Customer_4406,442,France,Female,23,9,182752.76,1,1,0,141500.32,0
10004407,Customer_4407,755,France,Female,34,1,52370.26,2,1,0,136755.16,0
10004408,Customer_4408,581,France,Female,57,9,63459.77,1,1,1,107677.99,0
10004409,Customer_4409,370,Germany,Male,62,3,89515.47,1,0,0,75736.77,0
10004410,Customer_4410,656,Germany,Male,60,8,163555.85,1,1,0,188669.76,0
10004411,Customer_4411,387,Germany,Male,63,3,204372.66,2,0,0,30226.72,1
10004412,Customer_4412,625,France,Male,80,0,136676.44,2,1,1,35205.48,0
10004413,Customer_4413,506,France,Male,18,4,33232.18,3,0,1,3353.74,1
10004414,Customer_4414,528,France,Male,76,1,111561.38,2,0,0,147879.88,0
10004415,Customer_4415,481,France,Female,80,5,31922.68,2,1,0,178798.18,1
10004416,Customer_4416,660,Spain,Male,35,0,22074.29,2,0,0,37217.86,0
10004417,Customer_4417,804,France,Male,82,6,147404.19,1,1,0,6894.62,0
10004418,Customer_4418,697,France,Male,37,6,239053.03,1,1,1,48829.1,0
10004419,Customer_4419,377,France,Male,73,3,209402.96,2,1,0,176734.93,0
10004420,Customer_4420,609,France,Male,71,8,193617.82,2,1,1,3247.47,1
10004421,Customer_4421,755,France,Male,65,2,181763.99,1,0,0,20241.2,0
10004422,Customer_4422,425,Spain,Male,71,4,224281.96,1,0,0,5008.42,0
10004423,Customer_4423,778,France,Female,33,4,188208.77,2,1,1,188630.64,0
10004424,Customer_4424,416,Germany,Male,37,7,156719.34,1,1,0,27110.14,1
10004425,Customer_4425,691,France,Female,64,9,91170.02,1,1,1,180084.75,0
10004426,Customer_4426,841,France,Female,24,9,25235.97,2,1,0,94693.52,0
10004427,Customer_4427,543,Spain,Female,40,3,115258.34,1,1,1,78978.28,0
10004428,Customer_4428,821,France,Male,50,0,231196.06,2,0,1,85308.74,0
10004429,Customer_4429,511,Germany,Male,57,10,145775.07,2,1,1,83740.24,0
10004430,Customer_4430,696,France,Female,22,4,46126.04,2,1,0,68353.48,0
10004431,Customer_4431,788,Germany,Female,62,0,162255.83,2,1,1,162161.94,0
10004432,Customer_4432,710,Spain,Female,58,2,116365.56,2,1,1,101604.55,0
10004433,Customer_4433,606,Spain,Male,25,5,232845.02,1,1,1,198196.24,0
10004434,Customer_4434,421,Spain,Female,67,0,40234.98,2,1,0,103559.61,0
10004435,Customer_4435,436,Germany,Female,48,9,178002.94,1,0,0,163696.86,1
10004436,Customer_4436,771,France,Female,21,2,170400.62,1,0,1,149022.19,0
10004437,Customer_4437,611,Germany,Male,83,6,245885.39,1,1,1,80227.12,0
10004438,Customer_4438,563,Germany,Male,73,1,141228.03,2,1,1,157729.4,0
10004439,Customer_4439,502,France,Male,22,5,217893.51,1,1,0,31002.87,1
10004440,Customer_4440,559,France,Male,71,6,6178.48,1,0,0,40677.16,0
10004441,Customer_4441,750,Spain,Female,18,1,30722.99,1,0,0,123780.1,1
10004442,Customer_4442,410,France,Female,90,10,86484.64,1,0,0,142315.96,0
10004443,Customer_4443,617,France,Female,78,10,154831.85,2,1,0,128769.69,0
10004444,Customer_4444,611,Spain,Male,24,4,112269.84,1,1,1,101894.16,0
10004445,Customer_4445,567,France,Female,47,9,50674.06,2,1,0,27530.95,0
10004446,Customer_4446,632,France,Male,32,9,147300.93,2,0,0,74558.94,1
10004447,Customer_4447,485,Germany,Female,21,0,141674.76,2,1,1,120982.56,0
10004448,Customer_4448,816,France,Female,80,2,131111.87,2,1,1,45222.54,0
10004449,Customer_4449,729,Germany,Male,87,0,22639.03,1,1,1,127571.18,0
10004450,Customer_4450,711,France,Male,55,2,231756.37,1,1,1,46864.58,1
10004451,Customer_4451,798,France,Male,64,3,148063.83,2,0,0,19581.61,1
10004452,Customer_4452,790,France,Male,77,4,65997.94,2,1,1,64875.09,0
10004453,Customer_4453,442,Spain,Female,19,3,171854.55,2,1,0,54558.73,0
10004454,Customer_4454,458,France,Male,86,3,79477.0,2,1,0,162091.26,0
10004455,Customer_4455,590,France,Male,25,8,126464.01,1,1,1,96728.45,0
10004456,Customer_4456,704,France,Male,68,8,85282.94,1,0,1,12818.71,1
10004457,Customer_4457,773,France,Female,36,8,220098.51,1,1,1,163115.43,1
10004458,Customer_4458,491,France,Male,48,10,248495.15,1,1,0,53745.7,0
10004459,Customer_4459,640,France,Male,39,4,40295.52,1,1,0,113579.59,0
10004460,Customer_4460,781,Germany,Female,50,10,5894.74,1,1,1,108309.96,0
10004461,Customer_4461,586,France,Male,89,4,54830.63,1,0,0,194317.84,0
10004462,Customer_4462,689,Spain,Male,54,1,147488.0,2,0,1,50995.25,1
10004463,Customer_4463,661,Germany,Female,29,5,43487.78,1,0,0,29046.29,1
10004464,Customer_4464,526,France,Male,86,1,202871.11,1,1,1,51692.86,0
10004465,Customer_4465,490,France,Female,81,9,102167.64,4,0,1,115296.95,1
10004466,Customer_4466,538,Germany,Female,42,4,152633.19,2,1,1,43517.25,0
10004467,Customer_4467,835,Germany,Male,71,10,113904.46,2,1,0,68101.38,1
10004468,Customer_4468,398,France,Male,46,4,225831.98,2,1,0,131614.73,1
10004469,Customer_4469,651,Spain,Female,30,3,8783.83,2,1,1,23305.71,0
10004470,Customer_4470,718,France,Female,43,4,182325.47,1,0,0,189061.45,0
10004471,Customer_4471,539,France,Male,39,6,163043.03,1,0,1,106475.61,0
10004472,Customer_4472,485,France,Male,90,9,162378.76,2,1,0,96725.03,0
10004473,Customer_4473,392,Spain,Male,27,1,103497.35,2,1,1,72615.91,0
10004474,Customer_4474,753,Germany,Female,65,0,3918.81,1,1,1,49141.25,1
10004475,Customer_4475,729,Spain,Female,59,3,172310.18,1,1,1,96685.83,0
10004476,Customer_4476,702,France,Female,76,6,207367.8,1,1,0,97260.13,1
10004477,Customer_4477,439,France,Male,70,0,21307.58,2,1,0,11234.78,1
10004478,Customer_4478,644,France,Male,57,3,110404.38,1,1,0,169479.11,0
10004479,Customer_4479,690,Spain,Female,79,5,40648.71,2,1,0,164154.48,0
10004480,Customer_4480,594,France,Female,23,5,152734.45,3,0,0,89567.39,0
10004481,Customer_4481,782,France,Male,21,0,196401.22,2,0,0,67358.52,1
10004482,Customer_4482,541,France,Male,72,6,166676.64,3,1,0,99791.92,0
10004483,Customer_4483,667,Spain,Male,86,4,79515.02,1,1,0,44295.45,0
10004484,Customer_4484,455,France,Male,20,5,34933.18,2,1,1,179.47,0
10004485,Customer_4485,712,France,Female,24,0,198567.04,2,1,0,70867.47,0
10004486,Customer_4486,659,France,Female,29,6,80979.21,1,1,1,3611.85,0
10004487,Customer_4487,731,Spain,Male,34,3,5534.96,1,1,0,8151.05,0
10004488,Customer_4488,582,Spain,Male,84,2,142855.3,1,0,0,5904.7,0
10004489,Customer_4489,614,Germany,Male,87,10,61669.33,2,0,0,176013.16,1
10004490,Customer_4490,693,France,Female,53,3,210301.5,2,1,1,28730.84,0
10004491,Customer_4491,386,France,Male,34,8,35813.8,2,1,0,50875.87,0
10004492,Customer_4492,654,Spain,Male,18,4,108700.21,2,0,0,98058.76,0
10004493,Customer_4493,390,France,Male,84,4,63282.55,1,0,0,105867.33,1
10004494,Customer_4494,366,France,Male,66,7,172400.4,2,1,1,24423.35,0
10004495,Customer_4495,693,France,Female,68,6,137132.73,2,1,0,181903.69,0
10004496,Customer_4496,626,Spain,Male,88,2,197746.93,1,0,0,46224.85,0
10004497,Customer_4497,656,France,Male,60,0,114653.14,3,0,1,188518.38,0
10004498,Customer_4498,408,Germany,Female,48,10,1202.11,2,1,0,51383.33,0
10004499,Customer_4499,772,Spain,Male,41,1,53799.12,2,1,0,529.76,0
10004500,Customer_4500,532,France,Male,54,2,249789.28,2,1,0,194372.58,1
10004501,Customer_4501,390,France,Female,82,10,101336.25,2,1,0,96748.94,1
10004502,Customer_4502,388,Spain,Female,80,0,155058.78,1,1,0,175751.41,0
10004503,Customer_4503,746,Spain,Female,73,0,226232.9,2,0,0,146871.51,1
10004504,Customer_4504,541,Spain,Female,91,7,5131.05,1,1,1,35812.78,0
10004505,Customer_4505,616,Germany,Female,35,7,164901.85,1,0,0,169055.45,0
10004506,Customer_4506,843,France,Male,82,1,72094.24,1,1,1,10226.11,0
10004507,Customer_4507,496,Spain,Male,46,7,69812.06,1,1,0,101517.05,1
10004508,Customer_4508,744,France,Male,21,10,56212.85,2,1,1,50830.85,0
10004509,Customer_4509,682,Spain,Male,29,1,205682.3,1,1,0,72324.26,0
10004510,Customer_4510,476,Spain,Male,73,10,93236.93,2,1,1,151408.34,0
10004511,Customer_4511,395,Germany,Female,65,4,16779.13,2,1,1,136680.18,0
10004512,Customer_4512,394,Spain,Female,36,0,24212.79,2,0,1,88022.86,0
10004513,Customer_4513,350,Spain,Male,43,8,37153.59,1,1,1,9194.17,0
10004514,Customer_4514,517,France,Male,55,3,224731.9,1,1,0,7993.71,1
10004515,Customer_4515,457,Germany,Male,42,9,106860.86,1,1,0,140444.18,1
10004516,Customer_4516,368,France,Female,73,10,229012.33,1,0,1,189766.48,0
10004517,Customer_4517,681,Germany,Male,91,1,204369.87,1,1,0,169455.12,1
10004518,Customer_4518,421,France,Female,45,0,209470.66,2,0,1,24446.47,1
10004519,Customer_4519,805,France,Female,78,5,71707.95,1,0,0,24255.04,0
10004520,Customer_4520,794,Spain,Male,68,10,67828.6,1,0,1,122109.97,1
10004521,Customer_4521,458,Spain,Female,29,7,140017.09,1,1,1,131526.24,0
10004522,Customer_4522,617,France,Male,25,3,104481.24,2,1,0,123302.05,0
10004523,Customer_4523,794,Germany,Female,75,0,127265.17,2,1,0,177079.8,0
10004524,Customer_4524,589,Germany,Male,40,0,13301.05,3,0,1,46209.39,0
10004525,Customer_4525,766,Spain,Male,54,5,242897.55,2,1,1,34468.01,0
10004526,Customer_4526,650,France,Female,28,1,14542.2,2,1,0,182834.45,0
10004527,Customer_4527,439,Germany,Female,34,4,44707.82,2,0,0,144432.98,0
10004528,Customer_4528,452,Spain,Male,73,1,169550.13,2,0,1,142348.61,0
10004529,Customer_4529,825,France,Male,70,8,38875.39,2,1,0,67083.09,0
10004530,Customer_4530,599,Spain,Male,84,1,26717.48,2,1,1,125578.49,0
10004531,Customer_4531,802,Spain,Female,19,4,38405.1,1,0,1,145343.41,0
10004532,Customer_4532,357,Spain,Male,46,3,15480.06,4,0,0,120059.53,0
10004533,Customer_4533,502,France,Female,74,10,62829.69,1,0,1,147247.07,0
10004534,Customer_4534,696,France,Male,51,0,67779.82,1,1,0,118014.59,0
10004535,Customer_4535,523,Spain,Male,19,9,124655.52,1,1,0,196406.58,0
10004536,Customer_4536,692,France,Female,48,8,109680.63,2,1,0,98406.25,0
10004537,Customer_4537,507,Germany,Male,61,2,118428.35,1,0,0,2504.66,1
10004538,Customer_4538,842,France,Female,73,9,154009.88,1,1,1,32677.71,0
10004539,Customer_4539,780,France,Female,71,7,57740.36,2,1,1,192832.06,0
10004540,Customer_4540,564,France,Male,70,3,33676.03,2,1,0,93909.93,1
10004541,Customer_4541,526,Germany,Female,91,10,219719.57,2,1,1,24113.97,0
10004542,Customer_4542,524,France,Male,63,8,158485.33,1,1,0,31173.32,1
10004543,Customer_4543,689,Germany,Male,71,4,15165.82,2,1,1,5800.59,0
10004544,Customer_4544,687,Germany,Male,48,1,240262.91,2,1,0,45276.42,0
10004545,Customer_4545,495,Germany,Female,41,7,173267.13,2,1,1,197329.19,0
10004546,Customer_4546,799,Germany,Male,42,3,37926.16,2,0,1,65770.43,1
10004547,Customer_4547,673,France,Male,52,1,242283.61,1,1,0,50058.66,0
10004548,Customer_4548,827,France,Male,74,5,91351.84,2,1,1,133527.88,0
10004549,Customer_4549,510,France,Male,89,0,246127.52,1,1,1,134843.14,0
10004550,Customer_4550,476,Germany,Male,86,7,25818.91,1,1,1,193567.07,0
10004551,Customer_4551,769,Germany,Male,45,8,39992.3,1,1,0,145922.52,1
10004552,Customer_4552,431,France,Male,50,6,164354.89,2,1,1,22003.14,0
10004553,Customer_4553,834,France,Male,70,8,5535.87,1,1,0,197119.76,0
10004554,Customer_4554,496,Germany,Male,33,1,4672.41,2,1,0,150050.2,1
10004555,Customer_4555,588,France,Female,43,10,197995.71,1,0,1,51851.45,0
10004556,Customer_4556,761,Spain,Female,29,0,41945.08,2,1,0,52247.32,1
10004557,Customer_4557,773,France,Male,48,6,229697.5,2,1,0,191999.89,1
10004558,Customer_4558,433,Spain,Female,44,3,106474.04,2,1,1,38536.18,0
10004559,Customer_4559,462,France,Male,53,9,218413.09,2,0,0,45526.01,0
10004560,Customer_4560,574,France,Male,76,7,104440.9,1,1,0,71793.31,0
10004561,Customer_4561,681,France,Female,20,2,132557.5,2,1,1,135897.81,0
10004562,Customer_4562,727,France,Female,49,6,79128.54,2,1,0,85951.08,0
10004563,Customer_4563,592,France,Female,32,6,164519.1,2,1,1,62260.41,0
10004564,Customer_4564,492,France,Female,83,10,79550.29,2,1,1,53532.89,0
10004565,Customer_4565,390,Germany,Male,80,9,55792.52,2,0,1,25028.81,0
10004566,Customer_4566,772,France,Female,18,8,20261.83,1,0,1,109256.11,0
10004567,Customer_4567,607,Spain,Female,22,10,14417.34,1,0,0,54690.4,0
10004568,Customer_4568,796,France,Male,23,3,76493.59,2,1,0,66303.97,0
10004569,Customer_4569,634,Spain,Female,22,9,184118.34,1,1,0,1570.17,0
10004570,Customer_4570,454,Germany,Male,90,0,51405.02,2,1,0,106253.11,0
10004571,Customer_4571,551,France,Female,45,6,74806.86,1,1,0,139288.0,1
10004572,Customer_4572,799,France,Male,86,9,226292.85,1,0,1,185507.58,1
10004573,Customer_4573,656,France,Male,61,5,159789.37,2,0,0,39434.23,0
10004574,Customer_4574,680,France,Female,33,10,229930.6,2,1,1,183873.38,0
10004575,Customer_4575,810,Germany,Male,88,0,227806.51,1,0,1,72233.14,1
10004576,Customer_4576,615,Germany,Female,39,8,15852.67,1,1,0,160480.73,1
10004577,Customer_4577,747,Spain,Male,90,9,238752.33,1,1,1,179361.54,0
10004578,Customer_4578,559,Germany,Male,40,7,12794.49,3,1,1,192273.33,0
10004579,Customer_4579,400,Spain,Male,60,9,231404.73,1,1,1,65096.19,0
10004580,Customer_4580,467,Spain,Female,85,3,136683.36,1,1,1,52098.87,0
10004581,Customer_4581,550,Spain,Female,60,4,133297.4,4,1,1,87919.02,1
10004582,Customer_4582,726,France,Female,43,7,178316.02,2,1,0,110935.58,0
10004583,Customer_4583,388,France,Female,58,1,219802.82,2,1,0,138133.17,1
10004584,Customer_4584,377,France,Male,87,5,154251.14,1,1,1,138378.89,0
10004585,Customer_4585,608,Germany,Male,48,9,106349.96,1,0,0,23339.64,1
10004586,Customer_4586,433,France,Male,34,1,27972.34,1,1,1,122367.78,0
10004587,Customer_4587,803,France,Female,26,10,197302.33,2,0,1,33582.89,0
10004588,Customer_4588,504,France,Female,72,7,32073.37,1,1,0,142276.82,0
10004589,Customer_4589,466,France,Male,23,4,181591.47,1,1,0,195316.38,0
10004590,Customer_4590,351,Germany,Male,87,9,131981.24,1,0,0,154182.49,1
10004591,Customer_4591,442,France,Male,81,2,96458.98,2,1,1,138950.38,1
10004592,Customer_4592,515,Germany,Female,21,1,153246.6,2,1,0,15507.07,1
10004593,Customer_4593,736,Spain,Male,84,3,193089.02,2,1,0,36935.58,0
10004594,Customer_4594,749,France,Female,73,7,235284.9,1,0,0,71055.21,0
10004595,Customer_4595,699,Germany,Male,35,0,66174.22,2,1,0,186696.26,1
10004596,Customer_4596,645,Spain,Male,49,9,236782.54,2,1,1,66185.7,0
10004597,Customer_4597,607,France,Female,65,2,240237.01,1,0,1,162756.39,1
10004598,Customer_4598,430,France,Male,46,0,203407.63,2,1,1,20760.12,0
10004599,Customer_4599,774,France,Female,49,1,220359.29,1,1,1,132404.16,0
10004600,Customer_4600,617,Germany,Male,42,9,173106.88,2,0,1,155824.2,0
10004601,Customer_4601,768,Germany,Male,80,10,9774.3,2,1,1,108589.38,0
10004602,Customer_4602,584,France,Male,26,6,143769.64,1,0,1,153371.75,1
10004603,Customer_4603,670,France,Female,88,0,186801.14,1,1,0,144736.08,1
10004604,Customer_4604,660,France,Female,31,8,235425.78,3,1,0,95401.9,1
10004605,Customer_4605,650,Spain,Male,37,7,142612.96,1,1,1,173105.29,0
10004606,Customer_4606,812,France,Male,27,0,198550.17,2,0,0,68333.11,0
10004607,Customer_4607,823,Spain,Female,28,9,176259.68,2,1,1,85088.1,0
10004608,Customer_4608,706,France,Male,56,0,70200.72,1,1,1,107977.26,0
10004609,Customer_4609,562,Germany,Male,36,1,38682.02,1,1,0,26149.29,0
10004610,Customer_4610,411,Germany,Male,36,1,187726.33,1,1,1,103068.87,1
10004611,Customer_4611,398,Germany,Female,60,5,58442.09,1,1,0,64830.65,1
10004612,Customer_4612,476,France,Male,78,0,61172.89,2,1,0,51341.29,1
10004613,Customer_4613,572,Spain,Male,87,3,160986.56,2,1,1,115371.65,0
10004614,Customer_4614,758,France,Male,89,6,197267.12,1,1,0,65927.97,1
10004615,Customer_4615,628,France,Male,82,8,145583.02,1,1,1,171103.13,0
10004616,Customer_4616,757,Germany,Male,40,9,221245.79,1,1,1,82002.36,0
10004617,Customer_4617,643,Spain,Female,77,2,52860.82,1,0,0,82613.98,0
10004618,Customer_4618,633,Germany,Male,27,3,63103.61,2,1,0,196388.62,1
10004619,Customer_4619,626,France,Male,80,4,159238.88,1,0,1,68312.64,1
10004620,Customer_4620,787,Germany,Male,19,4,207342.05,2,1,0,26306.74,0
10004621,Customer_4621,456,Germany,Female,53,1,134837.95,1,1,1,175318.01,0
10004622,Customer_4622,495,Spain,Male,74,4,2595.39,2,1,1,183400.58,1
10004623,Customer_4623,769,Spain,Female,83,9,169235.78,1,0,0,45298.52,0
10004624,Customer_4624,448,Germany,Male,37,0,203395.61,2,1,0,176416.71,1
10004625,Customer_4625,778,France,Male,59,6,69135.91,2,1,1,98916.93,0
10004626,Customer_4626,724,Spain,Male,38,4,13549.56,1,1,1,8696.85,0
10004627,Customer_4627,422,Germany,Female,83,5,129487.99,2,1,0,109771.17,1
10004628,Customer_4628,786,Spain,Female,55,8,10538.81,2,1,0,169756.27,1
10004629,Customer_4629,835,France,Male,86,2,104004.19,1,0,1,79336.53,1
10004630,Customer_4630,471,France,Male,41,0,4454.46,1,0,1,110204.95,0
10004631,Customer_4631,379,France,Male,43,7,56241.68,1,1,0,28132.31,0
10004632,Customer_4632,537,Germany,Male,19,1,97205.61,1,0,1,168441.13,1
10004633,Customer_4633,713,Spain,Male,63,1,27926.47,2,1,0,21387.87,1
10004634,Customer_4634,703,France,Male,51,9,28538.98,1,1,1,18895.77,0
10004635,Customer_4635,637,Germany,Female,79,3,206765.44,2,1,1,186712.41,1
10004636,Customer_4636,800,Germany,Male,58,4,10355.97,2,0,1,174695.98,0
10004637,Customer_4637,544,Germany,Male,32,0,172241.56,1,1,1,114979.64,0
10004638,Customer_4638,505,France,Male,72,10,203620.51,1,1,1,21240.61,0
10004639,Customer_4639,521,Spain,Male,20,2,32680.59,2,1,0,109202.22,1
10004640,Customer_4640,684,France,Male,55,10,48842.68,1,1,1,184109.4,0
10004641,Customer_4641,390,Spain,Male,68,7,160373.33,2,1,1,122475.24,0
10004642,Customer_4642,412,France,Male,34,5,78911.65,1,1,0,39656.45,0
10004643,Customer_4643,372,France,Female,66,2,119105.77,2,0,0,181167.18,0
10004644,Customer_4644,709,Spain,Male,38,6,209000.68,1,0,1,173092.73,0
10004645,Customer_4645,424,France,Male,41,10,34495.79,2,1,0,109322.47,0
10004646,Customer_4646,397,France,Female,57,5,154913.13,1,1,0,170450.28,1
10004647,Customer_4647,509,Germany,Male,37,4,235599.43,1,1,1,11282.8,1
10004648,Customer_4648,662,Germany,Female,52,7,14366.66,1,1,0,92242.18,0
10004649,Customer_4649,467,Germany,Male,65,7,15001.69,1,0,0,35626.87,1
10004650,Customer_4650,449,France,Female,50,2,138685.59,1,1,1,167509.99,0
10004651,Customer_4651,729,France,Female,73,7,240018.95,1,1,0,194238.57,1
10004652,Customer_4652,766,France,Female,58,9,55118.41,1,1,0,186140.63,0
10004653,Customer_4653,757,France,Female,71,8,82697.99,2,1,1,100675.15,0
10004654,Customer_4654,516,Spain,Male,61,9,24661.99,2,1,1,102204.82,0
10004655,Customer_4655,639,France,Female,89,2,90561.81,3,1,0,181646.74,0
10004656,Customer_4656,789,France,Male,28,10,11083.12,1,0,0,144352.4,1
10004657,Customer_4657,505,France,Female,31,7,97273.5,1,1,1,14931.22,0
10004658,Customer_4658,770,France,Male,59,7,138871.94,2,1,0,25677.64,1
10004659,Customer_4659,356,Germany,Female,29,6,243751.21,1,1,0,190345.02,0
10004660,Customer_4660,545,Germany,Female,34,7,204596.99,2,1,0,73184.86,0
10004661,Customer_4661,770,France,Female,42,0,205516.35,2,0,1,37480.85,0
10004662,Customer_4662,405,France,Male,43,2,57036.08,1,1,0,147109.88,0
10004663,Customer_4663,670,France,Female,64,5,21808.68,1,0,0,175938.99,1
10004664,Customer_4664,542,Spain,Male,42,6,150768.68,2,1,0,41319.7,0
10004665,Customer_4665,396,Germany,Male,77,6,130284.55,2,1,1,50295.44,0
10004666,Customer_4666,497,France,Male,77,10,129125.97,2,1,0,179989.28,0
10004667,Customer_4667,624,France,Female,44,5,27252.0,1,0,0,2645.11,1
10004668,Customer_4668,506,Germany,Female,60,10,123471.22,3,1,1,181591.06,1
10004669,Customer_4669,551,Spain,Female,37,3,37588.94,1,1,0,7863.02,0
10004670,Customer_4670,793,Spain,Male,80,4,105528.65,1,1,0,19090.57,1
10004671,Customer_4671,751,France,Female,42,8,15540.66,3,1,0,172456.59,0
10004672,Customer_4672,825,France,Male,44,0,214223.15,2,1,0,49692.21,1
10004673,Customer_4673,768,France,Male,69,1,3295.02,1,1,1,44947.52,0
10004674,Customer_4674,776,Spain,Male,27,4,234830.78,1,1,0,168827.42,0
10004675,Customer_4675,844,Spain,Female,67,4,215722.96,2,1,1,108443.77,0
10004676,Customer_4676,828,France,Male,47,6,188152.02,1,1,1,70130.94,0
10004677,Customer_4677,824,France,Male,18,7,245637.65,1,1,0,142849.59,0
10004678,Customer_4678,475,France,Female,71,9,13455.0,3,1,1,161951.23,0
10004679,Customer_4679,744,France,Male,21,5,160399.28,2,1,0,172555.24,0
10004680,Customer_4680,654,France,Female,24,5,212325.52,2,0,1,23880.08,0
10004681,Customer_4681,718,Germany,Male,47,4,31654.27,2,1,0,116513.59,0
10004682,Customer_4682,643,France,Male,82,4,146193.74,2,0,0,135647.34,0
10004683,Customer_4683,413,France,Female,46,10,98480.48,2,0,0,23304.59,0
10004684,Customer_4684,674,Germany,Male,42,7,108956.78,2,0,0,122029.42,1
10004685,Customer_4685,741,France,Female,57,4,228131.02,2,1,1,6398.33,0
10004686,Customer_4686,767,France,Male,43,5,134662.86,2,0,0,68321.39,0
10004687,Customer_4687,525,France,Male,34,2,23315.51,2,1,1,34412.31,0
10004688,Customer_4688,465,Spain,Female,48,4,234304.04,2,1,1,112246.13,0
10004689,Customer_4689,789,Spain,Male,78,8,46302.79,2,1,0,38227.46,1
10004690,Customer_4690,553,France,Female,25,2,223159.2,1,1,0,157831.12,1
10004691,Customer_4691,835,Germany,Male,86,7,242730.18,1,0,1,24238.89,0
10004692,Customer_4692,670,France,Male,18,10,219459.37,1,1,1,151568.47,0
10004693,Customer_4693,380,Germany,Female,88,6,169283.44,1,0,0,19791.65,1
10004694,Customer_4694,737,Germany,Male,63,3,185887.95,1,0,0,88484.93,0
10004695,Customer_4695,462,Spain,Male,37,4,174966.81,1,1,0,139710.17,0
10004696,Customer_4696,714,France,Female,57,7,115131.1,4,1,1,32302.83,0
10004697,Customer_4697,783,Spain,Female,19,9,68604.93,1,1,0,150471.53,1
10004698,Customer_4698,674,Spain,Male,78,6,71250.68,1,1,1,190682.75,0
10004699,Customer_4699,763,Spain,Female,88,9,182791.97,2,1,0,74687.15,0
10004700,Customer_4700,725,Germany,Female,47,9,156509.11,1,1,1,47.06,0
10004701,Customer_4701,693,France,Male,47,1,146221.01,1,1,1,95371.68,0
10004702,Customer_4702,792,France,Male,62,7,163152.21,1,1,0,180489.3,1
10004703,Customer_4703,416,France,Male,41,7,193696.56,1,1,0,133004.88,0
10004704,Customer_4704,424,France,Female,73,8,187085.23,3,1,1,140660.48,1
10004705,Customer_4705,394,Germany,Female,78,1,26349.1,2,0,1,158495.65,1
10004706,Customer_4706,609,Germany,Female,30,3,90758.76,2,1,1,181641.75,0
10004707,Customer_4707,503,Spain,Female,73,1,65991.78,2,1,1,24970.42,0
10004708,Customer_4708,504,France,Male,32,3,134559.67,1,1,1,118046.41,0
10004709,Customer_4709,779,France,Male,28,2,15354.02,2,1,0,177947.63,0
10004710,Customer_4710,712,Spain,Male,29,6,190616.01,2,0,1,155180.28,0
10004711,Customer_4711,797,France,Male,20,4,26631.83,2,1,0,49796.63,0
10004712,Customer_4712,824,France,Female,41,6,67850.51,1,1,0,174922.65,0
10004713,Customer_4713,583,Spain,Female,26,1,195685.38,1,1,1,58828.46,1
10004714,Customer_4714,400,Spain,Male,63,3,12890.0,1,0,1,82183.75,1
10004715,Customer_4715,655,France,Male,88,5,165050.27,1,1,1,37137.01,1
10004716,Customer_4716,611,Spain,Female,77,4,231119.57,2,0,0,177046.59,0
10004717,Customer_4717,664,Germany,Male,28,10,154409.45,1,1,1,18612.89,0
10004718,Customer_4718,474,Spain,Male,27,1,178164.37,1,1,1,198821.84,0
10004719,Customer_4719,748,Spain,Female,20,6,198066.72,2,0,1,65743.49,0
10004720,Customer_4720,594,France,Male,36,1,55561.58,1,1,0,142164.93,1
10004721,Customer_4721,379,Germany,Female,19,8,145240.98,1,1,0,25754.84,0
10004722,Customer_4722,775,France,Male,34,6,77264.18,3,1,0,97578.24,0
10004723,Customer_4723,834,France,Female,19,2,62373.84,2,1,1,8036.96,0
10004724,Customer_4724,471,Spain,Female,70,5,48114.1,2,1,0,175681.25,1
10004725,Customer_4725,474,Germany,Male,33,4,146357.65,2,1,1,89291.96,1
10004726,Customer_4726,386,Germany,Male,27,8,198632.98,1,1,0,148553.64,1
10004727,Customer_4727,519,Spain,Male,85,2,218972.27,1,1,0,178904.07,0
10004728,Customer_4728,473,Spain,Male,60,1,107146.49,1,0,0,13729.3,0
10004729,Customer_4729,706,Spain,Male,75,1,93224.75,1,1,0,102293.61,1
10004730,Customer_4730,384,France,Female,77,3,171826.73,2,0,1,37917.14,1
10004731,Customer_4731,436,France,Female,41,0,195089.81,1,1,0,13811.65,0
10004732,Customer_4732,483,France,Female,33,8,63329.83,1,1,0,124410.78,0
10004733,Customer_4733,545,France,Male,26,2,74322.72,2,1,1,22829.1,0
10004734,Customer_4734,623,France,Female,23,4,133348.33,1,1,1,98392.61,0
10004735,Customer_4735,550,Germany,Male,82,1,111096.42,4,0,1,39392.52,0
10004736,Customer_4736,718,Germany,Female,41,7,176446.93,1,1,1,39553.1,0
10004737,Customer_4737,634,Spain,Female,27,10,126121.25,2,1,1,104604.1,0
10004738,Customer_4738,426,Germany,Female,90,10,27899.78,2,1,1,111082.83,0
10004739,Customer_4739,408,Germany,Female,44,2,41488.3,2,1,1,706.82,0
10004740,Customer_4740,780,France,Male,20,4,225477.21,1,1,1,100159.34,0
10004741,Customer_4741,475,France,Male,55,6,56849.59,1,0,1,133953.69,0
10004742,Customer_4742,849,France,Female,90,1,12521.52,1,0,0,135705.89,1
10004743,Customer_4743,750,Spain,Male,91,2,182863.64,2,1,0,169977.68,1
10004744,Customer_4744,458,France,Male,90,7,171002.79,2,1,1,179061.23,0
10004745,Customer_4745,573,Germany,Female,34,9,150019.0,2,1,0,124576.44,0
10004746,Customer_4746,845,Germany,Female,65,7,125564.04,1,1,1,96372.1,0
10004747,Customer_4747,627,France,Male,66,2,242395.09,1,1,0,40830.08,1
10004748,Customer_4748,417,France,Male,60,9,29958.07,1,0,0,25361.85,0
10004749,Customer_4749,418,France,Male,24,6,127540.7,2,1,1,121824.23,0
10004750,Customer_4750,514,France,Female,85,10,141011.24,2,1,0,189317.21,1
10004751,Customer_4751,838,Spain,Male,91,1,5623.23,1,0,1,55650.92,0
10004752,Customer_4752,654,Germany,Female,38,8,102998.11,2,1,0,19900.58,0
10004753,Customer_4753,746,Germany,Female,42,7,195700.53,1,0,1,84778.64,0
10004754,Customer_4754,511,Spain,Male,78,8,117774.69,2,1,1,107.51,0
10004755,Customer_4755,714,Germany,Male,45,8,218819.61,1,1,0,110719.81,0
10004756,Customer_4756,691,Spain,Male,69,6,161199.73,2,1,0,9906.31,1
10004757,Customer_4757,658,France,Female,30,3,191521.34,2,0,1,186193.88,0
10004758,Customer_4758,728,Germany,Male,51,4,201120.03,1,1,1,173988.03,0
10004759,Customer_4759,692,France,Female,84,6,172375.06,1,0,1,22990.07,1
10004760,Customer_4760,784,France,Male,21,4,187345.17,1,0,0,29388.69,0
10004761,Customer_4761,736,France,Male,61,9,173827.63,1,1,1,190690.01,0
10004762,Customer_4762,391,Germany,Female,32,7,137615.94,3,0,1,162712.59,0
10004763,Customer_4763,703,France,Male,25,4,141633.24,1,0,1,188405.55,0
10004764,Customer_4764,765,France,Female,22,4,47471.2,1,1,1,66907.6,0
10004765,Customer_4765,458,Spain,Male,83,4,206859.81,2,0,0,22201.23,0
10004766,Customer_4766,400,Spain,Female,90,3,78034.33,1,1,0,123081.6,0
10004767,Customer_4767,599,Germany,Female,63,10,133934.22,1,1,1,193341.4,0
10004768,Customer_4768,846,Spain,Female,82,10,62386.39,1,0,0,26002.29,0
10004769,Customer_4769,690,Spain,Male,83,6,173966.24,2,1,0,163780.94,1
10004770,Customer_4770,779,Germany,Male,43,1,243792.24,2,1,1,71929.62,1
10004771,Customer_4771,732,France,Male,48,9,200485.06,2,1,0,23111.4,0
10004772,Customer_4772,841,Spain,Male,68,3,154773.87,1,1,1,91813.39,1
10004773,Customer_4773,370,Germany,Female,58,10,141876.63,1,1,0,97752.3,1
10004774,Customer_4774,649,France,Male,68,2,122442.81,2,1,1,1827.59,0
10004775,Customer_4775,488,France,Male,36,9,51242.86,2,0,1,94895.78,0
10004776,Customer_4776,708,France,Female,90,7,87002.51,3,0,1,129499.49,1
10004777,Customer_4777,673,Spain,Female,20,6,101598.52,1,1,0,152934.92,0
10004778,Customer_4778,848,France,Female,55,2,236142.27,1,1,0,19721.41,0
10004779,Customer_4779,734,Spain,Male,87,3,106395.71,1,1,1,175308.92,1
10004780,Customer_4780,441,Spain,Male,62,3,146547.59,1,1,1,33558.33,1
10004781,Customer_4781,796,Germany,Male,88,9,230606.14,1,1,0,131661.16,1
10004782,Customer_4782,629,Germany,Male,58,6,129606.6,1,0,0,110531.42,0
10004783,Customer_4783,474,France,Male,42,7,62862.44,2,1,0,176003.04,0
10004784,Customer_4784,832,France,Female,67,3,95251.53,2,1,0,7739.62,0
10004785,Customer_4785,746,France,Male,18,7,93884.8,1,0,1,38321.42,0
10004786,Customer_4786,460,Spain,Male,71,0,178679.39,1,1,1,24402.81,0
10004787,Customer_4787,703,France,Male,30,8,74030.18,3,0,1,65517.63,0
10004788,Customer_4788,488,France,Male,57,6,182572.14,1,0,0,67776.97,1
10004789,Customer_4789,833,France,Male,38,3,222310.68,2,1,1,17732.52,0
10004790,Customer_4790,784,Spain,Male,58,7,84018.25,2,1,1,102870.33,1
10004791,Customer_4791,622,France,Male,78,9,33835.28,1,1,0,23258.35,0
10004792,Customer_4792,448,Spain,Male,50,1,159638.59,2,1,0,14880.24,1
10004793,Customer_4793,601,France,Male,90,7,90213.62,2,1,1,6645.06,0
10004794,Customer_4794,687,Germany,Female,46,9,133496.54,1,0,1,185829.16,1
10004795,Customer_4795,453,France,Male,72,5,158541.41,2,0,1,79354.39,0
10004796,Customer_4796,563,Germany,Male,49,6,101935.74,2,0,1,56745.15,0
10004797,Customer_4797,598,Germany,Female,28,6,231173.61,2,1,0,96460.5,0
10004798,Customer_4798,501,France,Male,69,1,99903.66,2,0,0,31547.46,0
10004799,Customer_4799,599,Germany,Female,53,10,76843.58,1,1,0,81238.06,0
10004800,Customer_4800,624,Germany,Female,48,1,221418.81,1,1,1,38118.03,0
10004801,Customer_4801,514,Germany,Male,31,3,34075.43,1,0,1,60886.2,0
10004802,Customer_4802,836,Spain,Female,80,5,31052.23,1,1,1,184844.0,0
10004803,Customer_4803,690,France,Female,69,3,233924.55,1,0,0,29749.17,0
10004804,Customer_4804,357,Germany,Male,71,5,52242.1,1,1,1,94774.76,0
10004805,Customer_4805,633,Spain,Female,67,4,37109.35,1,0,1,132175.57,1
10004806,Customer_4806,354,Spain,Male,71,5,133792.08,1,1,0,183600.34,1
10004807,Customer_4807,494,Spain,Male,90,8,11697.12,2,1,1,184603.01,0
10004808,Customer_4808,450,France,Female,52,5,155003.75,1,0,1,49460.06,0
10004809,Customer_4809,513,Spain,Female,47,5,113232.7,2,1,1,188631.57,0
10004810,Customer_4810,723,Germany,Female,72,10,160102.99,2,1,0,66285.22,1
10004811,Customer_4811,496,France,Male,18,10,70984.23,2,1,1,178985.43,0
10004812,Customer_4812,413,Spain,Male,32,7,226368.05,2,1,1,18650.74,0
10004813,Customer_4813,440,Germany,Female,42,4,67645.18,2,1,1,39678.93,0
10004814,Customer_4814,466,France,Male,37,4,159391.17,2,1,0,15809.66,0
10004815,Customer_4815,703,France,Female,88,9,236272.96,1,0,0,59813.09,1
10004816,Customer_4816,616,Spain,Male,33,10,100202.32,1,1,1,174771.98,0
10004817,Customer_4817,659,France,Male,69,0,40356.63,2,1,0,31863.21,0
10004818,Customer_4818,522,France,Male,82,5,17095.62,1,1,1,44977.83,0
10004819,Customer_4819,396,France,Male,87,0,240754.5,1,1,0,43245.79,1
10004820,Customer_4820,489,France,Female,18,10,190925.37,2,0,1,54947.62,0
10004821,Customer_4821,595,Spain,Male,33,7,229738.02,1,1,1,3746.95,0
10004822,Customer_4822,498,France,Female,44,9,174708.26,2,1,1,84775.83,1
10004823,Customer_4823,595,Germany,Male,35,8,85612.13,1,0,0,195258.89,0
10004824,Customer_4824,744,Spain,Male,61,5,30754.15,2,1,1,89623.02,1
10004825,Customer_4825,836,Germany,Female,67,8,232326.71,3,1,0,162670.07,1
10004826,Customer_4826,825,France,Male,91,1,122404.76,2,1,0,114290.62,1
10004827,Customer_4827,354,Spain,Female,31,8,99127.25,2,1,1,2987.42,0
10004828,Customer_4828,814,France,Female,69,3,144448.02,2,1,0,117106.14,1
10004829,Customer_4829,533,France,Female,67,2,26639.83,2,1,1,189303.3,0
10004830,Customer_4830,369,Germany,Male,34,0,77300.95,1,1,0,110707.02,0
10004831,Customer_4831,774,Spain,Female,20,0,159469.03,2,1,1,105591.78,1
10004832,Customer_4832,395,Spain,Female,79,7,25030.74,1,1,1,134048.72,1
10004833,Customer_4833,361,Spain,Male,38,1,33810.69,1,1,0,174178.97,0
10004834,Customer_4834,419,Spain,Female,50,0,127646.97,1,1,0,112956.06,0
10004835,Customer_4835,366,Spain,Male,18,1,155864.28,2,0,0,81293.78,0
10004836,Customer_4836,720,Spain,Male,87,2,46750.43,1,1,0,7426.62,1
10004837,Customer_4837,496,France,Male,73,3,8271.16,2,1,0,22222.87,1
10004838,Customer_4838,503,France,Female,21,10,239591.72,1,1,1,129748.14,0
10004839,Customer_4839,653,Germany,Female,39,8,6873.16,1,1,1,123791.9,0
10004840,Customer_4840,457,Germany,Male,75,6,513.01,3,1,1,47813.86,1
10004841,Customer_4841,585,France,Male,61,4,80835.14,1,1,1,143787.69,0
10004842,Customer_4842,657,France,Female,74,4,55613.29,1,0,1,55941.07,1
10004843,Customer_4843,701,France,Male,57,5,143396.59,1,1,0,61002.49,0
10004844,Customer_4844,419,Germany,Male,73,0,223552.22,2,1,1,12289.82,0
10004845,Customer_4845,532,Spain,Female,80,5,120276.92,2,1,0,110061.22,0
10004846,Customer_4846,599,Spain,Female,56,10,193325.3,2,1,0,57546.9,1
10004847,Customer_4847,577,Spain,Male,24,5,227306.76,1,1,0,163789.75,0
10004848,Customer_4848,451,Spain,Male,31,10,47349.91,2,1,1,160295.58,0
10004849,Customer_4849,424,France,Female,35,4,122077.72,2,0,0,25698.1,1
10004850,Customer_4850,766,France,Female,72,9,160517.5,2,1,0,32007.88,1
10004851,Customer_4851,795,France,Male,73,8,82970.81,2,1,0,64205.55,1
10004852,Customer_4852,565,Germany,Male,74,9,184938.03,2,1,0,116175.5,0
10004853,Customer_4853,756,France,Male,75,9,176328.74,1,0,1,68510.09,0
10004854,Customer_4854,748,Germany,Male,42,4,105273.57,1,0,1,70058.34,0
10004855,Customer_4855,760,Germany,Female,87,8,21988.44,2,1,0,28021.6,1
10004856,Customer_4856,552,France,Male,20,9,2892.2,1,1,0,67127.0,1
10004857,Customer_4857,541,Spain,Female,38,6,92337.39,1,1,1,94087.14,0
10004858,Customer_4858,598,Germany,Female,49,2,20517.21,1,0,1,196944.03,0
10004859,Customer_4859,848,France,Female,19,10,195406.11,1,1,1,167594.75,0
10004860,Customer_4860,591,France,Female,37,8,83581.45,2,0,1,158598.59,0
10004861,Customer_4861,814,Germany,Male,35,9,166524.57,1,1,1,111968.97,0
10004862,Customer_4862,528,France,Male,71,6,86594.75,2,1,0,72025.01,0
10004863,Customer_4863,786,France,Female,53,3,198984.6,1,0,1,171390.85,1
10004864,Customer_4864,811,Germany,Female,78,8,222103.12,2,1,0,69493.09,1
10004865,Customer_4865,568,Spain,Male,77,5,209378.54,2,1,1,118563.68,0
10004866,Customer_4866,431,France,Female,53,8,121118.39,2,1,1,51443.32,0
10004867,Customer_4867,441,Spain,Male,61,3,20987.9,1,1,0,155284.4,1
10004868,Customer_4868,784,Spain,Male,85,9,92927.78,1,0,0,102911.96,0
10004869,Customer_4869,524,France,Male,83,1,106114.0,1,0,1,179034.86,0
10004870,Customer_4870,588,Germany,Female,61,8,240063.5,1,1,1,113784.77,1
10004871,Customer_4871,609,France,Male,46,9,141374.33,1,1,1,32870.13,1
10004872,Customer_4872,740,France,Male,65,3,160211.56,2,1,1,198589.62,0
10004873,Customer_4873,714,Germany,Female,53,10,195500.9,3,1,0,100398.67,1
10004874,Customer_4874,512,Germany,Female,25,1,142050.62,1,0,0,50149.85,0
10004875,Customer_4875,397,France,Female,22,6,149621.15,1,1,1,65864.0,0
10004876,Customer_4876,678,Spain,Male,64,6,61331.95,2,1,1,24256.5,0
10004877,Customer_4877,677,Spain,Male,60,4,14716.65,2,0,0,14798.22,0
10004878,Customer_4878,465,Spain,Male,27,4,180346.47,1,0,1,90119.3,0
10004879,Customer_4879,778,France,Female,27,7,212171.17,4,0,1,190375.15,1
10004880,Customer_4880,686,Spain,Female,23,5,103000.05,2,0,1,24605.17,0
10004881,Customer_4881,686,France,Female,33,0,137228.61,2,0,0,180545.91,0
10004882,Customer_4882,718,France,Female,77,10,76821.31,2,1,0,159349.12,1
10004883,Customer_4883,574,Spain,Male,43,3,112555.15,1,0,0,161287.43,0
10004884,Customer_4884,701,Germany,Female,38,0,52222.43,1,1,1,141993.86,0
10004885,Customer_4885,677,Germany,Male,75,4,189971.7,1,1,1,118371.62,1
10004886,Customer_4886,496,France,Male,58,4,122977.95,2,1,0,24287.15,0
10004887,Customer_4887,412,France,Male,47,3,136789.14,1,1,1,115135.21,1
10004888,Customer_4888,643,Germany,Female,22,8,9272.02,1,1,1,70402.65,0
10004889,Customer_4889,672,France,Female,27,7,155599.6,1,1,0,21070.71,0
10004890,Customer_4890,792,Germany,Male,28,9,50663.95,1,1,0,160767.75,1
10004891,Customer_4891,674,France,Male,80,2,95848.66,1,1,1,109314.71,0
10004892,Customer_4892,362,Spain,Male,24,4,103178.93,2,0,1,148993.86,0
10004893,Customer_4893,780,Germany,Female,76,5,112183.15,1,1,1,95907.74,0
10004894,Customer_4894,843,Germany,Female,29,4,56859.1,2,1,1,110348.37,0
10004895,Customer_4895,538,Spain,Female,81,7,212527.56,2,0,0,142471.81,1
10004896,Customer_4896,636,Germany,Female,58,4,106962.54,1,1,1,49397.66,1
10004897,Customer_4897,557,France,Male,77,7,153033.61,1,1,1,169411.38,0
10004898,Customer_4898,463,France,Male,89,9,153484.39,2,1,0,84196.04,1
10004899,Customer_4899,829,Germany,Male,45,9,151746.17,1,0,1,141701.08,0
10004900,Customer_4900,371,France,Male,80,2,139829.5,2,1,1,65223.45,0
10004901,Customer_4901,698,Germany,Male,20,4,205656.44,2,1,0,140498.23,0
10004902,Customer_4902,563,France,Male,49,3,203154.45,2,1,1,8714.76,0
10004903,Customer_4903,520,France,Female,38,10,104286.14,2,1,0,185853.14,1
10004904,Customer_4904,672,Germany,Male,72,5,158961.51,1,1,0,157381.29,0
10004905,Customer_4905,403,Spain,Male,35,2,25707.31,2,1,0,132964.8,1
10004906,Customer_4906,743,Germany,Female,70,9,22693.17,1,1,0,64783.87,0
10004907,Customer_4907,647,Spain,Male,78,3,119979.1,1,0,1,168519.24,0
10004908,Customer_4908,669,Spain,Female,67,10,225051.01,1,1,1,153539.75,0
10004909,Customer_4909,475,France,Female,25,3,162499.93,2,0,1,90622.91,0
10004910,Customer_4910,626,France,Male,29,4,167304.11,2,1,0,39498.79,0
10004911,Customer_4911,813,Spain,Female,68,10,39418.33,1,1,1,35111.87,0
10004912,Customer_4912,553,Spain,Male,83,5,113326.11,2,1,1,97644.81,0
10004913,Customer_4913,543,Germany,Male,58,1,100197.74,1,1,0,156684.0,1
10004914,Customer_4914,518,Spain,Male,39,9,195744.59,1,1,1,142896.19,0
10004915,Customer_4915,501,France,Female,26,7,34456.02,2,1,1,98718.43,0
10004916,Customer_4916,384,France,Male,28,3,134797.75,1,1,1,40894.2,0
10004917,Customer_4917,533,Germany,Male,30,6,227837.88,1,1,1,47854.47,0
10004918,Customer_4918,635,France,Female,73,6,223114.97,1,1,1,11537.86,0
10004919,Customer_4919,406,France,Male,45,9,213084.28,1,1,1,35368.28,0
10004920,Customer_4920,571,France,Male,81,10,93746.33,1,0,0,2562.72,0
10004921,Customer_4921,652,France,Female,81,10,235275.17,1,0,1,134902.53,1
10004922,Customer_4922,512,Germany,Male,87,1,201325.13,1,1,1,117652.44,1
10004923,Customer_4923,368,Spain,Female,72,6,212785.33,1,1,1,197591.4,0
10004924,Customer_4924,719,Spain,Female,54,0,233088.45,2,0,0,152557.23,0
10004925,Customer_4925,613,Germany,Female,50,1,234250.32,2,1,1,49256.4,0
10004926,Customer_4926,631,France,Female,42,4,60016.24,1,1,1,141581.68,0
10004927,Customer_4927,462,Germany,Female,40,7,31921.93,2,1,1,2445.22,1
10004928,Customer_4928,837,France,Female,77,6,172718.74,1,1,0,197231.68,0
10004929,Customer_4929,676,France,Female,73,2,140803.49,1,0,1,122891.3,1
10004930,Customer_4930,379,France,Female,80,9,81856.63,2,0,0,23943.72,0
10004931,Customer_4931,484,Spain,Female,25,8,171112.38,2,0,0,99709.36,0
10004932,Customer_4932,416,Spain,Female,34,4,15499.22,1,1,0,188123.52,0
10004933,Customer_4933,414,Germany,Male,74,2,11802.08,1,1,0,169941.67,0
10004934,Customer_4934,641,Germany,Female,79,6,88577.65,1,0,0,59791.51,0
10004935,Customer_4935,374,France,Male,28,3,48461.66,2,0,1,79235.92,0
10004936,Customer_4936,386,Germany,Male,84,0,179639.01,2,1,1,170713.24,1
10004937,Customer_4937,350,Germany,Male,57,4,237005.46,1,1,0,180003.42,0
10004938,Customer_4938,748,France,Female,57,10,165406.85,1,1,1,182920.35,0
10004939,Customer_4939,386,France,Male,73,7,163696.09,1,0,0,189578.48,1
10004940,Customer_4940,490,Spain,Female,70,3,1648.89,2,1,1,100113.91,0
10004941,Customer_4941,581,Germany,Female,45,6,128069.24,1,1,0,172305.33,1
10004942,Customer_4942,485,Spain,Male,59,7,204275.33,1,1,0,69401.85,0
10004943,Customer_4943,738,Spain,Female,63,8,163530.09,1,1,1,167623.13,0
10004944,Customer_4944,537,Spain,Female,35,10,56945.6,1,0,0,69500.12,0
10004945,Customer_4945,477,France,Female,40,8,212118.81,1,1,0,121667.89,0
10004946,Customer_4946,550,France,Male,43,4,241094.18,2,1,1,93698.83,0
10004947,Customer_4947,476,France,Male,46,5,69748.21,1,1,1,178589.02,0
10004948,Customer_4948,606,France,Female,69,6,51773.59,2,1,0,13314.45,0
10004949,Customer_4949,513,Germany,Male,63,9,84631.73,2,1,1,189759.19,1
10004950,Customer_4950,384,Germany,Male,18,1,15789.57,1,1,0,92424.82,1
10004951,Customer_4951,543,Germany,Male,80,8,218358.17,2,1,0,96284.3,1
10004952,Customer_4952,540,France,Female,33,0,232324.87,1,0,0,165565.29,0
10004953,Customer_4953,453,Spain,Male,42,5,158325.76,1,0,1,133240.07,1
10004954,Customer_4954,372,France,Female,79,5,191083.7,3,1,0,190742.5,1
10004955,Customer_4955,614,France,Female,33,6,167162.67,2,1,0,109328.22,1
10004956,Customer_4956,639,Germany,Female,86,1,94338.56,1,0,0,111735.22,0
10004957,Customer_4957,779,Spain,Male,87,5,158010.59,1,1,1,194340.84,0
10004958,Customer_4958,811,France,Male,51,5,209080.04,1,1,1,185288.85,0
10004959,Customer_4959,733,France,Male,70,8,202476.85,1,1,1,41747.3,0
10004960,Customer_4960,609,Germany,Male,40,7,20264.38,1,1,0,61396.58,0
10004961,Customer_4961,763,France,Male,60,4,115650.24,1,0,1,125071.89,0
10004962,Customer_4962,828,France,Male,61,6,99330.37,2,0,0,187875.67,1
10004963,Customer_4963,707,Germany,Female,49,6,188002.19,2,1,0,112676.17,1
10004964,Customer_4964,424,France,Female,40,4,125343.98,1,1,1,146567.53,0
10004965,Customer_4965,704,France,Female,37,6,87425.28,2,0,1,18809.7,0
10004966,Customer_4966,421,France,Male,36,2,176587.44,1,1,1,104530.08,0
10004967,Customer_4967,608,Spain,Female,89,6,118394.63,1,1,1,29529.71,0
10004968,Customer_4968,747,Spain,Male,46,5,64156.01,2,1,0,52134.56,0
10004969,Customer_4969,537,France,Female,35,5,222604.23,2,1,1,33270.08,0
10004970,Customer_4970,810,France,Male,86,1,28261.96,1,0,0,33191.59,1
10004971,Customer_4971,522,France,Female,29,1,4521.93,1,1,0,198341.6,0
10004972,Customer_4972,829,France,Female,27,6,35977.76,3,1,1,59656.79,0
10004973,Customer_4973,639,Germany,Male,54,0,40910.81,2,0,1,113101.76,0
10004974,Customer_4974,394,Germany,Female,72,8,134510.55,1,1,0,4027.86,1
10004975,Customer_4975,410,France,Female,21,2,156216.38,1,0,1,161279.37,0
10004976,Customer_4976,432,France,Male,80,5,112152.78,2,1,1,136049.07,1
10004977,Customer_4977,472,France,Female,29,2,51042.81,1,1,0,45764.19,0
10004978,Customer_4978,707,France,Female,35,8,33047.72,1,1,0,7222.62,0
10004979,Customer_4979,365,France,Female,25,9,123037.99,1,1,0,54924.18,0
10004980,Customer_4980,415,Germany,Female,49,6,141370.77,1,1,0,125720.16,1
10004981,Customer_4981,773,Germany,Female,66,0,75990.34,1,1,1,3051.41,0
10004982,Customer_4982,494,Germany,Female,80,3,55109.99,2,1,0,15081.93,0
10004983,Customer_4983,724,France,Female,76,4,20148.18,1,1,0,81875.96,0
10004984,Customer_4984,511,Germany,Male,84,6,6561.12,2,1,0,35208.89,0
10004985,Customer_4985,583,France,Male,56,6,26434.11,1,1,0,126366.06,1
10004986,Customer_4986,729,France,Female,67,4,185519.85,1,1,0,34940.89,1
10004987,Customer_4987,493,Germany,Female,88,0,86004.66,2,0,0,198723.04,1
10004988,Customer_4988,707,France,Male,43,4,6854.73,3,0,1,87168.78,0
10004989,Customer_4989,537,Germany,Male,40,4,127041.32,2,0,0,29672.7,1
10004990,Customer_4990,671,Germany,Male,80,3,134016.82,1,1,0,14776.99,0
10004991,Customer_4991,799,Spain,Female,83,5,107172.19,1,1,0,84118.45,1
10004992,Customer_4992,823,Spain,Female,56,7,27670.7,2,0,1,161820.54,0
10004993,Customer_4993,362,France,Male,83,9,188741.85,2,1,0,87773.19,0
10004994,Customer_4994,533,Spain,Male,63,4,172270.4,2,1,0,28225.5,0
10004995,Customer_4995,460,Germany,Female,32,7,98682.28,3,0,0,97747.43,1
10004996,Customer_4996,764,Germany,Male,33,4,95203.84,1,0,1,67481.42,0
10004997,Customer_4997,639,France,Female,89,2,38983.78,2,0,0,100379.19,1
10004998,Customer_4998,644,Spain,Male,33,7,188387.34,1,0,1,78234.14,0
10004999,Customer_4999,800,France,Female,56,3,149893.48,2,1,0,129581.69,1
10005000,Customer_5000,741,Spain,Male,28,2,21448.36,2,1,0,160727.07,0
10005001,Customer_5001,564,France,Female,53,2,94515.86,2,0,0,177291.89,1
10005002,Customer_5002,811,Germany,Female,35,5,225890.24,2,0,1,148260.87,0
10005003,Customer_5003,469,France,Female,40,7,113093.65,2,1,1,71011.7,0
10005004,Customer_5004,731,France,Female,66,9,81231.87,2,1,1,89697.67,0
10005005,Customer_5005,404,France,Male,59,4,160946.02,2,1,1,128357.03,0
10005006,Customer_5006,376,France,Male,61,0,50743.09,1,1,0,43974.28,0
10005007,Customer_5007,467,France,Male,18,0,130950.85,4,1,0,140355.84,0
10005008,Customer_5008,570,France,Female,24,2,167380.69,1,1,1,129961.8,0
10005009,Customer_5009,580,Germany,Male,65,5,213719.6,1,1,0,131301.2,1
10005010,Customer_5010,402,Spain,Female,33,1,173126.08,1,0,1,66672.72,0
10005011,Customer_5011,644,Germany,Female,65,0,96102.45,1,1,1,120317.76,1
10005012,Customer_5012,670,France,Female,60,6,191950.04,2,0,0,39555.21,1
10005013,Customer_5013,750,France,Female,68,1,224599.98,1,1,1,37948.11,0
10005014,Customer_5014,582,France,Female,83,7,119440.91,2,1,0,153706.71,0
10005015,Customer_5015,507,Spain,Female,48,1,1125.2,1,1,0,75918.89,1
10005016,Customer_5016,786,Spain,Female,56,10,220229.51,1,0,1,108924.77,0
10005017,Customer_5017,618,France,Female,26,0,41360.5,2,1,0,58556.22,0
10005018,Customer_5018,370,France,Male,58,9,31581.38,2,1,0,47179.41,1
10005019,Customer_5019,752,Spain,Female,80,1,76919.64,2,1,0,155975.77,1
10005020,Customer_5020,402,Spain,Male,31,1,94995.94,1,1,0,158838.49,0
10005021,Customer_5021,624,Spain,Male,75,6,199844.17,2,1,0,167258.83,0
10005022,Customer_5022,662,Spain,Female,91,0,97295.85,1,1,1,170890.65,1
10005023,Customer_5023,630,France,Female,81,2,12205.29,4,0,1,82282.4,0
10005024,Customer_5024,563,France,Male,45,4,158990.42,2,1,1,161795.56,0
10005025,Customer_5025,380,France,Male,21,6,167805.26,2,1,0,69194.08,0
10005026,Customer_5026,686,France,Female,51,5,203555.23,2,1,0,10514.03,1
10005027,Customer_5027,532,France,Female,21,7,99716.52,2,1,0,137870.92,0
10005028,Customer_5028,372,Germany,Male,87,0,21517.77,2,1,1,39800.7,0
10005029,Customer_5029,381,France,Female,75,6,138265.57,2,0,0,90300.45,1
10005030,Customer_5030,795,France,Male,21,8,30249.35,1,1,0,32783.08,0
10005031,Customer_5031,423,France,Female,67,6,4268.83,1,0,0,78313.95,0
10005032,Customer_5032,359,France,Female,22,5,194645.87,1,1,0,176974.53,0
10005033,Customer_5033,833,France,Female,62,8,100852.65,2,0,1,122634.69,0
10005034,Customer_5034,805,Spain,Female,52,3,131251.29,2,1,0,29637.19,0
10005035,Customer_5035,403,Spain,Male,44,9,165712.3,2,1,1,145103.25,0
10005036,Customer_5036,401,France,Female,19,5,100256.92,2,0,1,169570.36,0
10005037,Customer_5037,497,Germany,Male,71,5,12782.9,2,1,1,33287.69,1
10005038,Customer_5038,509,France,Male,89,9,63185.91,1,0,0,148822.14,1
10005039,Customer_5039,719,Germany,Female,65,2,48585.3,1,1,0,109829.98,0
10005040,Customer_5040,363,France,Male,66,6,244348.51,1,1,1,120857.12,1
10005041,Customer_5041,527,France,Male,18,0,184876.36,1,1,1,187805.65,0
10005042,Customer_5042,761,Spain,Male,50,10,112887.5,1,1,1,7322.74,0
10005043,Customer_5043,715,France,Female,52,7,15841.85,2,1,0,127761.88,0
10005044,Customer_5044,849,France,Female,71,7,28962.63,1,1,0,16308.62,1
10005045,Customer_5045,402,France,Male,73,7,203224.89,1,0,0,157919.55,1
10005046,Customer_5046,757,France,Female,32,8,236362.27,3,1,0,179227.88,0
10005047,Customer_5047,684,France,Male,86,3,7837.55,4,1,0,17316.0,1
10005048,Customer_5048,371,Spain,Female,21,5,227599.28,2,1,1,5178.6,0
10005049,Customer_5049,379,Germany,Female,81,10,95140.93,1,1,1,191134.23,1
10005050,Customer_5050,540,Germany,Male,39,6,53408.17,2,0,0,185306.1,0
10005051,Customer_5051,609,France,Male,41,1,25558.09,2,1,0,184750.32,1
10005052,Customer_5052,554,France,Female,64,5,192937.24,1,1,0,187937.7,1
10005053,Customer_5053,408,France,Male,23,7,117227.62,2,1,0,100024.88,0
10005054,Customer_5054,820,France,Male,44,3,208105.95,1,1,1,195380.18,0
10005055,Customer_5055,613,Germany,Male,27,4,56539.29,3,1,1,178463.68,1
10005056,Customer_5056,815,France,Female,56,7,169642.01,2,1,0,19542.56,1
10005057,Customer_5057,361,Spain,Male,91,2,29530.43,1,1,1,162543.87,0
10005058,Customer_5058,468,France,Female,54,5,22437.67,1,1,0,142492.0,0
10005059,Customer_5059,764,France,Male,71,0,33349.96,1,0,1,26829.13,0
10005060,Customer_5060,811,France,Male,68,3,202225.33,2,0,0,147587.48,0
10005061,Customer_5061,639,France,Male,77,5,163904.93,1,1,0,96990.2,0
10005062,Customer_5062,687,France,Female,89,2,41490.97,1,0,0,170766.39,1
10005063,Customer_5063,597,France,Female,68,0,96193.05,1,1,0,163761.38,0
10005064,Customer_5064,703,France,Male,79,5,190921.5,1,0,0,188466.8,0
10005065,Customer_5065,476,Germany,Male,66,2,71418.6,2,1,1,15066.0,1
10005066,Customer_5066,424,Germany,Male,68,7,230315.93,2,0,0,142052.27,1
10005067,Customer_5067,710,France,Male,45,6,228650.7,1,0,1,75421.43,0
10005068,Customer_5068,553,France,Male,53,10,138225.21,1,1,1,155201.19,0
10005069,Customer_5069,398,Germany,Female,42,6,157993.57,2,1,1,120516.85,1
10005070,Customer_5070,428,Spain,Female,53,7,163304.59,2,1,0,99121.67,0
10005071,Customer_5071,790,Germany,Male,77,6,64617.11,1,0,0,857.88,0
10005072,Customer_5072,828,France,Female,24,4,91330.35,1,1,1,121438.09,0
10005073,Customer_5073,590,Germany,Female,82,9,33985.28,1,1,1,84082.45,0
10005074,Customer_5074,698,Germany,Male,90,7,231217.84,1,1,1,66512.81,0
10005075,Customer_5075,503,France,Male,53,7,180962.36,2,1,0,197754.2,0
10005076,Customer_5076,623,Spain,Female,90,10,11589.07,1,1,0,140076.58,0
10005077,Customer_5077,445,France,Female,47,7,137346.86,1,0,1,107982.02,1
10005078,Customer_5078,563,Spain,Male,64,9,85768.43,2,1,0,173745.97,0
10005079,Customer_5079,643,Germany,Female,46,5,203821.97,2,0,1,45428.15,0
10005080,Customer_5080,558,Germany,Male,22,1,85950.02,1,1,1,123985.74,0
10005081,Customer_5081,692,Germany,Female,82,7,161037.53,1,0,1,172186.42,0
10005082,Customer_5082,437,France,Male,86,9,41435.08,2,1,1,24726.77,0
10005083,Customer_5083,655,Germany,Female,80,0,139688.87,1,1,1,47226.22,0
10005084,Customer_5084,613,Spain,Male,73,8,73471.43,2,0,1,16536.53,0
10005085,Customer_5085,774,Germany,Male,34,8,41222.11,1,1,1,198488.76,0
10005086,Customer_5086,739,Spain,Male,68,5,154814.79,1,1,0,116187.17,0
10005087,Customer_5087,674,Spain,Male,54,9,159660.3,1,0,1,97902.77,1
10005088,Customer_5088,777,Spain,Female,26,5,245838.45,1,1,1,67694.32,0
10005089,Customer_5089,726,Germany,Male,55,5,167276.51,1,1,0,89896.09,1
10005090,Customer_5090,669,Germany,Male,70,10,128927.48,2,0,1,155173.88,1
10005091,Customer_5091,506,France,Female,30,3,228155.21,2,0,0,183344.48,1
10005092,Customer_5092,505,Germany,Female,70,0,207070.2,2,1,0,20998.89,0
10005093,Customer_5093,488,France,Male,66,0,137186.57,2,1,1,59933.59,0
10005094,Customer_5094,470,France,Male,87,0,127837.27,2,1,1,37834.53,1
10005095,Customer_5095,414,France,Female,52,4,235492.3,2,1,0,87103.38,1
10005096,Customer_5096,456,Spain,Male,33,6,154281.76,2,1,1,106102.0,0
10005097,Customer_5097,496,Spain,Female,30,0,178444.79,1,1,1,144259.06,0
10005098,Customer_5098,486,Germany,Male,28,0,21669.76,1,0,1,175133.01,0
10005099,Customer_5099,760,France,Female,19,10,179576.41,3,1,1,108431.0,0
10005100,Customer_5100,511,Germany,Male,36,5,66170.46,2,1,0,97759.34,1
10005101,Customer_5101,777,Germany,Female,62,10,28884.48,2,1,1,115155.25,0
10005102,Customer_5102,801,France,Male,63,1,212416.53,2,1,1,177683.27,0
10005103,Customer_5103,449,France,Male,64,1,172797.77,2,1,0,129713.05,1
10005104,Customer_5104,687,France,Male,66,6,101891.08,1,1,1,157476.82,0
10005105,Customer_5105,748,Germany,Female,59,8,107854.18,3,0,0,143901.75,1
10005106,Customer_5106,656,Germany,Female,50,7,49279.43,2,0,1,184702.58,0
10005107,Customer_5107,490,France,Male,58,1,2387.75,2,0,1,163389.52,1
10005108,Customer_5108,432,Spain,Male,86,6,87339.78,1,0,0,68248.08,0
10005109,Customer_5109,526,France,Female,36,4,37103.59,2,1,1,170875.32,0
10005110,Customer_5110,547,France,Female,56,10,105431.7,2,0,0,93495.04,0
10005111,Customer_5111,461,France,Female,24,9,208456.27,2,1,0,169446.22,0
10005112,Customer_5112,405,France,Female,56,3,28688.59,1,1,1,181150.27,0
10005113,Customer_5113,809,France,Male,51,9,22938.4,2,1,1,137057.34,0
10005114,Customer_5114,528,France,Male,61,3,225525.55,1,0,0,143779.71,0
10005115,Customer_5115,770,Germany,Male,86,3,186284.89,2,1,1,28231.12,0
10005116,Customer_5116,750,France,Female,85,8,13267.47,2,1,1,64776.43,0
10005117,Customer_5117,535,Germany,Male,80,6,19892.62,1,1,1,111551.36,0
10005118,Customer_5118,820,Germany,Male,88,6,171231.06,2,1,1,713.99,1
10005119,Customer_5119,567,France,Male,65,3,92586.05,1,1,1,169457.26,1
10005120,Customer_5120,762,Spain,Male,20,8,181043.32,2,0,0,73902.84,0
10005121,Customer_5121,766,France,Male,51,7,101113.52,2,1,1,144682.7,0
10005122,Customer_5122,665,Spain,Male,26,9,241946.67,1,0,1,153862.06,0
10005123,Customer_5123,824,Spain,Female,78,3,173604.15,2,1,1,109621.58,0
10005124,Customer_5124,566,France,Male,37,5,11653.94,2,1,0,158047.61,0
10005125,Customer_5125,469,Spain,Male,57,3,82625.44,4,1,0,136485.06,0
10005126,Customer_5126,788,Spain,Female,29,0,140901.55,1,1,0,71975.95,0
10005127,Customer_5127,743,Spain,Female,45,4,35468.41,2,1,1,163233.23,0
10005128,Customer_5128,524,Germany,Female,65,9,630.08,1,1,0,127215.1,1
10005129,Customer_5129,372,France,Male,91,10,19827.03,2,1,1,32050.19,1
10005130,Customer_5130,562,Spain,Female,24,2,131065.87,2,1,1,154567.32,0
10005131,Customer_5131,754,France,Male,31,0,158063.77,2,0,1,135240.96,0
10005132,Customer_5132,584,France,Male,36,1,23225.84,1,1,1,56938.06,0
10005133,Customer_5133,362,France,Female,71,1,166289.13,3,1,0,168397.36,1
10005134,Customer_5134,450,France,Female,77,7,154281.04,2,1,1,74808.39,0
10005135,Customer_5135,766,Germany,Female,84,3,234974.25,1,1,0,110552.78,0
10005136,Customer_5136,373,Germany,Female,51,2,210168.87,2,1,1,68639.15,0
10005137,Customer_5137,713,Spain,Female,58,3,235810.47,2,0,1,144876.41,0
10005138,Customer_5138,360,France,Female,48,9,241526.91,1,1,1,116239.04,0
10005139,Customer_5139,622,Spain,Female,56,0,110202.13,2,1,0,94064.44,1
10005140,Customer_5140,801,Spain,Male,69,0,121977.67,2,1,0,4074.66,1
10005141,Customer_5141,780,France,Male,64,4,70405.49,2,0,1,121441.24,1
10005142,Customer_5142,630,France,Male,37,6,127108.1,2,0,0,124474.58,0
10005143,Customer_5143,443,Spain,Male,69,8,37678.67,1,1,1,36256.08,0
10005144,Customer_5144,550,Germany,Female,88,6,167857.74,2,1,0,66469.18,0
10005145,Customer_5145,370,Spain,Female,79,10,6233.13,2,0,1,175758.92,0
10005146,Customer_5146,689,Germany,Male,22,4,58906.94,2,0,1,109838.11,0
10005147,Customer_5147,816,France,Male,74,2,52017.92,2,1,1,87022.16,0
10005148,Customer_5148,560,France,Male,21,7,234472.27,1,1,1,187193.05,0
10005149,Customer_5149,489,Germany,Female,28,6,36225.44,2,0,1,162391.17,0
10005150,Customer_5150,642,France,Male,36,3,222693.86,1,0,1,19504.33,0
10005151,Customer_5151,647,Germany,Female,44,0,31089.56,2,0,0,171787.03,0
10005152,Customer_5152,750,Spain,Female,46,2,162674.5,2,1,0,29956.47,0
10005153,Customer_5153,450,Germany,Male,35,10,79971.49,1,1,1,34969.54,0
10005154,Customer_5154,653,Spain,Male,54,7,79000.59,1,1,1,15079.68,1
10005155,Customer_5155,708,France,Male,78,1,249567.78,2,1,1,96275.92,1
10005156,Customer_5156,377,Germany,Female,64,8,56510.71,2,1,1,128941.77,0
10005157,Customer_5157,390,Germany,Female,37,3,50640.02,1,1,1,150745.8,0
10005158,Customer_5158,704,Spain,Female,87,6,147333.69,1,1,0,5355.76,0
10005159,Customer_5159,652,Germany,Female,66,9,185188.1,1,1,1,35581.31,0
10005160,Customer_5160,845,France,Male,32,6,245626.13,1,0,0,124248.71,0
10005161,Customer_5161,495,Spain,Male,35,7,175353.44,3,0,0,105121.92,0
10005162,Customer_5162,605,Germany,Female,55,6,140467.77,2,1,0,10281.22,0
10005163,Customer_5163,811,France,Female,39,10,102282.93,2,1,0,187082.7,0
10005164,Customer_5164,576,Germany,Female,77,3,148778.2,2,1,1,151704.74,0
10005165,Customer_5165,585,Spain,Female,83,6,150208.75,1,0,0,71766.31,1
10005166,Customer_5166,710,Germany,Male,43,4,54427.87,2,0,0,107284.77,1
10005167,Customer_5167,729,France,Male,81,9,167802.14,2,1,0,74858.08,0
10005168,Customer_5168,804,Spain,Female,75,6,51105.95,2,1,1,91063.85,0
10005169,Customer_5169,838,Spain,Female,20,2,122488.71,1,1,0,119241.27,0
10005170,Customer_5170,362,Germany,Male,47,9,64967.38,1,1,0,79700.1,0
10005171,Customer_5171,559,France,Male,36,10,78200.26,2,1,0,124147.74,0
10005172,Customer_5172,578,France,Male,27,6,153469.25,1,1,0,93035.25,0
10005173,Customer_5173,746,Germany,Male,63,6,16121.28,2,1,0,131455.97,0
10005174,Customer_5174,449,Spain,Male,36,1,3008.7,2,1,1,52452.42,0
10005175,Customer_5175,380,France,Female,75,7,32655.0,1,0,1,34247.54,0
10005176,Customer_5176,735,France,Female,23,6,42176.74,2,1,0,2727.31,0
10005177,Customer_5177,365,France,Female,68,8,49468.24,2,1,1,120400.41,1
10005178,Customer_5178,486,Germany,Female,31,3,193482.77,1,1,0,196156.45,0
10005179,Customer_5179,678,France,Male,75,8,111714.49,1,1,1,84083.83,0
10005180,Customer_5180,515,France,Female,25,0,117484.03,1,1,0,42534.29,0
10005181,Customer_5181,808,France,Male,19,4,161083.54,1,0,0,2632.64,0
10005182,Customer_5182,659,Germany,Female,35,9,182277.19,2,1,1,102562.15,0
10005183,Customer_5183,789,France,Female,74,6,877.09,2,1,1,198541.0,0
10005184,Customer_5184,819,France,Male,52,3,214181.33,1,0,1,196755.25,0
10005185,Customer_5185,830,Spain,Male,83,6,247108.71,2,1,0,20280.45,0
10005186,Customer_5186,449,France,Male,73,8,30451.86,2,0,1,163283.42,0
10005187,Customer_5187,458,France,Male,60,4,162770.15,2,1,0,34673.21,1
10005188,Customer_5188,692,Spain,Male,90,4,603.44,2,1,0,161872.4,0
10005189,Customer_5189,522,France,Female,89,1,12257.37,1,0,1,170711.47,0
10005190,Customer_5190,586,Germany,Female,25,4,71250.26,1,1,0,1557.76,1
10005191,Customer_5191,511,France,Male,22,7,211601.02,1,1,0,47460.67,0
10005192,Customer_5192,742,Spain,Male,30,3,163125.23,2,0,1,11320.71,0
10005193,Customer_5193,565,France,Female,24,1,111455.23,2,1,0,99787.44,0
10005194,Customer_5194,613,Spain,Male,38,7,109649.62,3,1,1,5353.94,1
10005195,Customer_5195,612,France,Male,54,3,116513.39,2,0,1,125221.16,0
10005196,Customer_5196,641,France,Female,62,4,77758.28,1,1,1,111670.82,0
10005197,Customer_5197,623,Spain,Male,69,6,219428.63,2,0,0,75885.46,1
10005198,Customer_5198,352,Spain,Male,65,10,141967.28,1,1,1,92366.27,0
10005199,Customer_5199,377,France,Male,79,4,120987.49,2,1,0,198019.1,1
10005200,Customer_5200,675,Spain,Male,68,9,116269.15,1,1,1,33539.68,0
10005201,Customer_5201,841,France,Male,21,3,233956.62,1,1,0,146210.55,0
10005202,Customer_5202,777,Germany,Male,73,6,180915.48,1,0,0,129065.84,1
10005203,Customer_5203,498,France,Male,51,3,36203.64,3,1,1,132743.43,0
10005204,Customer_5204,377,Germany,Female,62,9,109242.54,2,0,1,69150.05,1
10005205,Customer_5205,837,France,Female,33,3,72093.05,1,1,1,43302.69,0
10005206,Customer_5206,659,France,Female,26,1,246717.16,1,0,0,130168.44,1
10005207,Customer_5207,787,France,Male,33,4,103848.93,1,0,0,182545.89,0
10005208,Customer_5208,414,France,Male,48,7,16967.53,1,1,0,195197.76,0
10005209,Customer_5209,705,Spain,Male,30,3,102803.0,1,1,0,96187.75,0
10005210,Customer_5210,370,Spain,Female,22,10,80337.57,2,1,1,85128.65,0
10005211,Customer_5211,601,Spain,Male,64,1,149895.66,2,0,1,69795.63,0
10005212,Customer_5212,584,France,Female,56,8,56519.54,3,1,1,161997.16,0
10005213,Customer_5213,576,France,Male,35,5,8993.41,1,1,1,51088.08,0
10005214,Customer_5214,362,Germany,Female,37,2,23970.09,2,1,1,102610.83,0
10005215,Customer_5215,662,Spain,Female,19,9,70786.9,1,1,1,69018.08,0
10005216,Customer_5216,398,France,Male,57,10,87080.66,1,1,1,175141.53,0
10005217,Customer_5217,467,Spain,Female,47,4,208612.64,1,1,1,56542.72,0
10005218,Customer_5218,403,Spain,Male,27,5,67517.42,3,0,1,137301.01,0
10005219,Customer_5219,487,Spain,Female,81,8,7873.26,3,1,1,117754.22,0
10005220,Customer_5220,402,France,Male,59,4,195183.37,2,1,1,65681.61,0
10005221,Customer_5221,393,France,Male,70,8,217229.39,1,1,1,50964.53,0
10005222,Customer_5222,652,France,Male,70,0,123076.56,2,0,1,160759.82,0
10005223,Customer_5223,402,Germany,Female,57,9,71231.81,2,1,0,102105.56,0
10005224,Customer_5224,423,France,Female,33,3,193034.97,1,0,1,122296.91,0
10005225,Customer_5225,395,France,Male,65,0,2224.6,1,1,0,192417.97,1
10005226,Customer_5226,362,Spain,Female,78,1,231007.06,2,1,1,79609.9,0
10005227,Customer_5227,514,France,Male,55,1,216382.91,2,0,1,162857.84,1
10005228,Customer_5228,451,France,Male,61,9,136208.3,2,1,1,127756.55,0
10005229,Customer_5229,629,Germany,Female,32,10,69395.3,2,0,1,118711.42,0
10005230,Customer_5230,607,Germany,Male,78,4,8211.22,2,1,1,10922.68,0
10005231,Customer_5231,819,Spain,Female,24,0,249955.94,2,0,1,182472.54,0
10005232,Customer_5232,686,France,Male,47,9,190518.43,2,1,1,45728.45,0
10005233,Customer_5233,705,Germany,Male,53,2,84677.47,1,0,1,94643.43,0
10005234,Customer_5234,747,Germany,Male,28,10,4817.99,2,1,0,150405.39,0
10005235,Customer_5235,487,France,Female,87,5,159822.93,1,0,0,104469.93,0
10005236,Customer_5236,512,Spain,Female,46,0,246726.0,1,1,0,878.21,0
10005237,Customer_5237,758,France,Male,23,10,176768.18,1,1,1,189808.16,1
10005238,Customer_5238,736,France,Female,68,0,20928.6,2,0,1,4107.8,0
10005239,Customer_5239,460,France,Female,55,2,100569.59,1,1,1,17992.5,0
10005240,Customer_5240,451,France,Male,90,8,27295.87,2,1,1,44835.06,0
10005241,Customer_5241,366,France,Male,39,1,228040.14,2,1,0,119796.44,0
10005242,Customer_5242,617,Spain,Male,71,5,82603.62,4,1,1,194227.78,0
10005243,Customer_5243,531,France,Male,57,2,183344.13,1,1,0,184532.57,0
10005244,Customer_5244,721,Spain,Female,24,5,21172.59,2,1,1,130271.1,0
10005245,Customer_5245,373,Germany,Male,57,10,32103.67,3,1,1,148340.47,1
10005246,Customer_5246,378,France,Male,41,10,169871.92,1,1,1,142379.66,0
10005247,Customer_5247,520,France,Male,58,6,210869.99,1,1,0,137392.91,1
10005248,Customer_5248,758,Germany,Male,68,6,50362.49,2,1,0,162481.0,1
10005249,Customer_5249,577,Germany,Female,56,1,104584.31,1,1,1,67985.19,1
10005250,Customer_5250,727,France,Female,60,2,154854.26,1,1,0,44232.84,1
10005251,Customer_5251,537,France,Male,86,3,199069.08,4,1,0,69536.47,1
10005252,Customer_5252,695,Spain,Male,76,7,157049.15,2,1,1,9731.22,0
10005253,Customer_5253,579,France,Male,42,4,23856.48,1,0,1,193407.65,0
10005254,Customer_5254,670,Spain,Female,42,0,135704.83,1,0,0,147903.83,0
10005255,Customer_5255,689,Germany,Male,90,8,221151.67,1,1,1,42695.35,0
10005256,Customer_5256,468,France,Male,41,0,217005.93,1,1,1,51166.32,0
10005257,Customer_5257,505,France,Male,79,1,146253.9,1,1,1,198521.78,0
10005258,Customer_5258,621,France,Male,60,6,248924.05,1,0,0,153624.01,0
10005259,Customer_5259,524,Spain,Male,76,10,26280.93,1,1,1,85138.19,0
10005260,Customer_5260,814,France,Female,71,2,119648.84,2,1,1,41338.85,0
10005261,Customer_5261,453,France,Female,43,5,193780.91,2,0,0,8096.19,0
10005262,Customer_5262,441,Germany,Male,71,7,35259.53,1,1,1,133866.16,0
10005263,Customer_5263,535,France,Female,78,4,243187.44,2,1,0,155998.06,1
10005264,Customer_5264,809,France,Female,61,0,88511.64,1,0,1,21558.83,1
10005265,Customer_5265,632,Spain,Male,26,9,87534.94,2,1,0,488.94,0
10005266,Customer_5266,530,France,Male,59,2,53298.58,2,0,1,71492.13,0
10005267,Customer_5267,519,Spain,Male,46,10,72004.37,3,1,1,133493.32,0
10005268,Customer_5268,536,Spain,Female,75,1,144397.23,1,1,0,184760.04,1
10005269,Customer_5269,524,France,Female,80,5,107338.57,1,0,0,175908.64,0
10005270,Customer_5270,571,France,Male,66,4,48344.54,1,1,1,137708.75,0
10005271,Customer_5271,582,France,Male,28,6,202284.99,1,1,0,162812.47,0
10005272,Customer_5272,511,Germany,Female,71,1,15559.83,2,1,0,71179.83,0
10005273,Customer_5273,770,France,Male,47,5,208663.19,2,1,0,49029.25,1
10005274,Customer_5274,483,Spain,Female,83,10,68734.68,3,1,0,24852.11,0
10005275,Customer_5275,740,Germany,Male,82,4,123975.83,1,1,0,36335.43,0
10005276,Customer_5276,829,France,Female,75,5,95266.13,2,0,0,192586.55,0
10005277,Customer_5277,573,Germany,Female,74,4,142650.53,1,0,1,185992.25,0
10005278,Customer_5278,502,France,Male,54,6,198997.5,2,0,1,9394.33,1
10005279,Customer_5279,382,Spain,Female,71,4,247329.95,1,1,0,93993.97,1
10005280,Customer_5280,404,Germany,Male,90,6,76514.79,2,1,1,74673.42,1
10005281,Customer_5281,791,France,Male,86,0,138451.1,1,0,0,130360.29,0
10005282,Customer_5282,356,France,Female,41,8,116501.89,1,0,0,65687.06,1
10005283,Customer_5283,593,Spain,Male,80,5,249732.04,2,1,0,56129.83,1
10005284,Customer_5284,662,Germany,Female,68,8,202228.41,2,1,0,161836.25,1
10005285,Customer_5285,475,Spain,Male,32,0,99270.96,2,1,1,189423.67,0
10005286,Customer_5286,361,France,Female,64,1,119219.76,1,1,1,40567.91,0
10005287,Customer_5287,365,France,Male,90,6,61489.15,1,1,1,47067.44,0
10005288,Customer_5288,557,France,Female,63,3,188811.83,1,0,0,83829.71,1
10005289,Customer_5289,392,Germany,Male,47,9,211302.95,2,1,1,141263.87,0
10005290,Customer_5290,722,France,Male,37,0,241246.71,1,1,1,33421.67,0
10005291,Customer_5291,833,France,Male,74,4,141457.22,2,1,0,93592.53,1
10005292,Customer_5292,810,Germany,Male,66,3,167670.75,2,1,0,168171.52,0
10005293,Customer_5293,484,Germany,Male,73,5,111514.71,2,1,1,46821.75,0
10005294,Customer_5294,577,France,Male,73,6,152282.13,2,0,1,9542.74,1
10005295,Customer_5295,460,France,Female,42,10,87187.26,2,1,0,181366.53,0
10005296,Customer_5296,656,Germany,Male,26,2,184422.28,1,1,1,157508.66,0
10005297,Customer_5297,806,France,Female,39,5,5675.09,1,1,1,139764.81,0
10005298,Customer_5298,509,France,Female,54,1,7114.21,1,0,0,17476.09,1
10005299,Customer_5299,680,France,Male,45,9,179030.22,1,1,0,179867.77,0
10005300,Customer_5300,613,Germany,Female,31,3,232670.7,1,1,1,61060.74,0
10005301,Customer_5301,574,Spain,Female,47,9,158062.23,2,0,1,42306.92,0
10005302,Customer_5302,820,France,Male,56,8,181632.07,1,0,0,97505.4,0
10005303,Customer_5303,566,France,Female,74,6,205983.57,2,0,0,184560.76,1
10005304,Customer_5304,805,Spain,Male,22,1,90418.57,2,1,1,198910.94,0
10005305,Customer_5305,394,Spain,Female,29,5,27028.41,2,1,1,122826.01,0
10005306,Customer_5306,563,Germany,Male,52,3,233273.07,1,0,0,191102.14,0
10005307,Customer_5307,408,Spain,Male,58,7,234642.64,2,1,0,90672.88,0
10005308,Customer_5308,481,Germany,Female,80,7,110460.14,2,1,0,5943.68,0
10005309,Customer_5309,453,Germany,Male,59,0,54292.41,1,0,1,55138.29,0
10005310,Customer_5310,544,France,Male,82,7,223088.6,4,1,1,60373.17,0
10005311,Customer_5311,762,France,Male,82,9,177106.67,1,1,1,156543.91,0
10005312,Customer_5312,838,France,Female,60,6,2057.09,1,1,0,24858.49,0
10005313,Customer_5313,506,Spain,Male,77,0,26929.93,1,1,0,34989.95,1
10005314,Customer_5314,447,Spain,Male,37,2,245799.91,1,0,1,122858.17,0
10005315,Customer_5315,575,Germany,Male,80,4,9532.04,2,1,1,26132.45,1
10005316,Customer_5316,761,France,Female,41,2,70638.75,1,0,1,99108.89,0
10005317,Customer_5317,554,France,Female,89,2,137124.09,2,1,0,7023.93,0
10005318,Customer_5318,428,France,Male,52,0,46088.9,2,1,1,133779.74,0
10005319,Customer_5319,473,France,Male,58,7,58013.52,2,1,1,181675.68,0
10005320,Customer_5320,820,Germany,Male,33,8,88241.87,1,1,0,174980.95,0
10005321,Customer_5321,777,Spain,Female,23,4,67388.57,2,1,1,14733.77,1
10005322,Customer_5322,567,France,Female,37,0,200839.06,1,1,1,118205.3,0
10005323,Customer_5323,353,France,Male,73,0,125068.62,2,1,0,20777.92,0
10005324,Customer_5324,439,Germany,Female,25,8,69655.04,2,1,1,10715.26,0
10005325,Customer_5325,453,France,Male,23,0,78274.01,1,1,0,122081.29,1
10005326,Customer_5326,742,Spain,Male,25,8,9966.24,1,0,1,114496.42,0
10005327,Customer_5327,468,France,Female,79,2,12348.02,2,0,1,18777.04,0
10005328,Customer_5328,482,France,Female,31,2,179476.89,1,1,1,71978.62,0
10005329,Customer_5329,661,France,Female,20,3,28227.71,1,1,0,63337.98,0
10005330,Customer_5330,445,France,Male,19,4,118949.19,1,1,0,68500.01,1
10005331,Customer_5331,817,Germany,Male,39,5,210591.41,1,1,1,66645.46,0
10005332,Customer_5332,783,France,Female,87,5,92113.38,1,1,1,164933.18,0
10005333,Customer_5333,680,France,Female,88,9,86438.06,1,0,0,70728.81,0
10005334,Customer_5334,492,France,Male,23,8,218262.07,2,1,0,66094.26,1
10005335,Customer_5335,637,France,Male,67,0,216212.6,2,1,0,5934.11,1
10005336,Customer_5336,377,France,Female,61,8,220034.2,2,1,0,158083.8,0
10005337,Customer_5337,627,Germany,Female,25,3,142978.49,2,1,1,131979.46,0
10005338,Customer_5338,582,Germany,Female,41,6,238076.07,1,0,0,68293.99,1
10005339,Customer_5339,366,Spain,Female,44,5,204740.99,1,1,0,90374.03,1
10005340,Customer_5340,408,France,Male,70,8,103908.61,2,1,1,158816.9,0
10005341,Customer_5341,439,France,Female,68,1,157388.79,2,0,1,68850.86,0
10005342,Customer_5342,841,France,Female,45,10,30447.27,2,1,1,94679.71,0
10005343,Customer_5343,548,France,Male,76,1,137833.05,1,1,1,3968.09,0
10005344,Customer_5344,711,Germany,Female,86,6,65787.27,2,1,1,183664.34,1
10005345,Customer_5345,790,Spain,Female,90,8,70886.81,2,1,1,74255.17,0
10005346,Customer_5346,375,Germany,Male,42,4,31429.56,1,0,0,59294.43,0
10005347,Customer_5347,374,France,Female,61,6,89549.81,2,1,1,121827.97,0
10005348,Customer_5348,743,France,Female,64,10,120347.58,1,1,1,105344.76,0
10005349,Customer_5349,650,Spain,Female,30,7,150088.61,1,0,0,80191.55,1
10005350,Customer_5350,688,France,Female,70,7,76217.33,1,0,0,184471.36,1
10005351,Customer_5351,616,France,Male,70,3,198062.06,1,1,1,72603.44,0
10005352,Customer_5352,810,Spain,Female,54,9,130239.99,2,0,0,199674.76,0
10005353,Customer_5353,530,Germany,Male,80,6,159513.03,2,0,1,157827.87,1
10005354,Customer_5354,805,Germany,Female,83,0,69535.9,1,1,1,180666.75,0
10005355,Customer_5355,709,France,Male,57,3,203533.97,1,0,0,56559.26,0
10005356,Customer_5356,417,France,Male,78,4,156068.61,1,1,1,14057.9,0
10005357,Customer_5357,844,France,Male,23,9,215587.19,2,0,1,83845.8,0
10005358,Customer_5358,700,Germany,Male,42,6,39987.89,1,1,0,62684.54,1
10005359,Customer_5359,761,France,Male,63,5,95165.82,2,1,0,12144.18,0
10005360,Customer_5360,808,Spain,Male,48,3,28254.05,2,0,0,14306.91,0
10005361,Customer_5361,840,Spain,Female,80,2,53881.83,2,1,0,34862.84,1
10005362,Customer_5362,670,Germany,Female,85,10,98636.88,1,1,1,75565.93,0
10005363,Customer_5363,398,France,Female,56,5,223645.48,1,1,1,187049.04,1
10005364,Customer_5364,524,France,Female,53,9,139260.17,1,1,1,131557.82,1
10005365,Customer_5365,401,Spain,Female,24,4,82594.58,1,0,0,79689.17,0
10005366,Customer_5366,451,Germany,Male,83,2,186724.79,2,1,0,159882.06,0
10005367,Customer_5367,565,Germany,Female,72,3,4920.68,1,1,1,113703.34,0
10005368,Customer_5368,787,France,Female,89,1,92523.05,1,1,1,83496.22,0
10005369,Customer_5369,537,Germany,Male,59,8,150207.92,2,1,0,28882.99,1
10005370,Customer_5370,406,Germany,Female,44,6,145809.33,2,1,0,185408.85,0
10005371,Customer_5371,396,France,Male,19,9,151889.47,1,0,1,124781.71,0
10005372,Customer_5372,508,Germany,Female,87,2,52875.19,2,1,0,87857.82,1
10005373,Customer_5373,838,Spain,Female,21,7,84269.79,2,1,1,87663.49,0
10005374,Customer_5374,523,France,Female,38,7,232891.36,2,1,0,153009.7,1
10005375,Customer_5375,591,France,Male,18,10,243493.88,2,0,0,35899.66,0
10005376,Customer_5376,631,Germany,Male,55,0,78009.59,1,1,0,83514.79,1
10005377,Customer_5377,590,France,Female,77,4,161125.93,2,0,1,12612.66,0
10005378,Customer_5378,719,Spain,Male,31,4,60324.19,2,0,1,15993.79,0
10005379,Customer_5379,354,Germany,Male,34,2,92132.17,2,1,0,105264.49,0
10005380,Customer_5380,433,Spain,Female,90,1,198083.67,1,1,0,76167.77,1
10005381,Customer_5381,657,Germany,Female,64,0,125294.68,1,1,0,143905.42,1
10005382,Customer_5382,710,France,Male,73,3,212397.49,1,1,0,197346.35,0
10005383,Customer_5383,808,France,Male,70,10,157185.06,2,1,0,171886.59,1
10005384,Customer_5384,597,Spain,Male,35,9,157230.3,2,0,0,88385.83,0
10005385,Customer_5385,403,France,Male,86,1,8470.01,1,1,0,75578.38,0
10005386,Customer_5386,510,Germany,Male,65,4,187417.59,1,1,1,117018.21,1
10005387,Customer_5387,783,Spain,Female,26,10,244466.63,1,1,1,18340.17,0
10005388,Customer_5388,771,France,Female,71,9,118257.14,2,1,0,197532.18,0
10005389,Customer_5389,760,France,Female,52,1,39645.0,3,0,0,196198.76,1
10005390,Customer_5390,575,Germany,Male,63,0,244244.42,2,1,0,184591.66,0
10005391,Customer_5391,364,Spain,Female,18,9,72531.47,2,1,0,132443.81,1
10005392,Customer_5392,573,France,Female,58,9,102299.49,1,1,1,100629.49,0
10005393,Customer_5393,410,Spain,Female,90,9,19341.6,3,1,0,141341.16,0
10005394,Customer_5394,471,Germany,Male,49,9,27709.22,2,1,0,62886.24,0
10005395,Customer_5395,626,Spain,Female,57,8,54141.42,1,0,1,170447.46,1
10005396,Customer_5396,395,France,Male,28,1,137116.52,2,1,1,26933.09,1
10005397,Customer_5397,802,France,Female,79,9,139447.3,1,1,1,160697.23,0
10005398,Customer_5398,739,Spain,Male,63,3,151560.96,2,1,1,173497.44,0
10005399,Customer_5399,643,Spain,Female,65,2,145954.24,3,1,0,34042.39,0
10005400,Customer_5400,411,France,Female,60,0,123809.25,1,1,0,95719.85,0
10005401,Customer_5401,435,Germany,Male,68,7,200524.66,2,1,0,178331.7,1
10005402,Customer_5402,795,Spain,Male,78,1,233474.92,2,1,1,191858.75,1
10005403,Customer_5403,559,France,Male,59,10,67440.33,2,0,1,162274.93,0
10005404,Customer_5404,427,Germany,Male,43,7,32548.42,1,0,1,188182.84,0
10005405,Customer_5405,551,Spain,Male,28,0,106271.82,2,1,0,187400.37,1
10005406,Customer_5406,651,France,Female,42,5,6605.59,1,1,0,195944.15,0
10005407,Customer_5407,746,France,Male,57,3,220829.72,1,1,1,82685.92,0
10005408,Customer_5408,572,Spain,Male,42,2,59926.57,1,0,1,57396.36,0
10005409,Customer_5409,571,France,Male,91,0,137324.16,1,1,1,126592.75,1
10005410,Customer_5410,352,France,Male,69,9,28773.75,3,1,0,37779.16,1
10005411,Customer_5411,827,Spain,Female,20,10,138314.33,1,0,1,111407.95,0
10005412,Customer_5412,355,Germany,Female,56,0,9748.36,1,1,0,115862.18,1
10005413,Customer_5413,442,Spain,Female,52,10,192201.67,1,0,1,161289.52,0
10005414,Customer_5414,357,Spain,Male,57,6,238855.37,1,1,1,72365.56,1
10005415,Customer_5415,777,France,Male,39,5,76744.02,1,1,1,120369.53,0
10005416,Customer_5416,842,France,Male,79,2,64553.65,3,1,0,180656.04,0
10005417,Customer_5417,584,France,Male,36,1,111998.74,2,1,0,84356.42,0
10005418,Customer_5418,457,France,Female,31,9,154993.42,2,0,0,114349.37,0
10005419,Customer_5419,510,Germany,Female,67,2,47240.62,2,1,1,157477.56,0
10005420,Customer_5420,558,Germany,Male,79,7,200827.0,2,0,0,49936.8,0
10005421,Customer_5421,589,France,Male,60,10,49633.7,2,1,0,20684.0,0
10005422,Customer_5422,680,France,Female,72,6,1368.55,2,1,1,136363.64,0
10005423,Customer_5423,682,France,Female,57,6,131062.65,1,1,1,74102.5,0
10005424,Customer_5424,399,Germany,Male,29,4,28787.43,2,1,0,76327.65,1
10005425,Customer_5425,360,France,Female,82,9,174559.68,2,0,0,186019.37,1
10005426,Customer_5426,700,France,Female,51,2,41867.5,1,0,0,81581.5,0
10005427,Customer_5427,505,Germany,Male,40,0,204345.1,2,1,1,190736.14,0
10005428,Customer_5428,841,France,Male,88,0,117592.03,1,1,1,21284.1,0
10005429,Customer_5429,419,France,Male,24,5,141569.48,1,1,0,68602.64,1
10005430,Customer_5430,518,Germany,Female,82,3,46646.29,2,1,0,138591.93,0
10005431,Customer_5431,621,France,Male,35,6,36672.02,1,1,0,25209.21,0
10005432,Customer_5432,417,Germany,Female,25,9,157823.12,1,1,0,77415.06,0
10005433,Customer_5433,704,France,Female,59,9,63865.15,3,1,1,170350.69,0
10005434,Customer_5434,601,France,Male,18,9,96481.39,1,1,0,152355.35,1
10005435,Customer_5435,397,France,Male,32,0,119862.29,1,1,1,56428.76,0
10005436,Customer_5436,533,Spain,Female,45,5,57408.4,2,1,1,71297.62,0
10005437,Customer_5437,669,Germany,Male,53,6,198855.95,2,1,1,101021.97,1
10005438,Customer_5438,536,Spain,Female,63,0,234856.1,1,1,0,146260.53,0
10005439,Customer_5439,439,Germany,Male,38,1,107973.29,1,0,0,30384.44,0
10005440,Customer_5440,795,Germany,Male,66,8,229387.1,2,1,1,105535.88,0
10005441,Customer_5441,681,France,Female,56,8,220670.7,1,0,0,14682.49,1
10005442,Customer_5442,488,France,Male,55,5,41511.81,2,0,1,79570.13,1
10005443,Customer_5443,706,France,Female,26,10,43345.49,1,1,0,38207.51,0
10005444,Customer_5444,438,France,Male,37,3,119351.27,2,1,0,61815.73,1
10005445,Customer_5445,623,France,Female,25,6,131464.29,1,1,1,66304.54,0
10005446,Customer_5446,368,France,Male,31,4,85282.43,2,1,1,154027.69,0
10005447,Customer_5447,820,France,Male,79,2,78230.24,1,1,0,53040.22,0
10005448,Customer_5448,660,France,Female,52,3,107841.82,1,1,0,132756.39,0
10005449,Customer_5449,707,France,Male,72,1,172619.82,1,1,1,106660.62,0
10005450,Customer_5450,723,Germany,Male,62,5,21098.41,1,1,0,160847.3,1
10005451,Customer_5451,815,Spain,Male,38,2,177645.5,2,1,0,64321.3,0
10005452,Customer_5452,503,France,Male,70,6,231560.07,2,1,0,198931.51,1
10005453,Customer_5453,739,France,Female,71,3,190876.68,2,1,1,59162.33,0
10005454,Customer_5454,609,France,Male,60,7,47919.21,2,1,1,115913.95,1
10005455,Customer_5455,457,Spain,Female,23,10,21870.3,1,0,0,126447.64,0
10005456,Customer_5456,720,France,Male,72,0,122595.1,1,1,0,107638.75,1
10005457,Customer_5457,634,Germany,Male,61,8,239101.52,1,1,0,171769.64,1
10005458,Customer_5458,408,France,Female,85,2,204764.82,2,1,1,22605.47,1
10005459,Customer_5459,474,France,Male,21,2,140683.41,1,1,1,119457.83,0
10005460,Customer_5460,703,France,Female,80,4,35745.36,3,0,0,101271.93,0
10005461,Customer_5461,622,France,Male,75,9,178459.2,2,0,0,83448.88,1
10005462,Customer_5462,456,Spain,Male,71,0,203249.56,4,1,0,69251.43,0
10005463,Customer_5463,648,France,Female,55,2,233767.28,1,0,0,30585.87,0
10005464,Customer_5464,594,Germany,Male,77,3,153029.06,2,1,0,129998.44,1
10005465,Customer_5465,685,Germany,Female,69,1,128616.45,1,1,1,23551.87,0
10005466,Customer_5466,799,Germany,Male,46,5,154795.51,2,1,0,165860.47,0
10005467,Customer_5467,767,France,Female,57,9,235813.13,3,1,1,89551.24,0
10005468,Customer_5468,596,France,Male,88,3,157031.77,1,0,0,121088.08,1
10005469,Customer_5469,357,France,Female,25,0,64397.96,1,1,1,15571.26,1
10005470,Customer_5470,490,France,Female,52,2,159037.85,1,1,0,18688.56,1
10005471,Customer_5471,711,Germany,Male,33,6,219936.14,3,1,0,47188.46,1
10005472,Customer_5472,357,France,Male,35,2,141750.51,1,0,0,155950.8,0
10005473,Customer_5473,827,Germany,Female,76,5,125674.71,2,1,1,97172.15,1
10005474,Customer_5474,701,France,Male,51,10,183342.31,1,1,0,62179.4,1
10005475,Customer_5475,833,Spain,Female,21,5,165247.17,2,1,1,169894.34,0
10005476,Customer_5476,844,France,Female,86,0,14171.9,1,1,1,38390.98,0
10005477,Customer_5477,443,France,Female,82,1,181327.79,1,1,1,51904.78,1
10005478,Customer_5478,670,Spain,Male,78,9,101887.36,2,1,0,155348.76,1
10005479,Customer_5479,776,France,Male,63,10,235224.57,2,1,0,5419.72,1
10005480,Customer_5480,388,Spain,Male,38,10,242700.75,1,1,0,44071.29,0
10005481,Customer_5481,430,France,Male,55,5,112184.7,2,0,0,104271.9,1
10005482,Customer_5482,536,France,Male,90,1,242198.71,1,0,0,183008.02,1
10005483,Customer_5483,433,Germany,Female,77,1,77705.13,2,0,1,53183.62,0
10005484,Customer_5484,437,Spain,Male,53,3,170661.11,1,0,1,42627.88,0
10005485,Customer_5485,591,France,Female,23,7,18763.68,1,0,1,194983.56,0
10005486,Customer_5486,691,Spain,Female,56,5,36247.34,1,0,0,104908.17,0
10005487,Customer_5487,442,Germany,Female,46,7,216131.48,1,0,0,12512.07,1
10005488,Customer_5488,435,Spain,Male,44,3,223446.01,1,0,0,55306.18,1
10005489,Customer_5489,393,France,Female,86,10,133152.8,1,0,1,106737.56,0
10005490,Customer_5490,486,France,Male,26,2,84943.36,2,1,0,14406.74,0
10005491,Customer_5491,770,Spain,Male,41,6,112755.98,1,1,1,138513.71,0
10005492,Customer_5492,423,Spain,Female,80,6,217406.12,1,1,1,104503.08,0
10005493,Customer_5493,385,France,Female,36,1,52748.36,2,1,1,141947.63,0
10005494,Customer_5494,450,France,Male,47,0,73717.56,2,1,0,68355.57,0
10005495,Customer_5495,825,France,Male,75,10,196360.73,1,0,0,83999.75,0
10005496,Customer_5496,505,Germany,Male,57,7,233817.36,1,1,1,185627.6,1
10005497,Customer_5497,775,France,Female,85,2,23231.84,1,1,1,42145.74,0
10005498,Customer_5498,604,France,Female,49,5,200943.08,2,1,1,7913.53,0
10005499,Customer_5499,520,France,Male,82,6,161267.08,3,1,1,196442.72,1
10005500,Customer_5500,818,Germany,Male,51,7,57692.89,1,0,1,1494.37,1
10005501,Customer_5501,565,France,Female,48,5,188954.3,2,1,0,177650.52,0
10005502,Customer_5502,519,France,Male,76,6,181979.02,1,1,0,165196.61,1
10005503,Customer_5503,601,Germany,Female,43,4,35507.45,1,1,0,97531.53,1
10005504,Customer_5504,709,Germany,Male,39,2,125562.76,2,0,1,141071.62,0
10005505,Customer_5505,671,France,Male,51,1,189572.77,1,0,0,21025.24,0
10005506,Customer_5506,404,France,Male,30,6,47886.03,2,1,0,152735.48,1
10005507,Customer_5507,805,Germany,Female,72,7,115691.51,2,1,1,156754.26,1
10005508,Customer_5508,781,Spain,Male,25,7,30185.28,2,0,0,10278.75,1
10005509,Customer_5509,440,Germany,Male,79,2,76708.73,1,1,1,99453.83,0
10005510,Customer_5510,627,Spain,Male,39,1,54486.23,1,0,0,189630.17,1
10005511,Customer_5511,450,Germany,Female,73,8,126267.78,1,0,1,190228.99,0
10005512,Customer_5512,504,Spain,Female,38,5,35303.83,1,1,1,196903.11,0
10005513,Customer_5513,726,France,Female,66,9,95787.69,2,1,1,131336.79,0
10005514,Customer_5514,698,France,Male,23,2,68790.73,2,1,1,28232.58,0
10005515,Customer_5515,800,France,Female,52,4,186512.23,1,1,1,82584.42,1
10005516,Customer_5516,713,France,Male,44,0,174917.44,3,1,0,145390.34,1
10005517,Customer_5517,490,Germany,Male,57,1,23732.63,2,0,1,56774.66,0
10005518,Customer_5518,522,France,Female,31,8,238370.97,2,0,1,162030.86,0
10005519,Customer_5519,359,Germany,Male,91,9,186170.73,4,1,0,172273.75,1
10005520,Customer_5520,577,France,Male,69,10,153989.67,2,0,1,152712.4,1
10005521,Customer_5521,614,France,Male,57,9,119425.37,1,0,0,68427.78,1
10005522,Customer_5522,787,Spain,Female,60,2,44480.61,2,1,0,148297.39,0
10005523,Customer_5523,597,France,Male,75,7,240503.99,2,1,0,14466.81,1
10005524,Customer_5524,596,France,Male,20,9,1964.59,1,0,1,67051.03,1
10005525,Customer_5525,504,France,Female,32,7,173120.28,1,1,1,153122.83,0
10005526,Customer_5526,383,Spain,Female,62,4,126861.08,1,0,1,158966.44,1
10005527,Customer_5527,848,France,Female,28,7,225645.47,1,0,0,63763.37,0
10005528,Customer_5528,478,Germany,Male,56,1,95174.32,2,1,1,192063.01,0
10005529,Customer_5529,509,France,Male,36,1,129661.1,1,1,0,54663.7,1
10005530,Customer_5530,438,Germany,Male,37,3,185584.85,2,0,0,132005.73,1
10005531,Customer_5531,442,France,Female,88,7,11891.64,2,1,1,175794.08,0
10005532,Customer_5532,676,Germany,Female,73,1,13618.81,2,1,1,110284.74,1
10005533,Customer_5533,590,Spain,Female,21,3,52918.19,1,1,1,82504.76,0
10005534,Customer_5534,672,Germany,Male,26,7,36606.15,2,1,0,42289.93,1
10005535,Customer_5535,817,Germany,Male,42,2,1610.87,3,0,0,39297.0,0
10005536,Customer_5536,753,Germany,Male,64,7,155747.46,1,1,0,31793.5,1
10005537,Customer_5537,466,Germany,Male,66,1,198984.49,1,0,1,88610.14,0
10005538,Customer_5538,443,France,Male,44,0,239278.74,2,0,0,109589.07,0
10005539,Customer_5539,512,Germany,Female,45,5,110225.08,2,1,0,167811.2,1
10005540,Customer_5540,448,France,Female,79,7,69930.16,2,0,0,43478.01,1
10005541,Customer_5541,462,France,Male,33,8,215975.61,3,1,1,151044.22,0
10005542,Customer_5542,708,France,Female,63,9,211098.9,2,1,0,138825.47,1
10005543,Customer_5543,440,France,Male,63,7,156210.8,1,1,1,126907.81,0
10005544,Customer_5544,695,France,Female,57,1,68287.26,1,1,0,67876.61,1
10005545,Customer_5545,555,Germany,Female,51,0,227129.4,1,1,1,63606.18,0
10005546,Customer_5546,366,France,Male,27,6,44600.33,1,1,1,151790.37,0
10005547,Customer_5547,623,France,Female,18,6,10911.63,1,1,1,54914.83,0
10005548,Customer_5548,522,Germany,Female,83,2,199154.57,1,1,0,65951.1,1
10005549,Customer_5549,465,France,Male,34,5,140914.77,2,1,1,193038.74,0
10005550,Customer_5550,698,Germany,Male,64,6,61616.95,1,0,0,199692.89,1
10005551,Customer_5551,817,Germany,Male,41,8,167723.92,2,1,1,353.51,0
10005552,Customer_5552,530,Spain,Male,67,0,191679.13,2,1,0,137356.26,0
10005553,Customer_5553,440,Germany,Male,46,2,211136.49,2,1,0,107105.21,1
10005554,Customer_5554,431,France,Female,89,4,70531.5,2,1,0,92040.01,0
10005555,Customer_5555,673,France,Male,30,2,6396.86,1,1,1,55139.19,0
10005556,Customer_5556,798,France,Female,81,7,127509.71,2,1,0,101435.66,0
10005557,Customer_5557,463,Spain,Female,45,9,214019.65,1,0,0,91321.03,0
10005558,Customer_5558,606,France,Female,22,5,51955.33,2,1,1,80268.81,0
10005559,Customer_5559,407,France,Female,91,1,105281.37,2,1,1,169965.0,0
10005560,Customer_5560,503,France,Female,26,0,64105.18,1,0,0,54137.08,0
10005561,Customer_5561,714,Spain,Female,31,9,3340.66,2,1,0,119499.64,0
10005562,Customer_5562,753,France,Male,27,4,224631.02,2,1,0,172844.49,1
10005563,Customer_5563,465,Spain,Male,50,10,33763.31,2,1,0,195800.54,0
10005564,Customer_5564,692,France,Female,57,8,191691.78,1,1,0,120554.71,0
10005565,Customer_5565,615,France,Female,23,9,86650.81,2,0,1,104012.54,0
10005566,Customer_5566,664,France,Female,34,8,69420.48,1,1,0,168104.75,0
10005567,Customer_5567,552,Spain,Female,53,0,235257.22,1,0,0,37698.25,0
10005568,Customer_5568,390,Spain,Female,87,2,164299.87,2,1,1,126007.22,1
10005569,Customer_5569,454,France,Male,78,5,171730.67,2,0,1,12845.89,0
10005570,Customer_5570,738,France,Female,91,4,189913.23,1,1,0,132007.44,1
10005571,Customer_5571,727,Germany,Female,66,3,85233.33,1,1,1,159164.09,0
10005572,Customer_5572,542,France,Male,86,1,140916.12,2,1,1,12612.52,1
10005573,Customer_5573,750,France,Male,88,3,67555.84,1,1,0,169685.78,0
10005574,Customer_5574,627,France,Male,41,4,208635.38,1,1,1,24681.45,0
10005575,Customer_5575,703,France,Female,68,1,149826.84,1,1,1,35175.81,0
10005576,Customer_5576,586,France,Male,59,9,60851.71,2,1,0,167282.51,0
10005577,Customer_5577,774,France,Female,36,0,224939.6,2,0,0,24950.03,0
10005578,Customer_5578,570,France,Male,79,6,145210.0,2,1,1,134774.63,0
10005579,Customer_5579,417,Spain,Male,84,6,123757.63,1,1,1,58970.61,0
10005580,Customer_5580,546,France,Female,47,7,8621.9,2,1,1,49681.28,0
10005581,Customer_5581,605,Germany,Male,55,9,227450.5,2,1,0,130034.75,1
10005582,Customer_5582,488,France,Male,23,5,238068.48,1,0,1,21362.16,0
10005583,Customer_5583,661,Germany,Male,39,0,140649.66,1,0,1,114929.16,0
10005584,Customer_5584,784,France,Female,28,7,110628.34,2,1,0,184905.35,1
10005585,Customer_5585,498,Germany,Male,89,1,89891.27,1,0,0,170283.3,0
10005586,Customer_5586,448,France,Male,46,2,67012.0,2,0,1,170224.7,0
10005587,Customer_5587,425,Spain,Female,25,7,143632.33,1,0,0,60592.38,0
10005588,Customer_5588,631,France,Male,52,3,32023.76,2,0,1,140259.83,1
10005589,Customer_5589,720,France,Male,89,4,229793.4,2,0,0,156024.05,1
10005590,Customer_5590,752,Spain,Male,89,8,43989.68,1,1,1,180281.98,1
10005591,Customer_5591,458,Germany,Male,62,10,186378.32,2,1,1,52834.67,1
10005592,Customer_5592,537,France,Male,50,6,76721.94,3,0,1,152174.71,0
10005593,Customer_5593,548,Spain,Female,22,9,56517.77,2,1,1,46463.29,0
10005594,Customer_5594,652,France,Female,79,6,139467.29,1,0,1,5568.94,1
10005595,Customer_5595,676,France,Male,54,0,191281.25,2,1,0,96372.62,0
10005596,Customer_5596,503,Spain,Female,34,0,181684.17,2,1,1,153181.04,1
10005597,Customer_5597,389,France,Male,39,7,58439.09,1,0,0,42882.55,0
10005598,Customer_5598,482,Spain,Female,49,9,82625.59,2,1,0,9729.46,1
10005599,Customer_5599,754,France,Male,31,0,217208.05,1,1,1,74764.98,0
10005600,Customer_5600,811,Germany,Male,37,9,180810.94,2,0,0,40584.27,0
10005601,Customer_5601,481,Germany,Male,39,1,178173.48,2,1,1,76424.11,0
10005602,Customer_5602,628,Spain,Male,47,3,67226.27,1,1,0,184167.25,0
10005603,Customer_5603,711,Germany,Female,71,8,198001.08,1,1,0,148783.07,1
10005604,Customer_5604,433,France,Female,50,6,89604.45,1,0,0,74595.71,0
10005605,Customer_5605,748,Germany,Male,22,6,100347.63,2,1,0,65017.28,1
10005606,Customer_5606,591,France,Female,35,9,71890.27,2,0,1,184239.78,0
10005607,Customer_5607,465,Spain,Male,80,6,30347.56,1,0,1,177770.0,1
10005608,Customer_5608,458,Spain,Female,63,4,105098.39,1,1,0,120821.85,0
10005609,Customer_5609,570,France,Male,24,0,4234.88,2,0,1,71524.58,0
10005610,Customer_5610,741,Spain,Male,46,4,113977.56,1,1,1,158469.17,0
10005611,Customer_5611,390,France,Male,74,7,181251.61,2,1,0,132750.41,1
10005612,Customer_5612,717,France,Male,64,6,240186.26,2,0,0,112938.86,0
10005613,Customer_5613,496,France,Male,26,6,19653.29,2,1,0,147713.78,0
10005614,Customer_5614,461,Germany,Female,76,1,70322.68,2,1,0,26902.73,1
10005615,Customer_5615,452,France,Female,88,0,123532.76,2,0,1,186030.46,0
10005616,Customer_5616,395,Spain,Female,88,3,42596.99,2,1,1,194584.46,0
10005617,Customer_5617,761,France,Female,60,7,29207.13,1,0,0,70896.94,0
10005618,Customer_5618,843,Germany,Female,76,0,113079.53,2,1,1,189360.61,1
10005619,Customer_5619,824,France,Female,23,1,145182.63,1,1,1,159168.48,1
10005620,Customer_5620,673,Spain,Female,70,6,205051.93,1,1,1,188206.62,1
10005621,Customer_5621,727,France,Male,81,4,249450.86,2,1,1,183492.57,0
10005622,Customer_5622,620,Germany,Female,21,5,193567.69,2,0,1,40189.17,0
10005623,Customer_5623,832,France,Female,18,7,55335.11,2,1,0,52013.36,0
10005624,Customer_5624,770,Germany,Male,87,8,186994.52,1,0,0,52126.95,1
10005625,Customer_5625,734,France,Male,48,7,134288.41,1,1,0,18869.42,1
10005626,Customer_5626,544,Germany,Female,82,0,112702.39,1,1,1,79544.21,1
10005627,Customer_5627,716,France,Male,86,10,233932.12,2,1,0,72531.38,0
10005628,Customer_5628,629,Spain,Male,36,3,175523.15,2,1,1,68799.55,0
10005629,Customer_5629,632,France,Male,86,4,170423.27,2,1,0,69796.18,1
10005630,Customer_5630,389,France,Male,86,8,2938.99,2,1,1,12424.45,0
10005631,Customer_5631,796,France,Male,66,5,216267.87,1,0,1,37204.0,0
10005632,Customer_5632,538,France,Male,48,5,198325.12,2,1,1,59189.49,0
10005633,Customer_5633,513,France,Male,77,2,74735.47,2,1,1,177796.76,0
10005634,Customer_5634,831,Spain,Female,88,1,73028.35,1,0,1,185306.67,0
10005635,Customer_5635,826,Spain,Male,72,1,13369.62,2,0,1,57049.76,0
10005636,Customer_5636,373,Germany,Male,55,6,12714.11,1,1,0,138835.14,0
10005637,Customer_5637,373,France,Male,50,4,167148.63,2,0,0,170126.07,0
10005638,Customer_5638,839,France,Male,23,9,46559.4,1,1,0,101240.47,0
10005639,Customer_5639,353,Germany,Female,30,0,230886.96,4,0,0,151111.4,1
10005640,Customer_5640,672,France,Female,37,4,210601.11,1,1,1,195173.63,0
10005641,Customer_5641,639,Spain,Male,54,10,87221.29,1,0,1,32452.04,0
10005642,Customer_5642,790,France,Male,62,0,95017.14,3,0,1,14094.03,1
10005643,Customer_5643,782,Spain,Female,90,8,81819.14,1,1,0,128008.64,1
10005644,Customer_5644,820,France,Male,76,7,23098.73,2,1,0,101701.75,0
10005645,Customer_5645,530,Spain,Male,69,3,7857.54,1,1,0,59328.47,1
10005646,Customer_5646,597,France,Male,35,10,113033.29,2,0,1,183318.29,0
10005647,Customer_5647,465,Spain,Female,42,0,235760.03,2,0,1,169167.32,0
10005648,Customer_5648,628,France,Male,18,10,229312.33,2,1,1,52888.36,0
10005649,Customer_5649,714,Germany,Male,58,7,202459.69,1,1,0,154841.16,0
10005650,Customer_5650,418,Spain,Male,35,4,157148.73,2,1,0,165682.79,0
10005651,Customer_5651,700,France,Male,18,0,214055.6,1,1,1,65073.32,0
10005652,Customer_5652,603,France,Female,56,1,128767.13,2,1,1,19839.76,1
10005653,Customer_5653,530,France,Male,91,4,45040.03,1,1,0,170085.33,0
10005654,Customer_5654,667,France,Female,48,8,171042.59,3,1,0,19367.59,0
10005655,Customer_5655,518,France,Male,88,9,230161.51,2,0,0,95727.33,0
10005656,Customer_5656,662,France,Male,55,7,4901.27,1,1,0,38881.84,1
10005657,Customer_5657,598,France,Male,25,10,62861.01,2,1,1,185493.13,0
10005658,Customer_5658,537,Germany,Female,51,9,66359.55,1,1,1,21433.75,1
10005659,Customer_5659,403,Germany,Male,90,7,24759.88,2,1,0,23389.85,0
10005660,Customer_5660,675,France,Male,44,8,56373.56,1,0,1,140349.21,0
10005661,Customer_5661,706,Spain,Female,58,1,95995.52,1,0,0,41119.9,0
10005662,Customer_5662,662,Spain,Male,24,6,234958.86,1,0,1,26481.76,0
10005663,Customer_5663,487,Germany,Female,49,9,215066.44,2,1,0,33647.69,1
10005664,Customer_5664,517,France,Male,90,4,236501.56,1,1,1,119183.71,1
10005665,Customer_5665,740,France,Male,33,2,30142.94,1,1,1,44533.73,0
10005666,Customer_5666,452,Germany,Female,19,9,7012.12,2,1,0,75454.55,0
10005667,Customer_5667,771,Germany,Male,60,7,27470.79,1,1,1,169948.55,1
10005668,Customer_5668,434,France,Female,48,1,228573.91,1,1,1,35143.55,0
10005669,Customer_5669,666,Germany,Male,64,3,39372.16,2,1,0,165257.39,0
10005670,Customer_5670,561,France,Male,50,4,143159.18,2,1,0,155082.74,0
10005671,Customer_5671,352,France,Female,34,4,56895.59,2,1,0,166237.08,1
10005672,Customer_5672,733,Germany,Female,71,3,5158.86,2,0,1,69410.65,1
10005673,Customer_5673,528,Germany,Male,71,2,21155.34,1,1,0,94478.24,1
10005674,Customer_5674,691,France,Male,68,2,177449.26,2,1,1,141404.42,0
10005675,Customer_5675,652,Germany,Male,69,4,45591.61,1,1,1,7496.04,0
10005676,Customer_5676,801,Spain,Female,24,9,57284.8,1,1,1,132756.16,0
10005677,Customer_5677,825,Germany,Female,71,5,94314.13,1,0,1,24028.69,1
10005678,Customer_5678,681,Germany,Male,28,0,164310.39,2,1,1,57622.66,1
10005679,Customer_5679,387,France,Male,79,10,117343.1,2,1,0,161958.94,1
10005680,Customer_5680,848,France,Male,47,3,236152.55,2,1,0,127080.8,0
10005681,Customer_5681,769,France,Male,74,9,108545.55,1,0,1,124375.51,0
10005682,Customer_5682,588,Germany,Female,63,9,49782.73,2,1,1,45391.12,0
10005683,Customer_5683,518,Spain,Male,87,5,134035.71,2,0,0,133579.15,1
10005684,Customer_5684,802,France,Male,83,1,112722.4,1,1,0,26349.8,1
10005685,Customer_5685,746,France,Male,72,9,196784.58,2,1,1,192959.31,0
10005686,Customer_5686,692,France,Male,75,4,233780.31,2,1,1,50547.54,0
10005687,Customer_5687,663,France,Male,27,10,209073.81,1,0,0,165351.47,0
10005688,Customer_5688,655,Spain,Female,21,8,97259.93,1,1,0,184031.14,1
10005689,Customer_5689,379,Germany,Female,91,2,54029.03,2,0,1,34367.48,0
10005690,Customer_5690,539,France,Male,90,2,228622.23,1,1,1,1960.78,0
10005691,Customer_5691,706,Germany,Female,79,8,96484.91,4,0,0,174860.36,1
10005692,Customer_5692,374,Germany,Female,60,2,192551.66,2,0,0,152799.86,0
10005693,Customer_5693,461,Germany,Male,59,3,247381.84,2,1,0,30863.18,0
10005694,Customer_5694,760,France,Male,41,8,144360.67,1,0,0,166077.38,0
10005695,Customer_5695,784,France,Male,22,3,119970.12,1,0,1,162096.03,0
10005696,Customer_5696,555,France,Male,85,4,174967.7,2,1,1,92260.75,0
10005697,Customer_5697,534,Spain,Female,62,1,48482.75,1,1,1,189365.26,0
10005698,Customer_5698,731,Germany,Male,76,7,122059.93,1,1,1,116426.46,1
10005699,Customer_5699,845,Germany,Female,82,8,78082.69,1,0,0,88582.14,0
10005700,Customer_5700,728,France,Female,80,9,41056.97,1,1,1,2657.93,1
10005701,Customer_5701,396,France,Male,84,3,152534.14,1,1,0,190556.05,0
10005702,Customer_5702,723,France,Female,66,2,143926.52,1,1,1,25683.31,0
10005703,Customer_5703,577,Spain,Male,49,3,190300.9,2,1,0,59245.44,1
10005704,Customer_5704,388,France,Male,67,6,218242.53,2,1,0,145890.38,1
10005705,Customer_5705,365,France,Female,75,0,55094.0,2,1,0,1080.13,1
10005706,Customer_5706,371,Spain,Male,69,10,194925.66,1,1,1,108522.81,0
10005707,Customer_5707,562,Germany,Male,40,10,91846.29,2,1,0,31790.72,0
10005708,Customer_5708,659,Spain,Female,47,1,157201.4,2,1,0,4518.42,1
10005709,Customer_5709,498,France,Female,87,9,212560.01,2,1,1,128337.11,0
10005710,Customer_5710,805,Germany,Male,88,4,64046.28,2,1,1,120600.01,0
10005711,Customer_5711,590,France,Male,47,8,150240.32,2,1,0,146861.87,1
10005712,Customer_5712,621,Spain,Male,54,5,120079.72,1,1,0,123648.51,1
10005713,Customer_5713,408,France,Female,65,2,197644.32,1,1,1,88403.51,0
10005714,Customer_5714,636,France,Male,49,2,174310.32,1,1,0,95729.84,1
10005715,Customer_5715,775,Spain,Female,87,6,192407.96,1,1,1,44033.16,0
10005716,Customer_5716,551,Germany,Female,52,2,71985.78,2,0,1,16754.59,0
10005717,Customer_5717,381,Germany,Female,85,9,176089.07,2,1,1,172171.75,0
10005718,Customer_5718,792,France,Female,49,2,151451.47,2,1,1,138266.07,0
10005719,Customer_5719,511,France,Female,76,9,114170.11,1,0,1,24593.22,0
10005720,Customer_5720,604,Germany,Male,52,6,94585.92,2,1,0,52855.46,1
10005721,Customer_5721,603,Germany,Male,33,8,82900.01,1,0,0,172647.21,0
10005722,Customer_5722,358,Spain,Female,69,8,2418.59,1,1,0,191966.74,1
10005723,Customer_5723,814,Germany,Female,83,2,42389.64,2,1,1,158230.88,0
10005724,Customer_5724,488,France,Female,23,7,14744.55,2,1,1,113995.92,0
10005725,Customer_5725,829,Spain,Male,31,0,212089.39,2,0,0,173830.9,0
10005726,Customer_5726,359,France,Female,46,7,215022.22,1,1,1,125366.1,0
10005727,Customer_5727,563,France,Male,43,10,211548.33,2,0,1,139885.91,0
10005728,Customer_5728,622,France,Female,35,1,204479.94,2,1,1,165391.79,0
10005729,Customer_5729,673,France,Male,21,3,55332.61,2,1,1,70803.34,0
10005730,Customer_5730,397,Spain,Female,74,6,122946.54,3,1,0,156910.08,1
10005731,Customer_5731,785,Germany,Male,70,5,226960.94,1,0,0,41398.8,1
10005732,Customer_5732,460,Germany,Female,42,8,189945.45,1,1,1,38859.2,1
10005733,Customer_5733,502,France,Male,64,7,455.07,2,1,1,162269.83,0
10005734,Customer_5734,472,France,Female,69,1,114856.64,1,1,0,112764.57,0
10005735,Customer_5735,754,France,Female,51,3,2667.55,1,1,1,82785.74,0
10005736,Customer_5736,706,Germany,Female,33,0,70165.26,1,1,0,104695.58,1
10005737,Customer_5737,451,France,Female,53,6,108940.61,1,1,1,195584.27,0
10005738,Customer_5738,590,Spain,Male,45,3,223224.82,1,1,1,178835.64,0
10005739,Customer_5739,670,France,Male,82,7,163596.07,2,1,0,101520.73,0
10005740,Customer_5740,540,France,Female,89,1,90621.14,1,1,1,109442.92,0
10005741,Customer_5741,566,Germany,Male,70,7,122663.73,1,1,1,122850.58,0
10005742,Customer_5742,400,Spain,Female,59,1,204347.37,2,1,0,158167.45,0
10005743,Customer_5743,641,France,Female,36,10,74913.9,2,1,0,174762.11,0
10005744,Customer_5744,430,Germany,Male,61,7,153758.69,2,1,1,29315.19,0
10005745,Customer_5745,838,Spain,Male,47,0,65561.72,2,1,0,125641.78,0
10005746,Customer_5746,732,Spain,Male,91,1,119990.86,1,1,1,45446.33,0
10005747,Customer_5747,437,Germany,Male,61,4,6164.63,1,0,1,124360.13,0
10005748,Customer_5748,543,Germany,Female,44,0,213068.83,2,0,0,34270.69,1
10005749,Customer_5749,453,France,Female,90,4,12087.21,1,1,0,161595.22,1
10005750,Customer_5750,620,Spain,Male,51,4,56090.12,2,0,1,132190.45,1
10005751,Customer_5751,445,France,Male,41,6,83377.97,1,0,1,173200.65,0
10005752,Customer_5752,772,Spain,Female,73,1,156290.28,1,1,0,188888.18,1
10005753,Customer_5753,728,France,Male,24,1,180008.37,1,1,0,186786.18,0
10005754,Customer_5754,547,France,Male,85,5,20112.76,1,1,1,29042.09,1
10005755,Customer_5755,350,Germany,Male,68,10,10866.37,1,1,1,75370.91,1
10005756,Customer_5756,844,France,Female,25,9,199747.47,1,1,0,96624.73,0
10005757,Customer_5757,756,France,Male,73,2,178041.63,3,1,1,157792.03,1
10005758,Customer_5758,727,Germany,Male,75,7,207887.59,2,0,1,2973.75,1
10005759,Customer_5759,516,Spain,Female,86,2,169134.57,2,0,0,185089.93,0
10005760,Customer_5760,475,Germany,Male,25,9,187753.07,2,0,0,81452.66,0
10005761,Customer_5761,662,France,Female,83,3,94759.6,2,1,1,126225.3,0
10005762,Customer_5762,430,Germany,Male,41,6,147546.08,1,1,0,196123.0,0
10005763,Customer_5763,767,France,Male,59,0,201348.09,2,1,0,176532.81,0
10005764,Customer_5764,600,France,Male,71,0,43029.38,1,1,1,72443.14,0
10005765,Customer_5765,518,Germany,Male,33,8,105705.74,2,1,0,96908.01,1
10005766,Customer_5766,826,Spain,Male,21,5,185122.44,1,0,1,153991.38,0
10005767,Customer_5767,422,France,Male,76,4,133159.14,2,1,0,148713.97,1
10005768,Customer_5768,490,Germany,Male,63,1,170414.36,2,1,1,140963.22,0
10005769,Customer_5769,419,France,Male,30,1,73217.3,1,1,0,2149.43,0
10005770,Customer_5770,611,France,Female,54,6,8085.61,2,0,1,39812.04,0
10005771,Customer_5771,689,France,Female,71,5,7286.44,2,0,1,44344.15,0
10005772,Customer_5772,657,Spain,Female,66,7,235695.29,2,1,1,50131.46,0
10005773,Customer_5773,594,Spain,Male,75,2,236135.01,2,1,0,19246.96,0
10005774,Customer_5774,352,Germany,Female,36,2,52820.58,2,1,1,161323.2,0
10005775,Customer_5775,686,Germany,Male,35,4,36866.41,1,1,0,68266.57,1
10005776,Customer_5776,412,Spain,Male,77,9,4534.96,1,1,0,155120.06,0
10005777,Customer_5777,398,France,Male,34,3,57814.21,1,0,0,186305.68,0
10005778,Customer_5778,425,France,Female,28,7,83587.86,1,1,1,62612.4,0
10005779,Customer_5779,717,France,Female,32,5,60310.66,1,0,1,90760.35,0
10005780,Customer_5780,524,Germany,Female,89,7,199346.04,2,0,1,17512.55,0
10005781,Customer_5781,458,Spain,Male,34,6,187357.62,1,0,0,58975.92,1
10005782,Customer_5782,532,France,Female,22,1,20253.54,1,1,1,109253.51,0
10005783,Customer_5783,541,France,Male,78,8,174330.4,2,0,1,36046.63,0
10005784,Customer_5784,414,France,Male,21,10,130146.28,1,1,1,107405.61,0
10005785,Customer_5785,686,Spain,Male,73,5,33041.53,1,0,1,62583.81,0
10005786,Customer_5786,800,France,Male,65,10,184883.86,1,0,1,198009.73,0
10005787,Customer_5787,823,France,Male,65,10,21511.39,1,1,1,75149.29,0
10005788,Customer_5788,620,Germany,Female,52,5,44287.67,3,1,1,7821.82,0
10005789,Customer_5789,449,Germany,Male,50,1,37306.62,2,1,1,94596.67,1
10005790,Customer_5790,381,France,Male,38,8,234758.35,1,0,1,66811.74,0
10005791,Customer_5791,701,France,Male,22,0,174539.0,1,1,1,74012.62,0
10005792,Customer_5792,477,Germany,Female,81,5,102821.48,1,0,1,74113.64,0
10005793,Customer_5793,801,France,Male,86,7,205551.04,2,1,1,176235.34,0
10005794,Customer_5794,751,Spain,Male,38,1,53989.85,3,1,0,99658.43,1
10005795,Customer_5795,718,Germany,Male,91,2,232773.32,1,0,1,50576.42,0
10005796,Customer_5796,688,France,Female,49,9,174249.33,2,1,0,158503.0,0
10005797,Customer_5797,392,France,Male,35,9,139895.16,1,1,0,88695.42,1
10005798,Customer_5798,721,France,Male,75,6,198662.11,2,1,1,29080.51,0
10005799,Customer_5799,768,France,Male,41,10,161195.25,1,1,1,199699.68,0
10005800,Customer_5800,837,Spain,Male,22,0,221777.32,1,1,1,5482.26,0
10005801,Customer_5801,427,Spain,Male,70,4,207288.17,2,1,1,141849.98,0
10005802,Customer_5802,663,France,Female,90,10,49457.63,1,1,1,169512.97,1
10005803,Customer_5803,638,France,Female,72,5,59915.95,2,1,1,70769.77,0
10005804,Customer_5804,619,France,Female,22,9,16274.35,2,0,1,31477.95,0
10005805,Customer_5805,511,France,Female,86,6,55049.73,1,1,1,87317.8,0
10005806,Customer_5806,538,Germany,Male,58,9,85872.22,1,1,0,96501.13,0
10005807,Customer_5807,596,France,Female,24,9,7206.84,1,1,0,199940.71,0
10005808,Customer_5808,737,Spain,Female,18,6,78740.64,1,0,1,3903.92,0
10005809,Customer_5809,565,France,Female,69,2,192886.46,2,1,0,131180.57,1
10005810,Customer_5810,664,Germany,Male,43,6,210081.9,1,1,1,160891.89,0
10005811,Customer_5811,762,Spain,Male,80,0,2218.32,2,0,1,123585.02,1
10005812,Customer_5812,688,France,Female,29,10,1786.76,2,1,1,125990.36,0
10005813,Customer_5813,739,France,Female,87,3,36576.78,1,0,0,175063.54,1
10005814,Customer_5814,726,France,Female,36,6,218144.27,2,1,1,113038.87,0
10005815,Customer_5815,830,France,Female,21,6,117319.51,2,1,1,176318.37,0
10005816,Customer_5816,782,Spain,Female,22,3,245725.52,1,1,0,42045.86,0
10005817,Customer_5817,517,Spain,Male,71,0,221832.87,2,0,1,103229.85,0
10005818,Customer_5818,688,Spain,Male,87,7,222532.03,2,1,1,6729.84,1
10005819,Customer_5819,542,Spain,Female,74,3,32119.11,2,1,0,160698.86,0
10005820,Customer_5820,802,France,Male,69,1,118807.34,1,0,0,155459.36,0
10005821,Customer_5821,632,Spain,Female,35,3,248397.65,2,0,0,107813.05,0
10005822,Customer_5822,685,Spain,Male,81,7,37261.06,2,1,0,79171.27,1
10005823,Customer_5823,739,France,Female,27,7,143558.36,1,0,0,74029.35,0
10005824,Customer_5824,837,France,Female,40,4,86070.0,2,1,0,40230.62,0
10005825,Customer_5825,362,Germany,Male,85,1,96964.54,2,0,1,85584.15,0
10005826,Customer_5826,589,France,Male,69,6,222698.13,2,0,1,60789.51,0
10005827,Customer_5827,669,France,Female,64,2,146975.64,2,1,0,115538.97,1
10005828,Customer_5828,795,Spain,Male,87,5,189694.1,1,1,0,157299.01,0
10005829,Customer_5829,832,Spain,Female,43,8,168308.6,1,0,0,138830.7,0
10005830,Customer_5830,496,France,Male,87,4,132253.92,2,1,0,102796.4,1
10005831,Customer_5831,553,France,Male,60,8,197927.8,1,1,0,189721.3,0
10005832,Customer_5832,429,Spain,Male,86,3,242683.23,2,1,0,39473.61,0
10005833,Customer_5833,728,Germany,Male,80,8,241704.89,1,1,0,127998.57,0
10005834,Customer_5834,392,France,Male,83,0,197363.0,1,1,0,17618.46,1
10005835,Customer_5835,807,Germany,Female,80,3,121832.44,2,0,1,134606.22,0
10005836,Customer_5836,438,Spain,Male,30,10,40789.74,1,0,0,145070.19,0
10005837,Customer_5837,497,Spain,Female,68,0,11117.63,1,1,0,156525.78,0
10005838,Customer_5838,444,France,Female,22,8,57861.24,2,1,1,132755.67,0
10005839,Customer_5839,801,France,Female,64,7,85064.5,2,0,1,24534.02,0
10005840,Customer_5840,777,Spain,Male,53,7,32462.4,2,1,0,8869.01,1
10005841,Customer_5841,500,France,Female,53,6,56191.33,2,0,0,142855.47,0
10005842,Customer_5842,351,Germany,Male,67,8,20886.37,1,0,0,159648.74,1
10005843,Customer_5843,725,France,Male,73,10,130919.24,1,1,1,6538.86,0
10005844,Customer_5844,371,France,Female,36,10,31579.55,1,0,1,29995.82,1
10005845,Customer_5845,720,France,Male,37,2,185692.16,2,1,0,158059.61,1
10005846,Customer_5846,662,France,Female,39,6,83162.44,1,1,0,193566.0,0
10005847,Customer_5847,834,Spain,Female,48,5,168015.68,2,0,1,104112.59,0
10005848,Customer_5848,677,France,Male,79,4,220629.86,1,1,0,30671.67,0
10005849,Customer_5849,356,Spain,Male,61,8,21504.14,2,1,0,64260.14,0
10005850,Customer_5850,555,Spain,Female,85,3,247250.2,1,1,0,156287.04,1
10005851,Customer_5851,789,France,Female,84,2,161310.84,2,1,1,108650.14,0
10005852,Customer_5852,724,Germany,Female,66,10,13341.48,2,1,0,11569.4,1
10005853,Customer_5853,800,France,Male,76,2,78500.56,2,0,0,61691.47,0
10005854,Customer_5854,463,Spain,Male,21,1,221561.29,2,1,1,150560.94,0
10005855,Customer_5855,621,Germany,Male,56,0,149058.4,2,1,1,65163.66,1
10005856,Customer_5856,432,France,Male,24,2,71805.59,2,1,1,86471.8,0
10005857,Customer_5857,528,France,Male,88,7,235123.65,1,1,0,181010.9,1
10005858,Customer_5858,559,Germany,Male,66,5,196813.14,1,0,1,196928.77,0
10005859,Customer_5859,849,Spain,Male,32,1,183884.62,2,1,0,151443.17,1
10005860,Customer_5860,813,France,Female,24,7,222106.78,2,1,0,48033.52,1
10005861,Customer_5861,677,Germany,Female,64,4,192444.99,2,0,0,48637.55,0
10005862,Customer_5862,473,France,Male,85,3,71684.59,2,0,1,60860.84,0
10005863,Customer_5863,830,Spain,Female,62,0,145971.52,2,1,1,32120.28,0
10005864,Customer_5864,462,France,Female,36,0,210571.54,4,1,0,35775.54,1
10005865,Customer_5865,361,Germany,Male,64,3,45212.03,2,0,1,51206.11,0
10005866,Customer_5866,475,France,Male,70,8,40755.82,2,1,1,131981.0,1
10005867,Customer_5867,402,Germany,Male,44,9,39744.06,1,1,0,122498.12,1
10005868,Customer_5868,680,Spain,Male,22,9,48563.82,1,0,0,68187.6,0
10005869,Customer_5869,738,Spain,Male,77,5,25807.7,1,1,0,39342.34,1
10005870,Customer_5870,632,Spain,Male,79,0,209407.25,2,0,1,124808.52,0
10005871,Customer_5871,489,Germany,Female,76,7,204579.56,1,1,1,26184.27,0
10005872,Customer_5872,750,Spain,Female,78,8,37842.25,2,1,0,29258.66,0
10005873,Customer_5873,739,Germany,Male,73,1,176384.29,3,1,0,76680.14,1
10005874,Customer_5874,446,Spain,Female,64,5,156743.89,2,0,0,113478.79,1
10005875,Customer_5875,354,Germany,Female,65,6,69048.57,2,1,1,145660.75,0
10005876,Customer_5876,406,Germany,Male,27,10,56842.11,1,0,0,137399.5,0
10005877,Customer_5877,761,France,Female,49,0,62646.46,1,0,1,75697.21,0
10005878,Customer_5878,683,Germany,Male,82,10,182657.65,1,0,0,130934.27,0
10005879,Customer_5879,418,France,Female,41,4,79829.27,2,0,1,42278.04,0
10005880,Customer_5880,467,Spain,Male,46,10,69489.82,1,1,0,98754.56,1
10005881,Customer_5881,725,Germany,Male,24,10,5620.27,1,1,0,123059.82,1
10005882,Customer_5882,408,Spain,Female,34,4,227059.12,2,1,0,148883.98,0
10005883,Customer_5883,382,France,Female,42,2,188176.04,1,0,1,15927.96,0
10005884,Customer_5884,667,France,Male,53,1,118195.92,2,1,0,20238.14,0
10005885,Customer_5885,399,Spain,Female,78,0,235731.73,2,0,0,14780.69,1
10005886,Customer_5886,717,France,Female,88,5,73383.05,2,0,0,109298.79,1
10005887,Customer_5887,838,France,Male,52,6,168676.26,4,1,0,114015.67,0
10005888,Customer_5888,368,Spain,Male,67,1,76287.59,1,1,1,2213.96,0
10005889,Customer_5889,563,Germany,Male,73,1,78643.11,1,0,0,131343.95,1
10005890,Customer_5890,546,France,Male,82,4,211177.29,1,1,1,152667.51,1
10005891,Customer_5891,728,Spain,Female,58,4,196755.49,2,0,1,23331.71,1
10005892,Customer_5892,799,France,Female,42,2,73526.86,2,1,1,67472.71,0
10005893,Customer_5893,827,Spain,Female,51,2,20347.38,2,1,0,169996.08,1
10005894,Customer_5894,396,France,Female,25,0,89396.03,3,1,0,137443.46,0
10005895,Customer_5895,516,Germany,Male,73,2,190014.38,2,1,0,60936.4,0
10005896,Customer_5896,801,France,Male,47,8,25136.09,2,1,1,148451.41,0
10005897,Customer_5897,638,Germany,Female,85,1,168025.22,2,1,1,177454.75,1
10005898,Customer_5898,490,France,Female,38,0,222440.81,1,1,0,61871.61,0
10005899,Customer_5899,433,Spain,Male,27,8,44806.79,1,1,1,136860.21,0
10005900,Customer_5900,531,France,Male,50,4,215551.08,1,1,1,18693.86,0
10005901,Customer_5901,740,France,Female,21,7,12840.97,1,1,1,11746.93,1
10005902,Customer_5902,428,Germany,Male,40,10,166720.06,1,0,0,117256.02,0
10005903,Customer_5903,564,France,Male,86,3,197759.73,2,1,0,98490.39,0
10005904,Customer_5904,363,France,Female,70,7,111191.53,2,1,0,162019.75,1
10005905,Customer_5905,564,France,Female,22,4,50932.17,2,1,0,156059.07,0
10005906,Customer_5906,752,France,Female,35,5,231182.37,1,1,0,57346.97,1
10005907,Customer_5907,477,France,Female,34,5,4992.22,2,1,0,102457.85,1
10005908,Customer_5908,659,France,Male,75,5,138767.81,2,1,0,151158.0,0
10005909,Customer_5909,826,France,Female,84,1,93212.35,1,0,1,54198.57,0
10005910,Customer_5910,597,Germany,Male,89,9,115264.3,2,1,1,72399.29,1
10005911,Customer_5911,753,Germany,Female,73,9,134141.26,2,0,1,11983.04,1
10005912,Customer_5912,378,France,Male,57,8,133687.16,2,1,0,26107.28,0
10005913,Customer_5913,629,Spain,Female,19,6,50905.92,1,1,0,122048.36,1
10005914,Customer_5914,687,Spain,Female,38,2,169925.58,1,1,1,99355.78,1
10005915,Customer_5915,668,France,Male,69,1,4787.07,1,1,0,33727.28,1
10005916,Customer_5916,551,France,Female,41,3,5296.02,2,1,1,1467.16,0
10005917,Customer_5917,710,Spain,Male,70,7,119621.84,2,0,1,33815.77,0
10005918,Customer_5918,406,France,Male,55,8,135475.72,1,1,1,149930.74,0
10005919,Customer_5919,741,France,Male,37,9,68722.37,2,1,0,18746.43,0
10005920,Customer_5920,567,France,Female,67,1,137918.88,1,1,1,80496.45,1
10005921,Customer_5921,411,Spain,Female,56,5,129027.31,2,1,1,47766.18,0
10005922,Customer_5922,506,France,Male,77,7,87305.14,2,1,0,109884.29,0
10005923,Customer_5923,551,Spain,Male,56,2,162943.66,2,1,1,102315.84,0
10005924,Customer_5924,366,Germany,Female,88,10,239484.3,1,1,0,196590.9,1
10005925,Customer_5925,671,Germany,Male,50,8,122700.67,1,1,0,154578.51,0
10005926,Customer_5926,355,Spain,Female,46,3,196512.69,1,1,1,187666.59,1
10005927,Customer_5927,407,France,Female,91,4,61899.14,2,0,1,115596.3,1
10005928,Customer_5928,674,Germany,Female,27,6,190487.65,2,1,0,147559.16,1
10005929,Customer_5929,761,France,Female,84,10,162226.49,2,1,0,179016.47,0
10005930,Customer_5930,667,France,Male,20,10,159924.44,1,1,0,8224.75,1
10005931,Customer_5931,518,France,Female,48,4,223258.84,2,1,0,183090.97,1
10005932,Customer_5932,802,France,Male,44,3,58337.56,1,1,0,42362.73,1
10005933,Customer_5933,431,France,Male,87,3,92112.53,1,0,1,141006.47,0
10005934,Customer_5934,823,France,Male,44,4,20766.86,2,1,1,154670.67,0
10005935,Customer_5935,817,France,Female,26,2,181529.99,1,1,0,21875.0,1
10005936,Customer_5936,774,Germany,Female,23,8,210966.82,1,1,0,190620.5,1
10005937,Customer_5937,782,France,Male,23,1,101458.38,1,1,0,185312.64,0
10005938,Customer_5938,568,Germany,Female,43,6,89206.7,2,1,0,130914.36,0
10005939,Customer_5939,526,France,Male,60,3,164662.96,1,1,1,31075.12,0
10005940,Customer_5940,553,France,Female,36,7,18897.62,1,1,1,113214.89,0
10005941,Customer_5941,420,France,Male,33,6,73460.47,1,1,1,68836.18,0
10005942,Customer_5942,736,France,Female,40,7,91553.2,1,1,0,186153.63,0
10005943,Customer_5943,615,Germany,Female,46,3,129647.57,2,1,0,81337.68,1
10005944,Customer_5944,447,France,Male,55,10,119142.3,2,0,1,138753.24,1
10005945,Customer_5945,694,Spain,Female,76,1,52170.11,1,1,0,127407.01,0
10005946,Customer_5946,640,Spain,Male,65,6,135196.97,4,1,0,54211.07,0
10005947,Customer_5947,557,France,Female,37,8,231467.17,1,1,1,107104.48,0
10005948,Customer_5948,351,Spain,Female,38,5,6771.97,1,1,1,82002.52,0
10005949,Customer_5949,473,France,Female,45,6,170076.64,2,1,0,74932.43,1
10005950,Customer_5950,629,Germany,Male,67,5,156177.26,2,0,0,172802.59,1
10005951,Customer_5951,423,Germany,Female,50,1,231106.74,1,1,1,27961.13,0
10005952,Customer_5952,515,France,Male,57,8,161336.24,1,1,1,82085.28,0
10005953,Customer_5953,371,France,Female,71,4,156210.68,2,1,1,1361.42,0
10005954,Customer_5954,503,France,Female,27,2,192451.42,3,1,1,52386.18,1
10005955,Customer_5955,776,France,Female,51,3,66951.49,3,1,1,124353.52,1
10005956,Customer_5956,788,Germany,Female,90,3,148933.07,2,1,1,17514.49,0
10005957,Customer_5957,644,France,Male,53,8,129855.28,2,1,1,54244.26,0
10005958,Customer_5958,568,France,Female,91,10,109618.13,2,1,0,176047.08,1
10005959,Customer_5959,506,France,Male,24,4,19871.79,2,1,0,138370.46,1
10005960,Customer_5960,844,Spain,Male,33,1,73157.21,4,0,0,14067.98,1
10005961,Customer_5961,579,France,Female,68,5,69995.43,2,1,0,198476.05,0
10005962,Customer_5962,369,Spain,Female,78,6,181062.74,2,1,0,189028.92,0
10005963,Customer_5963,824,Germany,Male,48,7,230164.03,1,0,1,28347.41,0
10005964,Customer_5964,390,Germany,Female,49,4,57696.81,2,1,0,184374.55,0
10005965,Customer_5965,787,Germany,Male,62,7,18655.98,2,0,1,109993.7,0
10005966,Customer_5966,497,France,Male,44,7,249989.24,1,1,1,185876.98,0
10005967,Customer_5967,457,France,Male,39,3,172801.33,1,1,0,193610.51,0
10005968,Customer_5968,752,Germany,Female,32,6,221617.71,1,0,0,138716.08,1
10005969,Customer_5969,433,Spain,Female,25,8,35969.85,3,0,1,58267.34,1
10005970,Customer_5970,832,Germany,Female,85,9,200192.01,2,0,0,184932.32,0
10005971,Customer_5971,716,France,Male,25,3,203330.94,1,1,0,114700.38,0
10005972,Customer_5972,671,France,Female,33,8,37872.23,1,1,0,68315.54,0
10005973,Customer_5973,763,Spain,Male,65,3,40351.05,2,1,0,92013.53,1
10005974,Customer_5974,658,France,Male,51,0,73862.8,2,1,1,81246.94,0
10005975,Customer_5975,639,France,Female,74,3,54196.86,1,1,1,187058.71,0
10005976,Customer_5976,755,France,Male,22,1,243852.48,3,1,0,163968.59,0
10005977,Customer_5977,672,Spain,Female,61,5,90735.96,2,0,1,6285.62,0
10005978,Customer_5978,483,France,Female,88,7,190326.6,2,0,0,1982.02,0
10005979,Customer_5979,556,France,Male,54,5,201262.7,2,1,0,13885.17,1
10005980,Customer_5980,632,Germany,Female,45,8,96485.22,1,1,1,122081.66,0
10005981,Customer_5981,615,France,Female,85,5,170646.39,2,0,1,162897.99,1
10005982,Customer_5982,422,Spain,Male,55,10,26950.04,2,0,0,102995.03,1
10005983,Customer_5983,830,Germany,Female,63,6,99240.51,3,0,1,106949.36,0
10005984,Customer_5984,701,France,Female,90,4,241827.67,1,1,1,48092.85,0
10005985,Customer_5985,397,Spain,Male,43,7,42132.66,2,0,1,91864.41,0
10005986,Customer_5986,675,Spain,Male,70,1,96427.83,2,0,1,51377.39,0
10005987,Customer_5987,582,France,Female,80,1,197630.38,2,1,0,54810.56,1
10005988,Customer_5988,792,France,Female,80,10,166355.81,2,0,1,78238.68,0
10005989,Customer_5989,449,Spain,Male,55,7,157879.65,1,0,0,9519.48,0
10005990,Customer_5990,408,France,Male,32,5,213314.36,1,1,0,190992.17,0
10005991,Customer_5991,607,Spain,Female,26,1,7273.46,1,1,1,182853.47,0
10005992,Customer_5992,762,Spain,Male,39,5,192791.09,1,1,1,159255.29,0
10005993,Customer_5993,801,France,Male,87,10,220637.26,2,1,0,113706.97,0
10005994,Customer_5994,414,Spain,Female,73,7,4043.62,1,0,0,162607.15,1
10005995,Customer_5995,432,France,Female,54,5,139740.74,1,1,1,194827.82,1
10005996,Customer_5996,503,Germany,Male,74,8,87147.12,2,1,1,56724.66,0
10005997,Customer_5997,822,France,Male,77,5,12690.68,2,0,1,72862.02,1
10005998,Customer_5998,615,Spain,Male,29,2,104437.03,2,0,1,145812.15,0
10005999,Customer_5999,658,Germany,Male,24,8,161007.54,2,0,1,128577.01,0
10006000,Customer_6000,428,Germany,Male,83,9,229753.41,1,1,1,164965.7,1
10006001,Customer_6001,664,Spain,Male,58,4,155132.62,1,1,1,69403.28,1
10006002,Customer_6002,499,Germany,Male,41,5,214185.77,1,1,1,62118.1,0
10006003,Customer_6003,784,France,Male,42,3,30392.88,2,0,1,117087.98,0
10006004,Customer_6004,397,Spain,Female,79,2,52630.29,1,1,1,29180.96,0
10006005,Customer_6005,754,Germany,Male,61,9,242573.22,1,1,1,7925.54,1
10006006,Customer_6006,728,Spain,Male,19,4,221850.17,1,1,1,48835.46,0
10006007,Customer_6007,597,Spain,Male,59,2,58806.74,1,1,1,31674.16,0
10006008,Customer_6008,627,France,Male,50,1,155243.47,1,1,1,1345.97,0
10006009,Customer_6009,705,France,Female,34,5,90658.19,2,1,0,155604.2,0
10006010,Customer_6010,447,France,Male,80,7,117149.63,3,1,1,108647.33,0
10006011,Customer_6011,763,Germany,Female,39,2,215219.54,1,1,0,133794.25,0
10006012,Customer_6012,374,France,Male,18,5,183928.15,1,1,0,32619.32,0
10006013,Customer_6013,842,Spain,Female,87,10,59610.64,2,1,1,51346.57,0
10006014,Customer_6014,633,France,Male,71,8,78998.27,1,1,0,12032.81,0
10006015,Customer_6015,798,France,Male,31,0,72427.61,2,1,1,199494.79,0
10006016,Customer_6016,718,France,Male,70,2,195165.69,1,1,1,20627.27,0
10006017,Customer_6017,650,France,Male,23,1,122522.11,2,1,1,18083.01,1
10006018,Customer_6018,417,Germany,Male,81,7,237681.08,2,1,0,122837.94,1
10006019,Customer_6019,356,France,Male,50,8,204171.79,1,1,0,66383.91,1
10006020,Customer_6020,654,France,Female,89,9,52798.61,1,0,0,177517.09,0
10006021,Customer_6021,486,France,Male,61,5,196485.7,2,1,0,166305.56,0
10006022,Customer_6022,513,Spain,Male,51,2,126519.84,3,1,0,173631.98,0
10006023,Customer_6023,432,Spain,Male,51,9,63427.53,2,0,1,147028.97,0
10006024,Customer_6024,734,France,Female,41,7,90832.94,2,1,0,26367.5,0
10006025,Customer_6025,487,Germany,Male,19,9,243031.53,2,1,1,12732.65,0
10006026,Customer_6026,769,France,Male,25,6,120990.36,1,1,1,12936.2,0
10006027,Customer_6027,422,France,Male,42,1,179901.46,1,1,1,160358.1,0
10006028,Customer_6028,586,Germany,Female,49,10,119271.32,1,1,1,131427.29,0
10006029,Customer_6029,395,France,Female,73,6,92889.32,1,0,0,196197.08,0
10006030,Customer_6030,455,Spain,Male,24,0,199105.0,2,1,0,128705.57,1
10006031,Customer_6031,765,France,Male,65,7,212081.09,1,0,1,49860.94,0
10006032,Customer_6032,637,Spain,Male,71,4,17972.29,1,1,1,17912.87,0
10006033,Customer_6033,611,France,Male,80,8,69744.4,1,1,1,73126.9,0
10006034,Customer_6034,525,Germany,Female,90,10,126967.76,1,0,1,39948.06,1
10006035,Customer_6035,515,Spain,Male,19,2,79124.44,1,1,1,125683.16,0
10006036,Customer_6036,494,France,Male,52,6,195895.75,1,0,0,19202.51,0
10006037,Customer_6037,679,France,Female,39,7,28683.34,2,1,0,154504.62,0
10006038,Customer_6038,719,France,Male,81,0,199449.57,2,1,0,139313.47,0
10006039,Customer_6039,632,Germany,Male,76,5,154471.6,2,0,1,147274.48,0
10006040,Customer_6040,403,France,Male,66,10,72341.93,2,1,0,193095.77,1
10006041,Customer_6041,527,France,Male,69,1,86113.67,2,0,0,130115.85,1
10006042,Customer_6042,768,Germany,Female,38,7,45724.79,1,0,1,157712.81,1
10006043,Customer_6043,593,France,Female,29,5,63143.35,2,0,0,17070.97,0
10006044,Customer_6044,690,Germany,Male,28,10,179317.22,2,1,0,188618.75,1
10006045,Customer_6045,476,France,Male,71,10,93971.04,1,1,1,43723.17,1
10006046,Customer_6046,758,France,Male,87,2,171871.03,2,1,1,98615.74,0
10006047,Customer_6047,761,Germany,Male,31,3,128526.89,1,1,1,191419.35,0
10006048,Customer_6048,716,Germany,Female,50,6,36324.44,1,1,0,35881.74,0
10006049,Customer_6049,620,France,Male,43,8,124767.66,1,0,1,7112.01,1
10006050,Customer_6050,481,France,Female,31,10,189117.46,1,0,1,59420.57,0
10006051,Customer_6051,442,France,Male,65,9,74418.88,2,0,1,31284.39,0
10006052,Customer_6052,728,France,Female,82,1,162020.42,1,0,1,133609.73,0
10006053,Customer_6053,422,France,Female,63,8,49758.16,2,1,0,55682.86,0
10006054,Customer_6054,760,France,Female,72,5,33924.74,1,0,1,12578.17,0
10006055,Customer_6055,759,Germany,Male,91,1,90056.53,1,1,1,178605.88,0
10006056,Customer_6056,752,Germany,Female,91,7,97300.9,1,0,1,9905.43,1
10006057,Customer_6057,597,France,Male,85,3,190252.41,2,1,0,54262.26,0
10006058,Customer_6058,697,France,Female,29,10,115019.69,3,1,1,48067.24,0
10006059,Customer_6059,622,France,Female,71,7,20308.72,1,0,1,4712.09,0
10006060,Customer_6060,392,Germany,Male,81,10,158499.87,3,0,0,33055.72,1
10006061,Customer_6061,726,Spain,Female,64,6,117313.31,2,1,1,162971.82,0
10006062,Customer_6062,390,Germany,Female,54,6,82910.8,1,0,0,7516.2,1
10006063,Customer_6063,519,Germany,Female,91,10,200554.7,1,0,0,4656.2,1
10006064,Customer_6064,783,Spain,Male,58,6,38596.2,2,0,1,126808.27,0
10006065,Customer_6065,561,France,Female,44,1,228303.09,2,1,0,17794.38,0
10006066,Customer_6066,842,France,Female,59,7,83515.37,2,1,1,74322.71,0
10006067,Customer_6067,517,Germany,Female,85,1,115235.36,1,1,0,439.29,0
10006068,Customer_6068,388,France,Female,46,2,232308.25,1,1,1,72482.99,0
10006069,Customer_6069,718,Germany,Male,53,9,190309.96,1,1,1,63615.86,1
10006070,Customer_6070,594,Germany,Male,74,6,18575.61,2,1,0,122544.35,0
10006071,Customer_6071,500,Spain,Female,29,6,144574.21,2,1,0,99824.66,0
10006072,Customer_6072,460,France,Male,62,6,77590.72,2,0,1,135708.56,0
10006073,Customer_6073,829,Germany,Female,37,3,127122.06,2,1,1,187171.85,0
10006074,Customer_6074,785,Germany,Male,62,4,185742.26,1,1,1,159036.92,1
10006075,Customer_6075,396,Spain,Male,40,6,124043.23,1,1,0,186710.88,0
10006076,Customer_6076,412,Spain,Male,79,7,17755.47,2,1,1,10855.55,0
10006077,Customer_6077,574,Spain,Male,51,2,132495.13,1,1,1,198067.91,0
10006078,Customer_6078,715,France,Male,38,5,6032.42,2,1,0,64419.34,0
10006079,Customer_6079,418,France,Male,68,8,87102.34,1,1,1,55351.55,0
10006080,Customer_6080,648,France,Male,26,9,119507.63,1,1,0,80710.88,1
10006081,Customer_6081,781,France,Female,91,10,161168.39,1,1,1,156662.72,1
10006082,Customer_6082,639,Spain,Female,27,4,126551.7,2,1,0,190857.45,1
10006083,Customer_6083,645,Spain,Male,69,3,37986.7,2,1,1,110852.04,1
10006084,Customer_6084,552,France,Male,62,8,233054.39,2,1,0,30886.78,0
10006085,Customer_6085,410,France,Male,69,3,162574.92,2,1,0,42819.51,1
10006086,Customer_6086,783,France,Male,47,2,79241.95,1,1,0,81080.85,1
10006087,Customer_6087,800,Spain,Female,81,6,241484.92,1,1,0,73158.42,1
10006088,Customer_6088,667,France,Male,19,4,220644.4,1,1,0,47662.38,0
10006089,Customer_6089,663,France,Male,66,0,35872.52,1,1,0,170047.29,1
10006090,Customer_6090,510,France,Male,62,7,163857.27,2,1,1,56030.41,0
10006091,Customer_6091,680,France,Female,34,10,140017.36,2,1,0,118555.11,0
10006092,Customer_6092,365,Spain,Male,45,0,48202.23,2,1,1,95866.28,0
10006093,Customer_6093,687,France,Female,62,8,58368.79,2,0,0,184692.88,1
10006094,Customer_6094,443,France,Male,34,0,140943.44,2,1,0,125788.16,1
10006095,Customer_6095,653,France,Male,76,3,80322.07,2,1,0,66426.04,1
10006096,Customer_6096,487,France,Female,31,9,208707.86,1,0,1,127742.33,0
10006097,Customer_6097,687,Germany,Male,27,3,24434.81,2,1,1,63788.8,0
10006098,Customer_6098,387,France,Female,35,10,228507.69,2,1,0,18183.92,0
10006099,Customer_6099,476,France,Female,52,8,210138.14,2,1,0,97046.83,0
10006100,Customer_6100,624,Spain,Male,65,0,184655.87,1,1,1,172041.17,0
10006101,Customer_6101,513,France,Male,75,9,65641.81,1,1,0,181837.19,1
10006102,Customer_6102,792,Germany,Female,35,8,178739.46,1,0,1,108753.43,0
10006103,Customer_6103,668,France,Male,69,3,109692.44,1,1,1,139908.08,1
10006104,Customer_6104,426,France,Male,47,6,158439.47,1,1,1,122142.55,0
10006105,Customer_6105,523,Germany,Male,54,8,78138.6,1,1,0,162167.05,1
10006106,Customer_6106,736,Spain,Female,57,10,208964.46,1,1,0,20654.8,1
10006107,Customer_6107,807,Germany,Female,23,6,10144.02,1,0,1,80280.99,0
10006108,Customer_6108,707,France,Female,52,1,172864.94,2,1,0,50624.36,0
10006109,Customer_6109,670,France,Male,43,5,207157.81,1,1,0,1326.11,0
10006110,Customer_6110,725,France,Male,47,5,161607.03,1,1,1,165985.85,0
10006111,Customer_6111,440,Germany,Male,41,2,47997.95,1,0,0,26846.66,0
10006112,Customer_6112,587,Germany,Male,72,3,71245.19,1,1,1,64682.53,0
10006113,Customer_6113,613,France,Female,26,5,128726.32,2,0,1,173376.81,0
10006114,Customer_6114,528,Germany,Female,79,10,82362.27,1,1,0,144266.57,0
10006115,Customer_6115,843,Germany,Female,35,5,1229.11,2,1,0,113547.41,1
10006116,Customer_6116,839,France,Male,68,0,10169.53,1,0,0,62061.09,1
10006117,Customer_6117,558,Germany,Female,36,9,191942.11,1,1,0,103069.77,0
10006118,Customer_6118,422,France,Female,86,7,20926.8,2,0,0,11257.95,0
10006119,Customer_6119,739,France,Male,50,8,232005.46,2,1,0,145462.49,0
10006120,Customer_6120,456,Spain,Male,55,1,110684.11,1,0,0,47471.52,0
10006121,Customer_6121,694,France,Male,30,3,189546.66,2,0,1,95845.78,1
10006122,Customer_6122,644,France,Male,66,10,31376.15,2,0,1,18903.91,0
10006123,Customer_6123,718,Germany,Female,90,5,231626.86,1,1,1,142160.77,1
10006124,Customer_6124,793,Spain,Male,70,1,8452.21,2,0,0,179167.41,0
10006125,Customer_6125,633,Spain,Female,18,10,10534.29,2,1,1,91193.25,0
10006126,Customer_6126,702,Germany,Female,29,6,13646.45,1,1,1,16655.18,0
10006127,Customer_6127,531,France,Male,41,5,25852.04,2,1,0,189015.58,0
10006128,Customer_6128,386,Spain,Male,18,7,121707.91,1,1,1,89415.95,0
10006129,Customer_6129,486,Germany,Female,85,6,197069.11,1,0,0,16078.01,1
10006130,Customer_6130,687,France,Male,24,9,71236.96,1,1,0,37694.35,0
10006131,Customer_6131,405,Spain,Female,86,0,186444.21,2,0,0,23978.62,0
10006132,Customer_6132,536,France,Female,56,9,193515.24,2,1,0,39513.89,1
10006133,Customer_6133,690,France,Male,49,9,227069.33,1,1,0,31166.54,1
10006134,Customer_6134,607,Spain,Female,66,4,37337.98,1,1,0,184576.37,1
10006135,Customer_6135,794,Germany,Male,48,5,33883.63,1,0,0,41823.56,1
10006136,Customer_6136,407,France,Female,20,6,30523.76,1,0,0,88399.47,0
10006137,Customer_6137,712,France,Female,64,3,89827.65,2,1,0,145978.75,0
10006138,Customer_6138,472,Germany,Male,32,8,122353.17,2,0,0,135398.18,0
10006139,Customer_6139,537,France,Male,68,0,115402.34,1,1,1,191293.72,0
10006140,Customer_6140,579,France,Female,91,2,64262.18,1,1,0,193206.29,0
10006141,Customer_6141,517,Germany,Female,38,9,155494.91,1,0,1,114143.62,0
10006142,Customer_6142,769,Spain,Male,58,1,84568.41,1,0,0,150463.51,0
10006143,Customer_6143,463,Germany,Female,20,1,91520.75,2,1,0,77215.81,0
10006144,Customer_6144,601,Spain,Female,18,0,26382.52,1,1,0,85856.3,1
10006145,Customer_6145,456,Spain,Male,38,2,148057.83,1,1,1,20884.14,0
10006146,Customer_6146,386,Germany,Male,38,9,163820.09,2,0,1,134687.5,0
10006147,Customer_6147,684,France,Male,66,4,189487.56,3,0,1,54129.76,0
10006148,Customer_6148,441,Spain,Male,82,5,226002.3,1,1,0,15982.38,0
10006149,Customer_6149,367,France,Male,58,7,191501.11,1,1,0,19656.1,0
10006150,Customer_6150,703,France,Female,84,3,58935.92,3,1,1,144478.44,0
10006151,Customer_6151,412,France,Male,59,0,58913.79,1,1,1,45793.92,0
10006152,Customer_6152,499,Spain,Male,86,8,228771.8,2,0,0,153999.59,1
10006153,Customer_6153,488,France,Female,74,2,197533.39,2,1,1,181185.04,1
10006154,Customer_6154,535,France,Male,60,7,195561.61,1,1,1,68177.01,0
10006155,Customer_6155,534,Germany,Male,29,3,179928.42,1,0,0,158777.48,0
10006156,Customer_6156,554,Spain,Female,81,10,66800.5,1,1,0,85756.15,0
10006157,Customer_6157,609,Germany,Female,68,2,211852.59,2,0,0,154445.85,0
10006158,Customer_6158,563,France,Female,90,2,35721.17,2,1,1,61352.24,0
10006159,Customer_6159,605,France,Female,77,3,87504.4,2,1,0,186298.16,0
10006160,Customer_6160,484,Germany,Male,88,3,86618.63,1,1,0,197441.46,0
10006161,Customer_6161,410,France,Female,45,6,140033.04,1,1,0,77237.34,0
10006162,Customer_6162,712,Germany,Male,88,1,115860.89,1,1,1,39794.25,1
10006163,Customer_6163,659,France,Male,31,7,114952.03,2,1,0,137069.63,0
10006164,Customer_6164,437,Spain,Male,49,10,138393.11,2,1,1,116723.44,0
10006165,Customer_6165,673,France,Male,25,1,103854.61,1,1,1,198293.67,0
10006166,Customer_6166,825,France,Male,44,0,62495.81,1,0,1,162320.91,0
10006167,Customer_6167,556,Spain,Female,67,7,166030.18,2,1,1,167022.74,0
10006168,Customer_6168,478,France,Male,76,3,197658.34,1,1,1,145299.09,1
10006169,Customer_6169,660,France,Male,74,5,119748.97,2,1,0,70164.95,0
10006170,Customer_6170,352,Spain,Female,20,0,162370.8,1,0,0,187169.2,1
10006171,Customer_6171,811,France,Female,44,2,133840.82,1,1,0,93139.91,0
10006172,Customer_6172,771,France,Male,51,6,14749.11,1,1,1,79895.27,0
10006173,Customer_6173,591,France,Male,43,6,105771.17,1,0,0,38855.83,1
10006174,Customer_6174,470,France,Male,57,10,2463.12,1,1,0,60799.06,1
10006175,Customer_6175,734,France,Male,49,7,165469.82,1,0,1,461.91,0
10006176,Customer_6176,451,Germany,Female,58,1,127040.37,1,1,0,131984.66,1
10006177,Customer_6177,387,Germany,Male,19,6,31707.88,1,1,1,121097.66,0
10006178,Customer_6178,690,France,Male,89,3,135547.88,1,1,1,80613.2,0
10006179,Customer_6179,845,France,Male,24,5,224606.5,1,0,1,193421.81,0
10006180,Customer_6180,762,Spain,Female,36,3,85122.69,2,1,0,138624.62,0
10006181,Customer_6181,482,Spain,Male,50,8,245592.19,2,0,1,48551.57,0
10006182,Customer_6182,846,France,Female,19,0,239844.98,1,0,0,75747.18,1
10006183,Customer_6183,551,Spain,Male,84,0,196327.46,1,1,0,103165.28,1
10006184,Customer_6184,697,Germany,Female,32,4,203449.99,1,1,1,109075.61,1
10006185,Customer_6185,370,France,Female,38,4,102636.34,2,1,0,55135.04,0
10006186,Customer_6186,591,France,Male,76,10,100635.27,1,0,1,49896.31,1
10006187,Customer_6187,804,France,Female,56,7,238599.34,1,1,1,59892.39,0
10006188,Customer_6188,800,Spain,Female,37,6,91549.06,2,1,0,192670.99,0
10006189,Customer_6189,458,Germany,Female,18,10,24218.22,1,1,0,71912.06,0
10006190,Customer_6190,652,Germany,Female,90,2,38175.27,3,1,0,74835.37,1
10006191,Customer_6191,433,France,Male,26,7,177599.74,2,1,0,144051.92,0
10006192,Customer_6192,432,Germany,Male,68,3,95745.23,2,1,1,32561.01,0
10006193,Customer_6193,640,Spain,Female,55,2,49835.71,2,1,0,128636.56,0
10006194,Customer_6194,801,Spain,Male,32,1,203446.53,1,1,1,133229.66,0
10006195,Customer_6195,418,France,Female,58,8,122168.37,2,1,1,12913.28,1
10006196,Customer_6196,478,Germany,Female,64,6,141910.3,1,0,1,37997.95,0
10006197,Customer_6197,545,France,Male,43,4,38487.34,1,1,0,93304.07,0
10006198,Customer_6198,489,Germany,Female,71,8,48188.55,1,0,1,167085.3,1
10006199,Customer_6199,793,Germany,Female,87,2,31464.01,1,0,0,146471.6,1
10006200,Customer_6200,632,France,Male,56,5,128635.7,2,1,1,174691.61,0
10006201,Customer_6201,661,Spain,Male,34,7,193914.25,1,1,1,170202.92,0
10006202,Customer_6202,583,France,Female,87,8,183071.31,1,0,0,102305.78,0
10006203,Customer_6203,372,Spain,Female,26,3,65307.71,1,1,0,124460.91,0
10006204,Customer_6204,502,France,Female,63,0,212887.55,2,1,1,184160.69,0
10006205,Customer_6205,626,Germany,Male,23,7,26415.21,1,1,0,148217.4,0
10006206,Customer_6206,410,Spain,Male,85,9,28512.49,2,1,1,71582.4,0
10006207,Customer_6207,668,France,Female,33,2,212326.07,2,1,1,70079.36,0
10006208,Customer_6208,727,Germany,Male,46,5,61104.89,2,1,1,73331.39,0
10006209,Customer_6209,401,France,Male,58,3,177028.96,2,1,0,99046.19,0
10006210,Customer_6210,693,France,Male,85,5,2269.9,2,0,0,72504.61,0
10006211,Customer_6211,502,Germany,Male,79,2,23400.27,1,1,0,37510.74,1
10006212,Customer_6212,586,Germany,Male,57,6,152322.18,1,1,0,118988.27,1
10006213,Customer_6213,660,Spain,Male,79,1,45603.99,2,1,0,173843.49,0
10006214,Customer_6214,651,Spain,Female,41,4,7053.42,1,1,0,98515.27,0
10006215,Customer_6215,381,Germany,Male,23,2,116736.69,2,1,1,43838.34,0
10006216,Customer_6216,404,Germany,Male,57,4,82630.12,1,1,1,162612.13,0
10006217,Customer_6217,701,Spain,Male,87,2,200564.23,2,0,1,151151.53,1
10006218,Customer_6218,738,France,Female,75,8,204707.25,2,1,0,140046.74,0
10006219,Customer_6219,385,France,Female,31,7,153605.78,1,1,0,134948.46,0
10006220,Customer_6220,459,France,Male,62,1,73258.44,2,1,0,156457.24,0
10006221,Customer_6221,839,Spain,Male,23,7,115406.66,2,1,1,166054.46,0
10006222,Customer_6222,526,Germany,Female,40,7,175564.01,3,1,0,179641.72,1
10006223,Customer_6223,711,Germany,Female,79,9,17327.14,1,1,1,121990.53,0
10006224,Customer_6224,663,France,Male,34,2,83124.27,2,1,1,78725.23,0
10006225,Customer_6225,644,Spain,Male,87,9,205592.43,2,1,0,17989.26,0
10006226,Customer_6226,685,France,Female,45,4,101507.14,1,1,0,144486.34,0
10006227,Customer_6227,446,Germany,Female,30,1,156167.0,1,0,0,28250.96,1
10006228,Customer_6228,718,France,Female,46,9,24083.59,1,1,0,173705.41,0
10006229,Customer_6229,562,France,Male,62,5,194261.49,3,1,0,81181.46,1
10006230,Customer_6230,666,Spain,Male,37,1,25116.37,1,1,0,175228.68,1
10006231,Customer_6231,486,Spain,Male,75,3,215381.31,2,0,1,103700.22,0
10006232,Customer_6232,355,France,Male,71,2,26650.26,1,1,0,90702.63,1
10006233,Customer_6233,848,France,Female,81,0,222723.19,1,0,0,72721.0,0
10006234,Customer_6234,458,France,Male,69,7,90942.47,2,1,1,12279.74,1
10006235,Customer_6235,384,France,Female,60,7,156132.68,1,1,0,2316.46,1
10006236,Customer_6236,388,France,Male,35,0,211637.64,2,1,0,101743.26,0
10006237,Customer_6237,499,Spain,Male,71,5,2560.36,1,1,0,180222.62,0
10006238,Customer_6238,774,Spain,Female,77,0,66423.29,1,1,0,117226.58,1
10006239,Customer_6239,467,France,Female,88,8,227084.58,2,1,1,172477.09,1
10006240,Customer_6240,610,Germany,Female,18,0,97044.02,1,1,1,199950.85,0
10006241,Customer_6241,775,France,Male,54,2,176593.98,2,1,0,35732.38,0
10006242,Customer_6242,436,France,Male,66,8,35003.01,1,1,0,131919.05,0
10006243,Customer_6243,814,France,Male,52,0,169592.9,2,0,0,83387.97,1
10006244,Customer_6244,425,Germany,Male,84,1,18290.25,2,1,0,41769.73,0
10006245,Customer_6245,820,France,Male,52,3,179331.28,2,1,1,48189.09,0
10006246,Customer_6246,813,France,Female,26,6,80951.24,1,1,0,48939.03,0
10006247,Customer_6247,800,France,Male,54,7,116461.91,1,1,0,145933.31,0
10006248,Customer_6248,763,France,Female,77,0,41565.05,1,0,0,71007.49,0
10006249,Customer_6249,662,France,Male,73,0,156962.25,1,0,1,51155.05,1
10006250,Customer_6250,732,Spain,Female,29,4,84391.91,1,1,0,177193.38,0
10006251,Customer_6251,563,Germany,Male,88,7,95843.75,2,1,1,6879.55,0
10006252,Customer_6252,806,Spain,Male,88,0,163048.23,4,0,0,147126.45,1
10006253,Customer_6253,634,France,Female,21,2,44715.42,2,0,0,192111.78,1
10006254,Customer_6254,588,France,Male,78,5,213002.22,2,1,1,125132.77,0
10006255,Customer_6255,514,France,Female,62,0,184821.6,1,1,1,109637.56,0
10006256,Customer_6256,436,France,Female,67,2,144432.5,1,1,0,12299.64,1
10006257,Customer_6257,490,Germany,Female,67,0,32083.27,2,1,1,100597.23,0
10006258,Customer_6258,509,France,Female,91,3,171777.42,2,1,0,72287.85,1
10006259,Customer_6259,395,France,Male,65,8,4524.84,2,1,1,155622.56,0
10006260,Customer_6260,721,Germany,Female,40,4,201098.95,2,1,0,162357.32,0
10006261,Customer_6261,844,France,Male,25,2,75949.42,2,1,1,33529.65,0
10006262,Customer_6262,461,Spain,Male,46,9,29302.89,1,1,0,104454.07,0
10006263,Customer_6263,756,France,Male,60,6,41122.24,1,0,1,171989.09,0
10006264,Customer_6264,394,Germany,Male,70,5,240783.6,3,0,1,124909.46,0
10006265,Customer_6265,750,France,Male,23,10,193457.6,2,0,0,96199.92,0
10006266,Customer_6266,596,Spain,Female,41,8,59467.99,2,1,1,179613.44,0
10006267,Customer_6267,453,France,Male,91,3,240866.56,1,1,0,193297.95,0
10006268,Customer_6268,434,Germany,Female,31,3,35029.42,1,1,0,47063.23,0
10006269,Customer_6269,799,France,Male,69,8,183381.8,1,1,1,36568.22,0
10006270,Customer_6270,834,Germany,Female,87,1,164184.91,1,1,1,172967.44,1
10006271,Customer_6271,483,France,Male,21,9,205369.19,2,1,0,48598.23,0
10006272,Customer_6272,457,France,Male,75,1,95424.68,2,1,1,169569.39,0
10006273,Customer_6273,367,Spain,Female,54,8,100458.86,3,1,0,60245.1,1
10006274,Customer_6274,443,Spain,Female,65,6,156141.75,1,1,1,3848.12,0
10006275,Customer_6275,499,France,Male,56,4,99551.44,1,0,1,84394.19,0
10006276,Customer_6276,595,Spain,Female,83,4,10337.72,1,1,0,8083.98,0
10006277,Customer_6277,638,France,Female,30,8,182427.01,1,1,1,41606.95,0
10006278,Customer_6278,763,Spain,Female,83,9,160236.52,2,0,0,95878.08,0
10006279,Customer_6279,558,Germany,Female,77,4,105928.2,1,0,1,7709.64,0
10006280,Customer_6280,475,France,Female,58,8,75707.39,1,0,1,6653.58,0
10006281,Customer_6281,584,Spain,Female,49,7,80181.46,2,1,1,31038.79,0
10006282,Customer_6282,765,Spain,Male,69,5,185257.16,1,1,1,92556.61,0
10006283,Customer_6283,775,France,Male,22,4,182290.22,1,1,0,194803.68,0
10006284,Customer_6284,848,Spain,Male,84,4,204729.61,2,1,1,18692.84,0
10006285,Customer_6285,811,France,Female,83,4,190545.11,2,0,1,124396.22,0
10006286,Customer_6286,471,Spain,Female,69,0,189486.05,2,1,1,99420.18,0
10006287,Customer_6287,487,Germany,Female,66,10,62943.31,2,1,0,12041.39,0
10006288,Customer_6288,844,France,Female,46,4,25403.14,2,0,0,6839.0,0
10006289,Customer_6289,464,Germany,Male,55,2,190438.07,1,0,0,44375.78,1
10006290,Customer_6290,769,Germany,Male,87,5,24654.5,1,1,0,136953.62,1
10006291,Customer_6291,511,Germany,Male,25,8,245527.85,2,1,0,192478.08,0
10006292,Customer_6292,550,France,Female,76,2,218772.32,2,1,0,111220.43,1
10006293,Customer_6293,583,France,Male,72,0,133365.4,2,0,1,9164.95,0
10006294,Customer_6294,377,Spain,Male,19,7,88045.89,2,1,0,51603.26,0
10006295,Customer_6295,360,France,Male,43,8,131710.76,1,1,1,188465.09,0
10006296,Customer_6296,555,France,Male,80,9,183575.46,1,1,1,2514.97,0
10006297,Customer_6297,516,Germany,Male,34,3,189082.49,1,1,0,120454.7,1
10006298,Customer_6298,596,France,Male,76,9,18416.5,1,0,0,35792.61,0
10006299,Customer_6299,396,Germany,Female,33,4,201213.52,2,1,0,13252.49,1
10006300,Customer_6300,595,Germany,Male,75,2,160374.27,1,1,1,50895.45,1
10006301,Customer_6301,476,Germany,Female,81,7,10144.9,1,1,1,187398.37,0
10006302,Customer_6302,496,France,Male,67,2,78290.3,3,1,0,152354.45,1
10006303,Customer_6303,467,France,Female,43,3,127660.34,1,0,1,34253.12,0
10006304,Customer_6304,748,France,Female,34,9,47112.87,1,1,0,13150.87,0
10006305,Customer_6305,731,Spain,Female,63,6,38810.13,2,0,1,98634.79,0
10006306,Customer_6306,761,France,Female,85,1,3570.29,2,0,0,10542.63,1
10006307,Customer_6307,501,Spain,Female,67,0,227887.66,1,1,1,80818.49,0
10006308,Customer_6308,421,Germany,Female,60,3,14026.99,2,1,0,160052.45,0
10006309,Customer_6309,712,Spain,Female,65,7,91502.86,1,1,0,100138.19,0
10006310,Customer_6310,486,France,Female,85,0,51442.91,2,1,1,179369.28,0
10006311,Customer_6311,524,France,Male,36,9,185258.28,1,1,0,158253.76,1
10006312,Customer_6312,638,Spain,Female,42,2,176796.16,1,1,0,111058.61,0
10006313,Customer_6313,795,France,Female,89,3,201555.6,2,1,1,158083.13,1
10006314,Customer_6314,830,France,Male,35,3,154202.08,2,1,0,18983.28,0
10006315,Customer_6315,368,France,Female,68,2,147913.29,2,1,0,40281.12,0
10006316,Customer_6316,544,Spain,Female,35,2,101777.68,2,1,0,140087.39,1
10006317,Customer_6317,679,Germany,Female,75,6,159089.68,1,0,1,1154.93,1
10006318,Customer_6318,773,Germany,Female,81,7,28801.4,2,1,0,946.8,1
10006319,Customer_6319,524,Germany,Male,88,9,171128.21,1,1,1,76075.1,1
10006320,Customer_6320,839,France,Male,74,3,25974.44,1,0,0,173416.78,0
10006321,Customer_6321,798,Spain,Male,34,10,215434.98,2,1,0,196170.19,0
10006322,Customer_6322,762,France,Male,76,10,126420.7,1,0,0,129970.92,1
10006323,Customer_6323,783,Spain,Male,84,7,132589.23,1,1,0,190055.67,0
10006324,Customer_6324,703,France,Male,32,7,146214.4,2,0,0,169536.36,0
10006325,Customer_6325,848,France,Male,43,5,194013.12,1,0,0,40305.2,0
10006326,Customer_6326,490,Germany,Male,65,0,119617.66,1,1,0,80797.73,1
10006327,Customer_6327,595,France,Male,31,6,106897.02,2,1,0,124758.46,1
10006328,Customer_6328,734,Germany,Female,26,6,72083.36,1,1,1,30271.83,0
10006329,Customer_6329,767,France,Male,24,4,32009.84,1,1,1,62628.37,0
10006330,Customer_6330,442,France,Male,72,5,47585.64,1,1,0,151280.34,0
10006331,Customer_6331,781,France,Male,29,8,131.96,1,1,1,68938.64,0
10006332,Customer_6332,588,Germany,Male,34,2,217355.41,2,0,1,185187.47,0
10006333,Customer_6333,554,France,Female,90,3,191239.6,2,0,1,81361.89,0
10006334,Customer_6334,397,Germany,Male,25,8,54670.61,1,0,1,43960.57,0
10006335,Customer_6335,782,France,Female,59,9,597.52,1,1,0,42032.43,0
10006336,Customer_6336,594,France,Male,54,1,123029.08,1,1,0,137446.4,0
10006337,Customer_6337,669,France,Female,37,8,103143.3,1,0,0,73637.32,1
10006338,Customer_6338,666,Spain,Male,18,4,194001.66,1,1,1,47458.78,0
10006339,Customer_6339,762,Germany,Male,26,2,100723.88,1,1,0,138776.65,0
10006340,Customer_6340,644,France,Female,41,7,216028.2,2,1,0,84285.87,0
10006341,Customer_6341,477,Germany,Male,51,8,23959.56,1,1,1,169200.22,0
10006342,Customer_6342,693,Spain,Female,53,0,91464.52,2,1,1,109800.6,0
10006343,Customer_6343,631,France,Male,21,4,233485.22,1,1,1,194435.61,0
10006344,Customer_6344,366,Spain,Female,46,8,2932.41,2,1,0,74897.75,0
10006345,Customer_6345,420,France,Female,33,10,97697.36,1,1,1,56428.77,0
10006346,Customer_6346,618,Spain,Female,25,1,64925.82,2,1,1,128914.52,0
10006347,Customer_6347,674,Germany,Male,56,0,132965.18,2,0,1,141676.12,0
10006348,Customer_6348,631,France,Male,75,7,69691.7,1,0,0,3404.51,0
10006349,Customer_6349,654,France,Female,29,5,217477.01,1,0,1,133880.27,0
10006350,Customer_6350,800,Spain,Female,61,1,234284.56,1,0,0,36213.23,1
10006351,Customer_6351,356,Spain,Male,21,2,212283.57,2,0,0,191773.05,0
10006352,Customer_6352,663,Germany,Female,42,4,99641.96,1,1,0,115206.02,0
10006353,Customer_6353,654,France,Male,87,0,247483.44,1,1,1,25337.59,0
10006354,Customer_6354,452,France,Female,84,1,183759.08,1,1,1,10554.09,0
10006355,Customer_6355,658,France,Male,56,10,88902.23,2,0,1,175922.02,0
10006356,Customer_6356,542,France,Female,41,0,23423.21,1,1,0,170126.44,0
10006357,Customer_6357,590,Germany,Female,23,10,166761.6,2,1,0,86825.22,0
10006358,Customer_6358,411,Spain,Female,89,6,182141.86,2,1,1,17510.03,0
10006359,Customer_6359,366,Germany,Female,50,6,30614.78,3,1,0,78003.19,0
10006360,Customer_6360,520,France,Male,65,9,137434.09,1,0,0,152108.54,0
10006361,Customer_6361,374,Germany,Female,84,4,246772.0,2,0,0,132302.54,0
10006362,Customer_6362,600,Spain,Female,19,9,81560.53,1,0,1,173034.53,0
10006363,Customer_6363,602,Germany,Female,55,5,75473.76,1,0,1,150241.16,1
10006364,Customer_6364,736,Germany,Female,57,2,225825.54,2,1,0,66034.34,1
10006365,Customer_6365,556,Spain,Female,73,10,29354.01,1,0,0,68233.89,1
10006366,Customer_6366,378,Spain,Male,38,1,233381.88,1,0,0,129554.93,1
10006367,Customer_6367,466,France,Female,52,9,194871.77,2,1,1,62042.13,1
10006368,Customer_6368,840,France,Male,84,8,97710.1,1,0,1,173533.48,0
10006369,Customer_6369,765,Spain,Male,77,1,20886.91,2,1,1,65547.76,0
10006370,Customer_6370,631,France,Female,40,0,4793.64,1,1,1,97792.22,0
10006371,Customer_6371,729,France,Male,82,8,93957.8,2,1,1,8656.04,1
10006372,Customer_6372,493,France,Male,80,7,176338.4,2,1,0,23627.79,1
10006373,Customer_6373,374,Germany,Male,40,7,121882.3,2,0,1,26388.73,0
10006374,Customer_6374,659,Spain,Male,59,6,184662.97,2,1,1,68833.32,1
10006375,Customer_6375,505,France,Female,81,8,167642.71,1,1,1,23334.95,0
10006376,Customer_6376,422,Germany,Female,83,10,143226.8,1,0,1,91427.59,1
10006377,Customer_6377,469,Spain,Male,58,2,241874.77,2,0,0,53839.03,0
10006378,Customer_6378,661,France,Male,37,7,182096.11,2,1,0,54499.26,0
10006379,Customer_6379,670,France,Male,26,0,228653.36,1,0,0,89106.37,0
10006380,Customer_6380,442,Spain,Male,74,0,60540.14,2,1,0,170769.54,1
10006381,Customer_6381,435,France,Female,34,10,178409.91,1,1,1,152348.68,0
10006382,Customer_6382,685,Germany,Male,35,5,149450.72,1,1,0,176746.43,0
10006383,Customer_6383,774,Germany,Female,80,7,231074.02,1,1,1,198035.22,0
10006384,Customer_6384,848,France,Male,89,7,127613.25,2,0,0,2231.29,1
10006385,Customer_6385,713,Spain,Male,89,9,69910.34,3,1,1,138505.0,0
10006386,Customer_6386,784,France,Male,43,0,96209.74,2,1,1,23975.59,0
10006387,Customer_6387,467,France,Male,89,10,54707.45,2,1,1,187365.48,1
10006388,Customer_6388,582,France,Female,89,0,54993.25,1,1,0,45377.66,1
10006389,Customer_6389,548,France,Male,30,8,117605.4,1,0,0,69998.26,0
10006390,Customer_6390,555,Spain,Male,34,8,223142.21,2,0,1,195810.86,0
10006391,Customer_6391,762,Spain,Female,43,6,47967.34,1,1,1,173439.94,0
10006392,Customer_6392,688,Spain,Female,23,0,71967.5,2,1,1,9452.11,0
10006393,Customer_6393,496,France,Male,21,9,213247.03,1,1,1,9383.79,0
10006394,Customer_6394,799,Germany,Female,24,1,84814.07,1,1,1,163770.2,0
10006395,Customer_6395,774,Germany,Male,34,7,240603.35,2,1,1,14084.63,0
10006396,Customer_6396,778,Spain,Female,67,7,67230.07,2,1,1,170348.53,0
10006397,Customer_6397,620,Germany,Male,23,10,110535.86,1,1,1,184924.98,0
10006398,Customer_6398,736,France,Female,47,4,23902.48,1,1,1,4778.16,0
10006399,Customer_6399,488,France,Male,91,1,248043.95,3,1,0,44009.94,1
10006400,Customer_6400,530,France,Male,73,2,222535.51,2,1,1,4648.73,0
10006401,Customer_6401,779,Germany,Female,56,4,204390.56,2,1,1,14576.84,0
10006402,Customer_6402,379,Spain,Female,31,2,39335.62,1,1,1,106819.66,0
10006403,Customer_6403,406,France,Female,71,9,242339.51,1,1,1,146035.77,1
10006404,Customer_6404,581,France,Female,39,0,232287.82,1,1,0,95900.47,0
10006405,Customer_6405,495,France,Male,74,5,108917.86,1,1,1,77195.71,0
10006406,Customer_6406,784,Spain,Male,58,4,170409.26,1,0,1,41352.7,1
10006407,Customer_6407,733,France,Female,27,2,248114.61,1,0,1,47323.62,0
10006408,Customer_6408,397,France,Female,19,8,102436.3,4,1,0,116483.86,1
10006409,Customer_6409,543,France,Male,84,9,28261.42,1,1,1,171154.45,0
10006410,Customer_6410,573,Germany,Male,65,7,216944.76,2,1,0,80920.59,0
10006411,Customer_6411,485,Germany,Female,59,6,119121.28,2,1,1,187926.19,1
10006412,Customer_6412,371,Germany,Female,28,10,246742.36,1,1,1,10434.2,0
10006413,Customer_6413,355,France,Female,91,1,137723.22,1,1,0,165844.0,0
10006414,Customer_6414,553,France,Male,29,9,7369.4,1,1,0,67743.4,1
10006415,Customer_6415,588,France,Female,31,4,122931.74,2,0,0,173754.93,1
10006416,Customer_6416,534,France,Female,47,4,179515.53,2,1,0,183884.21,0
10006417,Customer_6417,709,France,Female,77,5,6507.51,1,0,0,140084.98,1
10006418,Customer_6418,641,France,Female,47,5,103362.18,2,1,1,71017.74,0
10006419,Customer_6419,684,Germany,Female,55,2,38890.05,1,1,1,91392.85,0
10006420,Customer_6420,569,France,Male,82,10,160774.21,1,1,1,110360.17,0
10006421,Customer_6421,465,France,Male,64,3,239336.46,2,1,0,92421.9,0
10006422,Customer_6422,662,Spain,Female,56,0,156146.23,2,0,1,158233.25,0
10006423,Customer_6423,398,Germany,Male,66,10,173719.43,1,1,1,154308.17,1
10006424,Customer_6424,522,Germany,Male,90,0,99140.73,1,0,1,2541.95,1
10006425,Customer_6425,431,Spain,Female,75,4,140785.22,1,1,1,30341.71,0
10006426,Customer_6426,671,France,Female,34,3,135964.43,1,0,1,72716.77,1
10006427,Customer_6427,682,Spain,Female,23,6,189901.59,2,1,0,134488.6,1
10006428,Customer_6428,394,Germany,Female,32,6,214227.91,2,0,1,45948.06,0
10006429,Customer_6429,684,France,Male,84,3,165721.49,2,1,1,64565.32,1
10006430,Customer_6430,369,France,Female,45,9,244952.2,2,1,0,92421.92,0
10006431,Customer_6431,797,France,Male,90,1,207072.1,2,1,1,117915.6,0
10006432,Customer_6432,570,France,Female,61,9,31161.69,1,1,1,180360.37,0
10006433,Customer_6433,472,France,Male,35,3,126868.85,1,1,1,160928.67,0
10006434,Customer_6434,583,France,Male,49,7,225809.02,1,1,1,71850.55,0
10006435,Customer_6435,570,France,Female,86,1,235983.72,2,1,1,153599.32,0
10006436,Customer_6436,672,France,Male,61,4,95051.48,2,1,1,166533.44,1
10006437,Customer_6437,688,France,Female,87,6,181426.02,1,1,0,104472.74,0
10006438,Customer_6438,352,France,Male,80,9,102636.37,2,0,1,59216.21,0
10006439,Customer_6439,531,France,Male,75,5,30914.93,1,1,1,188615.04,1
10006440,Customer_6440,555,Germany,Male,64,8,221152.83,2,1,1,192450.93,1
10006441,Customer_6441,669,France,Female,34,1,232988.28,1,0,1,44926.77,0
10006442,Customer_6442,389,Spain,Male,56,3,126187.63,1,1,1,157015.59,0
10006443,Customer_6443,408,Spain,Male,76,6,4576.86,2,1,0,8361.47,0
10006444,Customer_6444,788,Germany,Female,24,7,204009.06,1,1,1,488.3,0
10006445,Customer_6445,411,Germany,Male,80,4,119240.09,2,0,0,70321.79,0
10006446,Customer_6446,481,France,Male,74,4,18757.09,2,1,1,92513.6,0
10006447,Customer_6447,409,France,Female,51,3,47347.87,2,1,1,109272.3,0
10006448,Customer_6448,721,Spain,Male,70,8,38029.84,2,0,0,75659.74,1
10006449,Customer_6449,680,France,Male,83,9,171569.72,2,1,1,25769.16,0
10006450,Customer_6450,471,Spain,Female,65,3,74852.37,2,1,1,68965.51,0
10006451,Customer_6451,828,Germany,Female,77,2,31922.63,2,1,1,164367.12,0
10006452,Customer_6452,456,France,Female,60,8,229412.21,2,0,0,67149.3,0
10006453,Customer_6453,445,France,Female,90,6,239132.76,2,0,1,118465.21,0
10006454,Customer_6454,696,Germany,Male,21,8,34643.97,2,1,0,136178.84,0
10006455,Customer_6455,763,France,Female,69,3,57558.96,1,1,0,146490.32,0
10006456,Customer_6456,584,France,Female,49,2,148030.18,2,1,1,97603.04,0
10006457,Customer_6457,735,Germany,Female,68,9,37626.96,1,1,0,25152.05,1
10006458,Customer_6458,411,Germany,Male,27,7,39647.92,1,1,1,180102.74,0
10006459,Customer_6459,605,France,Female,29,3,84144.01,3,1,1,52069.91,0
10006460,Customer_6460,398,France,Male,56,9,237292.58,1,1,0,67798.45,0
10006461,Customer_6461,742,Spain,Female,85,2,240610.55,2,1,0,154758.15,0
10006462,Customer_6462,697,Germany,Male,27,3,210447.06,1,0,0,152707.36,0
10006463,Customer_6463,508,Germany,Female,90,1,173928.23,2,0,0,179278.32,1
10006464,Customer_6464,473,Spain,Female,27,10,180168.34,2,0,1,6760.26,0
10006465,Customer_6465,831,France,Male,40,3,117393.21,1,1,1,174903.51,0
10006466,Customer_6466,666,France,Female,30,6,132538.66,1,1,1,158447.38,0
10006467,Customer_6467,556,Spain,Female,65,2,158613.17,1,0,1,105024.18,0
10006468,Customer_6468,397,Spain,Female,61,0,182821.66,1,1,0,31906.42,1
10006469,Customer_6469,758,France,Male,81,9,24211.54,2,1,1,109003.75,0
10006470,Customer_6470,769,France,Female,57,7,56221.75,1,0,1,38797.54,1
10006471,Customer_6471,485,Germany,Male,23,5,240735.8,2,0,1,192991.8,0
10006472,Customer_6472,550,France,Male,89,2,83785.57,1,1,1,141765.69,0
10006473,Customer_6473,599,Spain,Male,60,7,67118.55,1,1,0,119251.66,1
10006474,Customer_6474,663,France,Female,49,5,105477.83,1,1,0,162674.78,0
10006475,Customer_6475,706,France,Female,66,0,72730.19,1,1,0,106494.59,0
10006476,Customer_6476,717,France,Male,91,8,22795.05,1,0,1,12062.3,0
10006477,Customer_6477,778,Germany,Male,36,10,51990.28,1,1,0,51814.07,1
10006478,Customer_6478,667,Spain,Female,69,8,160039.95,4,1,1,196337.71,0
10006479,Customer_6479,644,Germany,Female,69,8,55795.64,4,1,0,170164.24,1
10006480,Customer_6480,829,Spain,Female,51,5,161916.8,2,1,0,185489.76,0
10006481,Customer_6481,663,France,Male,76,5,25020.22,2,1,1,19576.13,0
10006482,Customer_6482,849,France,Male,22,3,10469.09,2,0,0,49607.95,0
10006483,Customer_6483,558,Spain,Male,83,7,215391.92,2,0,1,12658.39,0
10006484,Customer_6484,704,Spain,Female,58,8,190006.55,1,1,1,164434.83,0
10006485,Customer_6485,834,Spain,Male,51,6,166506.92,2,1,1,34789.16,1
10006486,Customer_6486,560,Spain,Female,71,6,7724.81,1,1,1,82017.04,0
10006487,Customer_6487,541,France,Male,37,1,59838.48,1,1,1,53908.44,0
10006488,Customer_6488,393,France,Male,71,1,203078.58,2,0,1,186072.26,1
10006489,Customer_6489,378,Spain,Male,83,9,36166.92,2,0,1,121680.35,0
10006490,Customer_6490,408,France,Female,35,10,203213.36,1,0,0,159903.07,1
10006491,Customer_6491,420,France,Female,61,1,146058.39,1,1,1,120432.6,0
10006492,Customer_6492,441,Germany,Male,65,3,185092.09,2,1,0,122514.41,1
10006493,Customer_6493,614,France,Male,52,8,161126.77,2,1,0,76589.42,0
10006494,Customer_6494,732,Spain,Male,56,4,104247.4,2,0,0,47808.43,0
10006495,Customer_6495,569,France,Female,20,1,72994.34,2,1,1,69684.56,0
10006496,Customer_6496,739,Spain,Female,36,3,168182.29,2,0,0,58979.78,0
10006497,Customer_6497,762,Germany,Male,35,6,201728.22,1,1,0,138248.65,0
10006498,Customer_6498,791,Germany,Male,22,4,11183.16,1,0,1,84519.2,1
10006499,Customer_6499,750,France,Female,72,10,94977.23,1,1,1,110037.71,1
10006500,Customer_6500,749,France,Female,30,7,87682.45,3,1,0,154190.82,1
10006501,Customer_6501,564,France,Male,51,0,139867.71,2,1,1,53319.09,0
10006502,Customer_6502,828,France,Female,35,4,28481.26,1,0,0,84736.26,1
10006503,Customer_6503,736,Germany,Female,85,3,233354.85,1,0,1,103902.73,1
10006504,Customer_6504,626,France,Female,89,2,137127.57,2,0,0,10771.84,0
10006505,Customer_6505,413,France,Male,60,6,230938.2,2,1,0,30446.66,0
10006506,Customer_6506,695,France,Female,82,9,204235.23,1,0,1,12712.43,0
10006507,Customer_6507,641,Germany,Female,58,10,47909.72,1,1,0,150454.07,1
10006508,Customer_6508,839,France,Female,55,0,33084.75,2,1,0,59989.4,0
10006509,Customer_6509,834,Spain,Female,55,5,215312.56,1,0,0,84525.05,0
10006510,Customer_6510,594,Germany,Male,30,7,134025.06,2,1,0,134468.49,0
10006511,Customer_6511,819,Spain,Female,39,1,4935.69,2,1,1,193294.28,0
10006512,Customer_6512,411,Spain,Male,46,5,233556.69,2,1,1,162211.2,0
10006513,Customer_6513,775,France,Male,26,10,118257.1,2,0,1,11570.28,0
10006514,Customer_6514,681,Spain,Female,85,0,75234.08,2,0,1,61154.42,1
10006515,Customer_6515,519,Germany,Female,34,5,129149.47,1,1,1,9825.9,0
10006516,Customer_6516,794,Spain,Male,54,5,205729.6,2,0,1,12343.98,0
10006517,Customer_6517,618,Spain,Female,81,4,27573.18,1,1,0,25500.81,0
10006518,Customer_6518,616,France,Male,84,6,89733.23,1,1,1,64223.83,0
10006519,Customer_6519,403,France,Male,21,4,79716.67,2,1,0,46308.29,1
10006520,Customer_6520,365,Germany,Male,57,7,209912.38,2,1,0,70442.07,0
10006521,Customer_6521,357,Germany,Female,33,1,194616.82,2,1,1,164403.96,0
10006522,Customer_6522,453,France,Female,28,5,100026.01,2,1,0,159539.12,1
10006523,Customer_6523,408,France,Male,43,4,166122.08,1,1,0,70154.92,1
10006524,Customer_6524,662,France,Male,89,9,98611.37,1,1,1,131967.99,1
10006525,Customer_6525,389,Germany,Female,82,1,142828.46,1,1,0,74539.64,1
10006526,Customer_6526,586,Spain,Female,19,10,247803.82,1,1,1,77198.16,0
10006527,Customer_6527,792,Spain,Male,62,6,133893.62,2,1,1,135148.05,1
10006528,Customer_6528,735,France,Female,60,3,247143.68,1,0,0,76871.11,1
10006529,Customer_6529,443,France,Female,20,5,186799.78,2,0,0,109856.91,1
10006530,Customer_6530,571,France,Male,51,4,30180.57,2,0,1,23054.93,1
10006531,Customer_6531,553,France,Male,82,3,198991.54,2,0,1,107767.71,0
10006532,Customer_6532,487,Spain,Female,81,1,40321.41,2,1,0,148402.73,0
10006533,Customer_6533,649,France,Male,24,6,133082.15,2,0,0,177675.54,0
10006534,Customer_6534,744,Germany,Female,52,4,153311.31,1,1,1,29461.13,1
10006535,Customer_6535,556,Spain,Male,39,2,223057.61,2,1,1,82148.66,0
10006536,Customer_6536,685,Spain,Female,65,5,52606.05,1,1,0,97242.56,0
10006537,Customer_6537,430,France,Male,49,7,218985.52,1,1,0,180963.45,0
10006538,Customer_6538,567,France,Female,43,10,233623.44,1,0,1,51489.85,0
10006539,Customer_6539,351,France,Female,23,9,22371.84,1,0,1,33141.78,0
10006540,Customer_6540,527,Germany,Female,63,9,221321.28,2,0,0,28307.6,1
10006541,Customer_6541,745,Spain,Male,72,1,64795.01,1,0,1,30985.21,0
10006542,Customer_6542,720,France,Female,72,10,20250.24,3,1,0,173906.26,0
10006543,Customer_6543,695,France,Male,74,9,239643.59,2,1,0,123965.63,1
10006544,Customer_6544,628,Spain,Female,80,3,98050.87,3,1,0,84151.91,1
10006545,Customer_6545,495,Germany,Male,18,2,155745.88,2,1,1,173349.05,0
10006546,Customer_6546,667,Spain,Female,38,6,138218.28,3,1,1,59613.47,0
10006547,Customer_6547,573,France,Female,37,9,53295.48,1,1,0,185572.85,0
10006548,Customer_6548,718,France,Male,90,7,167391.43,1,1,0,151774.03,1
10006549,Customer_6549,733,France,Male,46,7,11528.75,1,1,1,4126.65,0
10006550,Customer_6550,411,France,Male,60,3,50773.73,2,1,1,92532.55,0
10006551,Customer_6551,643,Germany,Male,62,9,236165.94,2,0,0,168495.12,1
10006552,Customer_6552,588,France,Male,82,1,238376.88,1,1,1,79235.52,0
10006553,Customer_6553,544,France,Female,20,5,120663.8,1,0,1,197428.89,1
10006554,Customer_6554,515,Spain,Male,37,2,42267.93,2,0,0,169318.78,0
10006555,Customer_6555,800,France,Female,54,7,105405.02,1,1,0,150612.94,0
10006556,Customer_6556,571,Germany,Male,55,2,219267.71,2,1,1,27111.03,0
10006557,Customer_6557,410,France,Male,91,1,17568.51,1,1,1,21583.1,0
10006558,Customer_6558,478,Spain,Male,62,8,31967.14,2,1,0,128241.85,0
10006559,Customer_6559,827,France,Male,59,8,223913.21,2,1,1,132288.78,0
10006560,Customer_6560,522,Spain,Female,63,8,103845.85,1,1,0,29512.98,1
10006561,Customer_6561,829,France,Male,77,2,20864.65,4,1,0,170794.66,1
10006562,Customer_6562,505,France,Female,30,1,34802.27,3,1,1,174747.53,1
10006563,Customer_6563,754,Germany,Male,48,3,220612.04,2,0,1,83324.76,1
10006564,Customer_6564,727,France,Female,85,1,122525.84,2,0,1,121550.46,0
10006565,Customer_6565,459,France,Female,79,7,40748.58,1,1,0,102152.53,1
10006566,Customer_6566,618,Spain,Male,66,9,223514.94,3,1,0,7143.13,0
10006567,Customer_6567,760,Spain,Male,35,0,211319.72,1,1,1,18092.72,0
10006568,Customer_6568,705,France,Male,70,1,5755.84,2,1,0,155957.7,1
10006569,Customer_6569,740,France,Female,35,5,145247.53,1,1,1,97668.42,0
10006570,Customer_6570,627,France,Male,68,8,61084.16,2,1,0,122184.59,0
10006571,Customer_6571,423,France,Female,58,9,133283.95,1,1,1,122577.66,0
10006572,Customer_6572,836,Spain,Male,84,4,69817.08,1,0,1,75930.77,0
10006573,Customer_6573,786,Germany,Male,82,4,78969.07,2,1,1,5893.2,1
10006574,Customer_6574,812,France,Male,23,2,150463.13,2,1,1,157384.28,0
10006575,Customer_6575,556,Spain,Male,91,7,134714.79,2,1,1,93693.86,0
10006576,Customer_6576,737,Germany,Female,54,5,98798.1,2,1,0,27790.85,0
10006577,Customer_6577,829,Germany,Male,29,9,26891.99,2,0,0,4225.82,0
10006578,Customer_6578,628,France,Female,19,1,242355.97,2,1,0,3515.0,0
10006579,Customer_6579,724,France,Female,70,4,43651.39,1,1,0,6680.07,1
10006580,Customer_6580,675,Germany,Male,42,3,158279.31,2,1,0,31014.01,0
10006581,Customer_6581,821,France,Male,45,10,20686.19,1,1,1,46301.66,0
10006582,Customer_6582,689,France,Male,62,9,172078.21,2,0,0,49436.97,0
10006583,Customer_6583,706,France,Female,54,8,23709.95,1,0,1,126429.71,0
10006584,Customer_6584,689,France,Male,34,3,57377.09,2,1,0,48321.18,0
10006585,Customer_6585,553,Germany,Male,86,7,161746.3,2,1,0,134795.03,1
10006586,Customer_6586,510,Germany,Male,73,0,70733.8,2,0,1,164671.44,0
10006587,Customer_6587,377,France,Male,75,4,133212.7,2,1,1,76964.7,0
10006588,Customer_6588,741,France,Female,21,8,31126.35,2,1,0,143673.75,0
10006589,Customer_6589,606,Germany,Female,72,2,50600.13,1,1,1,20835.5,0
10006590,Customer_6590,514,France,Male,66,10,183443.98,2,1,1,65592.27,1
10006591,Customer_6591,412,Germany,Female,55,5,8784.72,1,1,1,136531.02,1
10006592,Customer_6592,371,Spain,Female,62,10,27950.05,1,1,0,186357.76,0
10006593,Customer_6593,419,France,Male,47,9,53739.0,1,1,0,123114.8,0
10006594,Customer_6594,730,Spain,Female,54,5,5047.64,2,1,0,72774.33,0
10006595,Customer_6595,754,Spain,Male,73,10,23844.67,1,1,1,62745.59,0
10006596,Customer_6596,445,France,Female,44,5,70347.87,2,1,1,78316.63,0
10006597,Customer_6597,512,France,Female,49,3,23229.36,1,1,0,130583.7,0
10006598,Customer_6598,428,Spain,Female,28,6,216529.86,1,1,1,65405.56,0
10006599,Customer_6599,354,France,Male,75,2,16518.45,1,0,1,94005.42,1
10006600,Customer_6600,665,Spain,Female,52,5,215245.92,1,1,0,151802.79,0
10006601,Customer_6601,469,Germany,Male,34,9,205715.02,1,1,1,47564.11,0
10006602,Customer_6602,651,France,Male,47,4,25190.4,2,1,0,143305.13,0
10006603,Customer_6603,527,France,Female,35,2,6297.83,1,1,1,152294.42,1
10006604,Customer_6604,525,France,Female,47,1,12498.0,1,1,0,172736.44,1
10006605,Customer_6605,739,France,Male,33,0,147594.52,1,1,0,4784.74,0
10006606,Customer_6606,566,Germany,Female,71,7,167588.41,1,0,0,22762.02,0
10006607,Customer_6607,405,Spain,Male,21,0,155163.35,2,0,0,190968.01,0
10006608,Customer_6608,715,Spain,Male,32,4,135369.21,1,0,1,25165.89,0
10006609,Customer_6609,536,France,Female,44,4,43671.02,1,1,1,97579.55,0
10006610,Customer_6610,581,Spain,Female,21,0,210238.47,1,1,1,33399.07,0
10006611,Customer_6611,604,Spain,Male,52,8,81888.73,3,0,1,162379.66,0
10006612,Customer_6612,762,Spain,Female,80,4,246544.55,1,1,0,19310.59,0
10006613,Customer_6613,804,France,Male,83,8,96214.45,1,1,0,17133.42,0
10006614,Customer_6614,453,Spain,Male,56,10,65751.21,2,0,1,100946.1,0
10006615,Customer_6615,426,Germany,Male,45,5,223562.7,2,1,1,47644.25,0
10006616,Customer_6616,579,France,Female,51,6,141853.54,1,1,1,132314.95,1
10006617,Customer_6617,751,Spain,Female,50,6,180462.61,2,1,1,136962.98,0
10006618,Customer_6618,607,France,Male,67,1,102099.7,2,1,1,117214.27,0
10006619,Customer_6619,613,France,Male,77,4,221728.88,1,0,0,166928.7,0
10006620,Customer_6620,680,Spain,Female,89,1,229431.3,2,1,1,139473.58,0
10006621,Customer_6621,830,France,Female,89,3,109192.23,2,1,0,37512.31,1
10006622,Customer_6622,531,Spain,Male,59,2,60180.96,2,0,1,15691.62,0
10006623,Customer_6623,730,Germany,Male,45,10,161917.85,3,1,0,149555.31,1
10006624,Customer_6624,605,France,Female,44,5,238646.08,1,1,0,148007.17,1
10006625,Customer_6625,387,France,Female,18,10,155611.61,2,0,0,170066.22,0
10006626,Customer_6626,525,Spain,Male,25,4,238555.61,2,1,1,40477.92,0
10006627,Customer_6627,376,Germany,Female,63,0,85951.99,1,0,0,44638.14,0
10006628,Customer_6628,625,Spain,Male,41,1,228769.77,1,1,0,115338.9,0
10006629,Customer_6629,489,Spain,Male,57,6,28141.71,2,0,1,31133.15,0
10006630,Customer_6630,648,France,Female,68,8,89708.6,1,1,0,59275.3,0
10006631,Customer_6631,794,France,Male,41,0,123617.81,2,1,0,162488.2,1
10006632,Customer_6632,636,Spain,Male,39,3,163277.58,2,1,0,66849.77,0
10006633,Customer_6633,440,Germany,Male,91,10,73534.81,2,1,0,2276.62,0
10006634,Customer_6634,829,France,Female,85,2,231059.83,2,0,1,130169.11,0
10006635,Customer_6635,410,Spain,Female,25,10,225874.05,1,0,0,36126.25,0
10006636,Customer_6636,807,Spain,Male,75,4,199834.15,1,1,1,39175.33,0
10006637,Customer_6637,800,Germany,Female,32,4,28590.63,2,1,0,3316.74,0
10006638,Customer_6638,714,France,Male,25,9,19572.74,1,0,0,115611.05,1
10006639,Customer_6639,696,Germany,Male,59,9,124532.86,1,1,1,112385.65,0
10006640,Customer_6640,512,Germany,Female,56,10,191335.94,2,0,1,19297.13,0
10006641,Customer_6641,700,Spain,Male,52,1,30808.97,1,0,0,10096.57,0
10006642,Customer_6642,492,Spain,Female,58,4,160359.37,2,1,1,98172.82,0
10006643,Customer_6643,749,Germany,Female,65,3,131963.85,1,0,1,156260.49,0
10006644,Customer_6644,602,Spain,Male,88,0,181497.35,1,1,0,190748.94,1
10006645,Customer_6645,618,Spain,Female,61,0,108843.81,2,1,1,15040.97,0
10006646,Customer_6646,718,France,Male,52,0,173324.15,2,0,0,141637.62,1
10006647,Customer_6647,640,France,Female,44,7,39902.17,3,1,1,38298.29,0
10006648,Customer_6648,849,Spain,Male,82,2,53648.57,2,0,1,6805.79,0
10006649,Customer_6649,808,France,Male,87,8,225833.52,1,1,0,66961.59,1
10006650,Customer_6650,536,France,Female,83,9,82343.77,1,1,0,114780.95,1
10006651,Customer_6651,754,France,Female,88,1,246376.45,1,1,1,120274.79,1
10006652,Customer_6652,848,France,Male,89,8,11551.15,1,0,0,9850.84,1
10006653,Customer_6653,787,France,Male,80,10,123968.95,2,1,0,185560.22,1
10006654,Customer_6654,808,France,Male,46,8,81246.79,1,1,0,10928.09,0
10006655,Customer_6655,763,Spain,Male,48,3,248991.26,1,1,0,43446.99,0
10006656,Customer_6656,653,Germany,Male,81,3,247508.69,3,1,1,86507.17,0
10006657,Customer_6657,640,Germany,Female,70,3,58810.82,2,1,0,189131.07,0
10006658,Customer_6658,435,France,Male,91,0,66814.22,1,1,1,198246.59,0
10006659,Customer_6659,515,Germany,Female,85,4,187418.05,1,0,1,81.35,1
10006660,Customer_6660,764,Germany,Male,42,5,222418.61,2,1,1,44911.68,0
10006661,Customer_6661,811,Germany,Female,30,3,165924.25,2,1,1,100275.59,0
10006662,Customer_6662,757,France,Male,57,7,216177.24,2,0,0,138882.48,0
10006663,Customer_6663,463,France,Female,89,2,15823.11,1,1,0,131353.03,0
10006664,Customer_6664,782,Spain,Male,24,10,160132.12,2,0,0,50310.4,1
10006665,Customer_6665,829,Germany,Female,49,8,175042.72,2,1,0,39511.55,0
10006666,Customer_6666,705,Germany,Male,41,6,47579.77,1,1,1,2865.62,1
10006667,Customer_6667,765,Germany,Male,18,7,194492.55,2,1,1,168573.71,0
10006668,Customer_6668,532,France,Male,64,6,236066.29,2,1,0,75766.24,1
10006669,Customer_6669,556,Spain,Male,68,8,224491.62,1,1,0,172869.65,1
10006670,Customer_6670,605,France,Female,53,1,61241.85,1,1,0,64748.63,0
10006671,Customer_6671,584,Germany,Female,44,3,80998.16,2,1,1,151209.64,0
10006672,Customer_6672,791,Spain,Female,87,1,124902.84,1,1,0,13942.45,0
10006673,Customer_6673,704,Spain,Male,59,7,39590.3,1,0,1,162290.22,0
10006674,Customer_6674,352,France,Male,85,1,238488.29,3,1,0,178203.67,1
10006675,Customer_6675,557,France,Female,87,7,40399.16,1,1,1,52984.15,0
10006676,Customer_6676,546,Germany,Female,30,5,190355.74,1,1,1,28382.43,0
10006677,Customer_6677,690,Spain,Male,42,6,85357.04,1,0,1,39237.81,0
10006678,Customer_6678,474,Germany,Female,39,10,143430.2,2,0,1,173558.38,0
10006679,Customer_6679,487,Germany,Female,38,5,11793.46,2,0,0,57249.0,1
10006680,Customer_6680,688,France,Female,32,8,51252.96,1,1,1,46279.35,0
10006681,Customer_6681,374,Germany,Male,84,3,111097.81,1,1,0,195776.84,1
10006682,Customer_6682,417,Germany,Female,54,0,169297.8,1,1,1,134005.85,0
10006683,Customer_6683,410,Spain,Male,62,8,194390.48,1,1,1,166446.85,0
10006684,Customer_6684,378,France,Female,43,9,7535.13,2,1,1,149413.7,0
10006685,Customer_6685,732,Spain,Male,72,7,38122.55,1,1,1,74809.62,0
10006686,Customer_6686,368,France,Female,67,0,182447.93,1,1,1,172550.79,0
10006687,Customer_6687,520,Germany,Female,52,9,203263.86,2,1,1,117638.34,0
10006688,Customer_6688,799,Spain,Male,58,5,59142.88,2,1,0,131483.09,0
10006689,Customer_6689,423,France,Male,89,9,57413.26,1,1,1,65223.03,0
10006690,Customer_6690,410,France,Female,28,3,22007.36,2,0,1,196232.98,0
10006691,Customer_6691,776,Spain,Male,25,10,37573.49,1,1,0,170921.97,0
10006692,Customer_6692,502,Germany,Male,71,1,2003.97,1,0,1,29632.26,0
10006693,Customer_6693,625,France,Male,18,2,147457.81,1,0,1,40784.19,0
10006694,Customer_6694,397,France,Female,37,8,225972.84,1,0,0,149719.51,0
10006695,Customer_6695,560,Germany,Female,51,4,37394.02,1,1,1,5161.07,0
10006696,Customer_6696,692,Spain,Female,74,6,187860.92,1,1,0,67097.4,0
10006697,Customer_6697,757,France,Male,30,1,143414.67,1,1,1,106508.85,0
10006698,Customer_6698,488,Spain,Male,71,7,234980.47,1,0,1,40990.97,1
10006699,Customer_6699,459,France,Male,70,2,199530.63,2,1,0,174631.62,1
10006700,Customer_6700,831,France,Female,69,0,213182.26,1,0,0,177854.85,0
10006701,Customer_6701,532,France,Male,23,7,159785.54,1,1,1,191369.7,0
10006702,Customer_6702,377,Spain,Male,53,10,202834.03,1,0,0,29275.57,0
10006703,Customer_6703,546,France,Female,42,10,87717.38,2,1,1,15867.64,0
10006704,Customer_6704,540,Spain,Female,75,8,52254.4,1,1,0,111223.78,0
10006705,Customer_6705,664,France,Male,72,7,228129.99,2,1,1,158488.87,0
10006706,Customer_6706,738,Spain,Male,20,0,183583.97,1,1,0,58219.46,0
10006707,Customer_6707,400,Spain,Female,45,6,22675.72,2,1,0,48202.66,1
10006708,Customer_6708,498,Germany,Female,85,6,216727.38,2,1,0,103549.46,1
10006709,Customer_6709,617,Spain,Male,55,3,87225.98,2,1,0,96416.89,0
10006710,Customer_6710,399,Germany,Female,51,7,74569.45,1,1,0,95915.73,1
10006711,Customer_6711,737,Spain,Male,30,4,155828.39,2,1,0,81061.94,0
10006712,Customer_6712,595,France,Female,22,3,142149.66,2,1,0,145414.51,1
10006713,Customer_6713,462,France,Male,77,4,134564.18,1,0,0,122942.38,0
10006714,Customer_6714,519,Germany,Male,34,10,63719.3,2,1,0,97568.69,0
10006715,Customer_6715,817,France,Female,74,1,239943.44,3,0,1,144143.17,0
10006716,Customer_6716,515,France,Female,48,3,237530.23,1,1,1,52347.34,0
10006717,Customer_6717,758,Germany,Female,82,9,1040.55,2,1,1,178368.54,0
10006718,Customer_6718,363,France,Female,83,7,84456.91,2,0,0,76840.31,0
10006719,Customer_6719,552,Germany,Male,50,6,11387.17,1,1,0,65525.93,0
10006720,Customer_6720,637,France,Male,21,7,212562.19,1,1,0,108460.03,0
10006721,Customer_6721,744,Spain,Male,72,6,221629.56,1,1,0,54089.91,1
10006722,Customer_6722,538,Spain,Female,41,6,129574.57,2,0,1,53756.08,0
10006723,Customer_6723,751,Spain,Male,49,10,209919.51,2,1,0,15585.07,1
10006724,Customer_6724,504,France,Male,90,6,175840.08,1,0,0,130391.64,0
10006725,Customer_6725,404,Germany,Male,64,1,124893.49,2,1,0,182547.03,1
10006726,Customer_6726,531,Spain,Female,33,2,90952.85,2,1,1,137056.17,0
10006727,Customer_6727,559,Spain,Female,38,0,66556.26,1,1,1,113552.24,0
10006728,Customer_6728,725,Spain,Female,84,1,64857.28,1,1,0,142360.89,1
10006729,Customer_6729,820,France,Male,48,9,140516.1,2,1,1,193290.54,0
10006730,Customer_6730,424,Germany,Female,31,5,41702.21,2,0,0,67306.05,1
10006731,Customer_6731,626,Spain,Male,23,1,43697.97,4,0,0,86144.37,0
10006732,Customer_6732,777,France,Male,86,0,2598.34,1,1,1,57251.54,1
10006733,Customer_6733,482,Germany,Male,46,7,153332.01,2,1,0,3355.03,1
10006734,Customer_6734,692,Spain,Male,72,8,248586.05,2,0,0,69492.49,1
10006735,Customer_6735,774,Germany,Female,54,6,222304.84,2,1,0,14333.32,0
10006736,Customer_6736,408,France,Female,76,2,176422.45,2,0,1,171681.31,0
10006737,Customer_6737,694,Germany,Male,53,0,196381.32,1,1,0,143124.97,0
10006738,Customer_6738,838,Spain,Female,76,3,104213.18,1,1,1,60813.94,0
10006739,Customer_6739,531,Germany,Male,81,9,74519.89,1,1,1,65596.32,1
10006740,Customer_6740,807,Spain,Male,60,10,92157.07,1,1,1,113925.39,0
10006741,Customer_6741,755,Germany,Male,59,2,20355.52,1,0,0,159608.61,1
10006742,Customer_6742,688,Germany,Male,91,10,158448.8,2,1,0,143744.55,0
10006743,Customer_6743,670,Germany,Male,77,2,43716.26,1,1,0,5774.31,0
10006744,Customer_6744,413,France,Female,79,1,190719.55,1,1,0,157061.57,0
10006745,Customer_6745,676,France,Female,81,10,47494.12,3,1,1,176268.07,0
10006746,Customer_6746,609,France,Female,75,9,57031.01,2,0,1,17987.97,0
10006747,Customer_6747,542,France,Male,19,2,239326.41,1,1,0,154014.48,1
10006748,Customer_6748,492,France,Female,88,10,26348.98,1,1,1,50354.05,1
10006749,Customer_6749,453,France,Female,25,4,124710.63,2,1,1,34750.77,0
10006750,Customer_6750,809,Spain,Female,73,3,15671.63,1,1,0,108780.32,0
10006751,Customer_6751,755,France,Male,53,0,22597.75,3,1,1,110539.3,1
10006752,Customer_6752,563,France,Female,86,0,158375.09,2,1,1,94181.19,0
10006753,Customer_6753,591,France,Female,30,0,157681.82,2,0,0,180361.71,0
10006754,Customer_6754,780,Germany,Female,56,9,48280.07,1,1,1,48331.46,0
10006755,Customer_6755,558,France,Male,23,8,218121.63,3,0,0,120513.12,1
10006756,Customer_6756,442,France,Male,36,8,175546.75,2,1,0,81979.93,1
10006757,Customer_6757,779,France,Male,42,8,75152.65,2,1,1,174757.19,0
10006758,Customer_6758,491,Spain,Male,20,9,62096.64,2,1,1,26572.57,0
10006759,Customer_6759,783,Spain,Male,70,3,188571.31,2,0,0,16593.14,0
10006760,Customer_6760,753,Spain,Female,45,3,183405.98,1,1,1,198552.12,1
10006761,Customer_6761,783,France,Male,43,9,37207.98,1,0,1,115445.37,0
10006762,Customer_6762,461,Germany,Male,64,6,87296.96,1,0,0,182389.32,0
10006763,Customer_6763,766,Germany,Male,25,2,54169.31,1,1,0,81649.94,0
10006764,Customer_6764,724,France,Male,74,9,73536.05,2,1,1,120863.41,0
10006765,Customer_6765,408,France,Male,72,2,71890.99,1,0,1,138821.33,0
10006766,Customer_6766,392,France,Female,18,3,244005.92,1,1,1,197222.75,0
10006767,Customer_6767,556,Spain,Male,57,10,187552.84,1,1,0,22557.46,0
10006768,Customer_6768,617,France,Female,40,5,195013.01,3,1,1,24965.79,0
10006769,Customer_6769,645,France,Male,71,0,69355.79,2,1,1,104645.94,0
10006770,Customer_6770,467,France,Female,59,10,131.77,2,0,1,11170.42,0
10006771,Customer_6771,369,Germany,Female,67,2,14539.25,2,1,0,145498.96,0
10006772,Customer_6772,571,Spain,Male,21,4,138249.94,2,1,0,198151.2,0
10006773,Customer_6773,515,Germany,Female,25,10,71370.28,2,1,1,162289.23,0
10006774,Customer_6774,480,Germany,Male,53,3,48238.65,1,1,0,53169.84,1
10006775,Customer_6775,505,Germany,Male,27,7,12410.23,2,1,0,159914.47,0
10006776,Customer_6776,533,France,Male,47,8,218970.43,2,1,1,125579.35,0
10006777,Customer_6777,439,France,Male,33,7,150031.84,2,1,0,23893.64,1
10006778,Customer_6778,443,Spain,Female,47,10,26843.3,2,1,1,113189.6,0
10006779,Customer_6779,362,Spain,Male,81,10,191601.0,3,1,1,179356.46,0
10006780,Customer_6780,810,Germany,Male,91,8,188956.4,2,1,1,57992.4,1
10006781,Customer_6781,671,France,Male,28,7,72350.91,2,0,1,131825.25,0
10006782,Customer_6782,642,France,Female,51,9,47106.72,2,1,0,8323.49,1
10006783,Customer_6783,782,France,Female,72,0,203495.47,1,1,1,166844.88,0
10006784,Customer_6784,579,Spain,Female,21,6,82391.18,1,1,1,41196.21,0
10006785,Customer_6785,671,Germany,Male,66,8,211857.02,2,1,1,121729.35,1
10006786,Customer_6786,641,Spain,Male,61,0,10912.9,2,1,0,104843.92,1
10006787,Customer_6787,787,Germany,Male,48,9,124822.24,1,0,1,109631.03,1
10006788,Customer_6788,375,France,Male,65,0,44898.82,2,0,0,50755.57,0
10006789,Customer_6789,424,France,Male,43,9,168011.2,2,1,0,111827.25,1
10006790,Customer_6790,805,France,Male,87,1,249303.44,2,1,0,120554.64,1
10006791,Customer_6791,713,Germany,Female,29,4,103127.76,2,1,1,85097.66,1
10006792,Customer_6792,773,France,Male,62,7,25077.64,1,1,0,126654.64,1
10006793,Customer_6793,648,Germany,Female,25,7,79418.28,2,1,1,38323.66,0
10006794,Customer_6794,499,Germany,Female,26,9,222876.62,2,1,0,102524.41,1
10006795,Customer_6795,497,France,Female,18,3,191440.26,1,1,0,143363.43,0
10006796,Customer_6796,357,France,Male,22,6,58052.92,2,1,0,73606.14,0
10006797,Customer_6797,378,France,Female,88,6,238399.68,1,1,1,82235.75,1
10006798,Customer_6798,645,Germany,Female,71,8,155546.98,1,1,1,32849.99,1
10006799,Customer_6799,823,France,Female,41,8,42012.35,1,1,1,123294.04,0
10006800,Customer_6800,763,France,Male,43,2,143080.54,1,1,0,24713.48,0
10006801,Customer_6801,558,Spain,Male,27,10,112819.22,2,1,1,100167.13,0
10006802,Customer_6802,477,Germany,Female,78,7,204924.42,2,0,0,42092.89,1
10006803,Customer_6803,689,Germany,Male,57,4,86040.01,1,0,1,38834.55,0
10006804,Customer_6804,465,Germany,Male,61,4,218744.58,2,0,0,19175.86,1
10006805,Customer_6805,788,Spain,Male,29,7,202992.6,1,1,1,71486.64,0
10006806,Customer_6806,493,Germany,Female,39,5,168650.86,2,1,1,173483.58,0
10006807,Customer_6807,779,France,Male,44,9,64651.81,1,1,1,120986.95,0
10006808,Customer_6808,667,France,Female,84,9,242582.39,2,1,0,155824.3,1
10006809,Customer_6809,584,Spain,Male,86,0,137166.7,1,0,1,22923.89,0
10006810,Customer_6810,356,Germany,Male,31,3,226878.49,1,1,1,62670.41,1
10006811,Customer_6811,813,Germany,Male,42,8,53932.47,2,1,1,77729.54,0
10006812,Customer_6812,394,Spain,Female,69,4,245844.58,2,1,1,172003.36,0
10006813,Customer_6813,792,Spain,Male,76,3,204014.81,1,1,1,132883.35,0
10006814,Customer_6814,588,France,Male,55,10,237306.72,1,1,1,98101.3,0
10006815,Customer_6815,789,France,Male,37,9,53091.43,1,1,1,60104.12,0
10006816,Customer_6816,781,France,Male,37,0,107664.52,2,1,0,151992.56,0
10006817,Customer_6817,504,Spain,Female,73,8,24408.48,2,0,1,177665.96,0
10006818,Customer_6818,530,France,Male,47,7,34242.4,2,1,1,107367.6,0
10006819,Customer_6819,564,France,Male,58,2,70989.67,1,1,1,8695.83,0
10006820,Customer_6820,437,France,Male,88,8,237906.42,2,1,1,54378.34,0
10006821,Customer_6821,605,France,Male,80,0,166797.92,1,1,0,149164.16,1
10006822,Customer_6822,422,France,Female,86,3,78658.08,2,1,0,77527.18,0
10006823,Customer_6823,768,France,Male,46,4,238643.33,2,1,0,125187.6,0
10006824,Customer_6824,528,Germany,Male,61,3,184932.85,2,1,1,104909.58,0
10006825,Customer_6825,561,France,Male,74,3,226744.75,2,1,0,181544.42,0
10006826,Customer_6826,642,France,Female,41,8,231805.2,1,1,1,61407.96,0
10006827,Customer_6827,583,Spain,Female,36,4,187692.44,1,1,1,89217.78,0
10006828,Customer_6828,814,Spain,Male,34,0,60783.36,1,1,1,12966.24,0
10006829,Customer_6829,588,France,Female,86,6,249147.24,2,1,1,160994.59,0
10006830,Customer_6830,572,France,Female,78,5,81272.71,1,1,1,65171.82,0
10006831,Customer_6831,468,Germany,Male,21,8,167926.44,1,1,1,144389.85,0
10006832,Customer_6832,662,France,Male,39,3,211202.92,1,0,1,617.28,0
10006833,Customer_6833,613,France,Male,91,9,43787.75,2,1,1,173488.11,0
10006834,Customer_6834,556,France,Female,23,5,152260.42,1,1,1,194392.31,0
10006835,Customer_6835,444,France,Female,47,9,93793.19,1,1,1,93997.98,0
10006836,Customer_6836,722,Germany,Male,28,6,61072.27,1,1,0,96526.56,0
10006837,Customer_6837,571,Spain,Female,65,3,2942.95,1,1,0,123277.34,1
10006838,Customer_6838,715,Spain,Male,63,8,217993.52,1,0,0,195022.58,1
10006839,Customer_6839,625,Germany,Female,44,0,33970.39,1,0,0,111720.76,0
10006840,Customer_6840,729,France,Female,36,0,219529.29,1,1,0,14781.28,0
10006841,Customer_6841,580,Germany,Female,76,2,150172.65,2,1,0,113038.62,1
10006842,Customer_6842,658,France,Male,85,8,155263.89,2,1,0,83815.95,0
10006843,Customer_6843,468,France,Male,71,4,207162.95,2,1,0,152174.49,0
10006844,Customer_6844,617,Germany,Female,34,0,127360.29,1,1,1,60675.38,0
10006845,Customer_6845,782,Spain,Male,67,4,89321.14,1,0,1,184893.82,0
10006846,Customer_6846,622,France,Male,57,5,34701.67,1,1,0,160017.39,0
10006847,Customer_6847,413,Spain,Male,28,3,142603.85,2,1,0,65320.8,1
10006848,Customer_6848,647,France,Male,31,6,138291.76,1,1,0,70405.2,0
10006849,Customer_6849,699,France,Female,30,10,73474.12,2,0,0,103568.7,0
10006850,Customer_6850,762,France,Male,45,2,150014.23,2,1,0,19928.54,0
10006851,Customer_6851,752,Germany,Male,61,4,109841.72,2,0,0,138027.07,0
10006852,Customer_6852,843,Spain,Male,80,5,201382.54,1,1,1,121833.57,0
10006853,Customer_6853,360,Germany,Female,78,6,139871.56,1,1,1,63748.65,0
10006854,Customer_6854,447,France,Female,34,9,233419.65,2,1,0,127613.19,0
10006855,Customer_6855,783,France,Male,67,1,129495.74,1,1,0,19658.67,0
10006856,Customer_6856,420,Germany,Female,43,4,221873.83,1,1,1,190410.8,0
10006857,Customer_6857,713,France,Male,24,6,130131.28,1,0,1,13404.6,0
10006858,Customer_6858,407,France,Male,33,6,139508.7,2,1,0,65775.22,1
10006859,Customer_6859,639,Spain,Female,34,2,91702.0,2,1,0,194106.99,1
10006860,Customer_6860,600,Germany,Male,52,7,100042.28,1,1,0,79677.57,0
10006861,Customer_6861,625,France,Male,40,0,233275.37,2,0,0,177121.53,0
10006862,Customer_6862,399,France,Female,86,3,55820.6,2,0,0,30189.21,0
10006863,Customer_6863,707,France,Female,26,2,30364.43,1,1,1,13357.67,0
10006864,Customer_6864,565,Germany,Female,35,3,207552.73,1,0,1,21644.26,1
10006865,Customer_6865,743,Spain,Female,65,10,144227.7,4,1,0,194410.81,0
10006866,Customer_6866,765,Germany,Male,89,8,71161.83,1,1,1,17765.4,0
10006867,Customer_6867,401,France,Male,83,10,108100.06,1,1,1,130351.19,1
10006868,Customer_6868,620,France,Female,40,7,131226.31,2,1,1,88126.06,0
10006869,Customer_6869,834,Spain,Male,27,10,148035.06,1,1,1,172161.0,0
10006870,Customer_6870,433,Spain,Female,55,3,205262.76,2,0,1,58870.29,0
10006871,Customer_6871,736,Germany,Male,76,7,98588.08,1,0,0,5793.14,0
10006872,Customer_6872,642,France,Male,85,0,169125.78,2,0,0,149722.79,0
10006873,Customer_6873,475,Germany,Male,60,7,208691.74,2,0,0,117756.2,1
10006874,Customer_6874,645,Spain,Female,29,9,210943.36,1,1,0,86906.84,0
10006875,Customer_6875,421,Germany,Male,70,1,63561.3,2,1,0,64610.65,1
10006876,Customer_6876,645,Germany,Female,31,5,87543.26,1,1,0,179888.47,0
10006877,Customer_6877,585,France,Female,69,5,148726.51,1,0,1,24369.58,0
10006878,Customer_6878,405,France,Female,89,2,221443.1,2,0,1,28280.38,1
10006879,Customer_6879,756,France,Male,78,4,197611.52,2,1,1,2976.63,0
10006880,Customer_6880,709,Spain,Male,58,1,145990.73,2,1,0,14522.92,0
10006881,Customer_6881,744,Germany,Female,38,10,245933.41,2,0,0,171457.98,0
10006882,Customer_6882,459,Spain,Male,65,7,109746.81,2,1,0,158732.22,0
10006883,Customer_6883,541,France,Male,73,7,210612.64,2,1,0,20494.21,0
10006884,Customer_6884,741,Spain,Male,52,4,204605.09,2,0,0,155965.49,0
10006885,Customer_6885,442,Spain,Male,61,6,227009.58,1,0,1,128213.83,0
10006886,Customer_6886,699,France,Male,56,7,246919.59,2,1,0,77503.76,1
10006887,Customer_6887,405,Spain,Female,32,10,123924.17,2,1,0,16851.0,1
10006888,Customer_6888,409,France,Female,29,3,48907.41,1,1,0,120474.72,0
10006889,Customer_6889,487,France,Male,25,1,115223.84,2,1,1,167936.92,0
10006890,Customer_6890,388,France,Female,84,4,213471.22,1,1,1,84148.27,1
10006891,Customer_6891,377,Spain,Male,18,6,209026.66,1,1,1,84883.86,0
10006892,Customer_6892,398,Spain,Male,59,3,83992.48,1,1,0,165338.53,1
10006893,Customer_6893,769,France,Female,48,3,11826.7,2,0,1,42127.34,0
10006894,Customer_6894,474,Germany,Male,91,3,127460.52,1,1,1,34502.82,1
10006895,Customer_6895,362,Germany,Female,47,8,118525.23,2,1,0,139119.38,0
10006896,Customer_6896,829,Spain,Female,60,8,21440.99,2,1,1,131296.77,0
10006897,Customer_6897,385,France,Female,43,10,198722.49,2,1,1,182426.24,0
10006898,Customer_6898,450,Germany,Male,29,9,70897.57,2,1,0,66857.98,0
10006899,Customer_6899,631,Germany,Male,76,7,161438.02,1,1,0,40408.97,1
10006900,Customer_6900,435,France,Male,86,10,25371.97,1,1,0,85772.21,0
10006901,Customer_6901,353,France,Male,90,7,215175.79,2,1,1,76764.84,0
10006902,Customer_6902,572,Germany,Male,28,6,184818.63,2,1,1,187619.66,0
10006903,Customer_6903,687,France,Female,64,0,97105.68,2,1,1,183522.18,0
10006904,Customer_6904,797,Spain,Male,40,7,157372.24,1,1,0,85636.22,0
10006905,Customer_6905,515,France,Female,60,10,46863.47,1,0,0,82505.49,1
10006906,Customer_6906,732,Spain,Male,56,10,246355.62,3,1,0,89004.66,0
10006907,Customer_6907,693,France,Female,90,3,199027.01,2,1,1,146182.06,0
10006908,Customer_6908,732,France,Female,72,0,197235.0,1,1,1,110016.97,0
10006909,Customer_6909,725,France,Female,35,0,38345.05,2,1,0,57592.71,0
10006910,Customer_6910,820,Spain,Male,59,2,4433.38,1,0,0,153748.47,1
10006911,Customer_6911,627,Spain,Female,43,2,146342.84,1,1,1,180766.86,0
10006912,Customer_6912,479,France,Male,35,9,36030.15,1,1,0,143554.65,0
10006913,Customer_6913,380,France,Male,58,0,195108.36,2,0,1,38939.32,0
10006914,Customer_6914,724,Germany,Female,59,7,104019.04,3,0,0,158357.01,1
10006915,Customer_6915,360,France,Female,50,3,84648.56,2,0,1,197790.35,0
10006916,Customer_6916,825,Spain,Female,60,3,18412.32,2,0,0,137034.49,0
10006917,Customer_6917,651,France,Male,31,5,249016.27,2,0,0,48785.56,0
10006918,Customer_6918,445,Germany,Female,72,8,239002.7,1,1,1,1120.46,1
10006919,Customer_6919,539,Germany,Female,75,8,32899.23,1,0,0,77087.99,1
10006920,Customer_6920,802,Spain,Male,27,7,83202.9,2,1,0,94055.85,0
10006921,Customer_6921,541,Germany,Female,45,0,97696.88,2,0,1,181931.89,1
10006922,Customer_6922,835,France,Male,31,9,74200.27,2,1,0,123940.13,0
10006923,Customer_6923,615,France,Male,43,9,233617.14,1,1,1,56331.84,0
10006924,Customer_6924,773,Germany,Female,91,1,180335.46,1,1,1,138349.46,1
10006925,Customer_6925,477,Germany,Male,34,2,238979.1,1,1,1,18447.83,0
10006926,Customer_6926,587,Spain,Male,51,10,218626.35,2,0,1,42694.85,0
10006927,Customer_6927,757,Germany,Male,31,4,188635.38,1,1,1,148900.94,0
10006928,Customer_6928,704,Germany,Female,43,4,174241.78,2,1,1,59453.7,0
10006929,Customer_6929,777,France,Male,51,9,216540.62,1,1,0,6238.95,0
10006930,Customer_6930,461,France,Male,41,7,171037.47,4,1,1,99359.14,0
10006931,Customer_6931,665,France,Female,87,1,47179.95,1,0,1,131613.77,0
10006932,Customer_6932,795,France,Male,37,1,162031.63,1,1,0,157806.38,0
10006933,Customer_6933,692,Germany,Female,56,7,128750.41,2,1,0,61214.01,1
10006934,Customer_6934,494,France,Male,62,0,245473.67,2,0,1,84921.34,0
10006935,Customer_6935,414,France,Male,51,8,127491.39,1,1,1,111317.15,0
10006936,Customer_6936,596,France,Male,39,1,9613.75,2,1,1,14944.44,0
10006937,Customer_6937,572,France,Male,88,4,66047.38,1,0,1,39537.56,0
10006938,Customer_6938,828,France,Female,50,2,229345.44,2,1,0,73857.76,0
10006939,Customer_6939,839,Germany,Male,23,4,240589.08,1,0,0,53443.5,0
10006940,Customer_6940,662,France,Female,33,7,182124.64,1,1,1,93171.6,0
10006941,Customer_6941,788,Germany,Male,89,7,14215.97,1,1,0,130150.48,1
10006942,Customer_6942,455,Germany,Female,40,5,5885.35,1,0,1,107942.24,0
10006943,Customer_6943,530,Spain,Female,35,8,119898.75,1,0,0,154844.13,0
10006944,Customer_6944,533,France,Male,31,6,249918.08,1,1,0,125274.32,0
10006945,Customer_6945,575,France,Female,67,1,217324.18,2,0,0,58390.19,0
10006946,Customer_6946,614,France,Female,78,0,233276.91,2,0,0,24003.5,1
10006947,Customer_6947,627,France,Female,53,7,155885.38,1,1,1,127942.14,0
10006948,Customer_6948,746,Spain,Male,32,0,214781.18,4,0,0,42399.17,0
10006949,Customer_6949,438,Germany,Male,22,7,79924.59,3,0,0,63740.55,1
10006950,Customer_6950,525,Germany,Male,70,8,6841.0,2,1,0,159042.71,0
10006951,Customer_6951,367,France,Female,65,0,229562.66,2,0,1,43991.37,0
10006952,Customer_6952,720,Germany,Female,28,6,54607.66,1,0,0,107572.15,0
10006953,Customer_6953,809,France,Female,19,4,182121.59,1,1,1,18974.85,0
10006954,Customer_6954,773,Germany,Male,41,7,164741.83,1,1,0,83314.32,0
10006955,Customer_6955,750,Germany,Male,85,3,39540.89,2,1,0,196055.63,0
10006956,Customer_6956,748,France,Male,29,1,48944.75,2,1,1,190877.07,0
10006957,Customer_6957,455,France,Male,76,6,82268.12,2,1,0,189319.45,1
10006958,Customer_6958,620,Spain,Male,84,6,189232.66,2,1,0,119036.76,0
10006959,Customer_6959,812,France,Male,49,7,9811.06,1,1,1,58946.44,0
10006960,Customer_6960,668,France,Female,53,8,101767.19,2,1,1,70997.42,1
10006961,Customer_6961,516,France,Male,38,5,166278.3,1,1,0,41217.62,1
10006962,Customer_6962,362,France,Male,87,2,42867.74,2,1,0,19529.52,0
10006963,Customer_6963,686,Germany,Female,83,4,29854.32,1,1,1,33779.5,0
10006964,Customer_6964,381,Germany,Female,26,2,97553.06,1,1,1,93458.14,0
10006965,Customer_6965,742,Spain,Male,61,9,71639.8,2,1,1,5416.77,0
10006966,Customer_6966,389,France,Female,76,8,162273.92,1,1,1,187839.91,1
10006967,Customer_6967,497,Germany,Male,41,4,242392.13,2,1,1,112329.43,0
10006968,Customer_6968,567,Spain,Male,80,6,1117.23,2,1,1,34713.14,1
10006969,Customer_6969,568,France,Female,58,9,225594.98,1,0,1,83274.55,0
10006970,Customer_6970,818,France,Female,91,6,108305.76,1,1,0,75264.22,0
10006971,Customer_6971,431,Spain,Female,19,6,166001.93,1,0,0,167071.77,0
10006972,Customer_6972,682,France,Female,45,9,212756.76,1,1,0,24108.65,0
10006973,Customer_6973,557,France,Male,33,3,143364.67,1,0,0,85980.4,1
10006974,Customer_6974,550,France,Female,76,3,24327.96,1,1,1,142265.19,0
10006975,Customer_6975,796,France,Male,18,2,35148.79,1,0,0,74644.68,1
10006976,Customer_6976,681,France,Male,18,3,197320.01,1,1,1,71525.6,0
10006977,Customer_6977,777,France,Male,48,8,57274.56,1,1,1,68094.92,0
10006978,Customer_6978,387,Germany,Male,39,4,142259.4,2,1,0,152404.67,1
10006979,Customer_6979,560,France,Female,76,5,107020.13,2,1,1,23870.44,0
10006980,Customer_6980,793,Spain,Female,45,3,75909.75,1,1,1,171342.44,0
10006981,Customer_6981,676,France,Female,44,0,196741.89,2,0,0,14187.2,1
10006982,Customer_6982,598,Spain,Male,18,6,182804.16,1,0,0,63808.31,0
10006983,Customer_6983,576,Spain,Female,19,6,161527.22,1,1,0,77815.95,0
10006984,Customer_6984,397,Spain,Female,83,5,93167.84,1,0,0,78724.41,0
10006985,Customer_6985,367,Spain,Female,66,3,56617.58,2,1,1,37543.81,0
10006986,Customer_6986,749,Germany,Male,36,9,128973.74,1,0,1,120636.13,1
10006987,Customer_6987,788,Spain,Male,45,7,204276.03,1,1,0,90720.44,1
10006988,Customer_6988,644,France,Female,87,7,143916.24,2,1,0,113519.4,0
10006989,Customer_6989,545,France,Female,56,0,242534.91,3,1,0,122987.2,0
10006990,Customer_6990,536,Spain,Male,36,8,3859.37,1,0,1,38276.13,0
10006991,Customer_6991,694,France,Male,81,7,249586.7,1,1,1,184059.14,0
10006992,Customer_6992,573,Spain,Female,75,1,172852.26,2,1,0,166020.75,0
10006993,Customer_6993,667,Spain,Female,34,8,208168.5,1,0,1,165682.78,0
10006994,Customer_6994,837,France,Female,87,3,83738.09,1,0,1,106335.91,1
10006995,Customer_6995,746,Spain,Male,58,9,127085.33,2,1,0,164012.75,1
10006996,Customer_6996,714,France,Male,22,5,199247.31,2,0,0,125501.09,0
10006997,Customer_6997,686,France,Male,40,1,190162.37,1,1,0,90117.03,0
10006998,Customer_6998,846,Germany,Female,86,9,83508.61,2,1,0,150494.84,1
10006999,Customer_6999,578,France,Male,27,3,81102.56,2,1,0,119993.04,1
10007000,Customer_7000,739,Germany,Male,85,1,165702.8,1,1,0,413.71,1
10007001,Customer_7001,816,Germany,Male,29,8,233414.8,1,1,1,199400.59,0
10007002,Customer_7002,426,France,Male,27,8,109696.5,1,1,0,85976.47,1
10007003,Customer_7003,537,Spain,Male,77,4,88235.45,2,1,0,114350.31,0
10007004,Customer_7004,695,Germany,Male,47,2,223671.76,2,0,0,81193.71,1
10007005,Customer_7005,619,France,Female,41,2,170764.02,1,1,0,20070.37,0
10007006,Customer_7006,444,France,Male,86,0,97068.99,2,0,1,166803.83,1
10007007,Customer_7007,659,Spain,Male,30,7,14319.06,2,0,0,136514.56,0
10007008,Customer_7008,481,Spain,Male,26,2,180372.32,1,1,1,165705.06,1
10007009,Customer_7009,388,France,Female,35,3,88221.62,2,1,0,96794.9,0
10007010,Customer_7010,421,France,Male,52,1,17641.55,2,1,0,158343.72,1
10007011,Customer_7011,630,Spain,Male,21,7,153072.27,1,0,1,159546.1,0
10007012,Customer_7012,682,Germany,Male,58,2,80751.72,2,1,1,67266.55,0
10007013,Customer_7013,509,France,Female,43,10,84614.13,1,1,1,825.59,1
10007014,Customer_7014,536,Germany,Female,61,1,119792.53,1,1,1,171959.03,1
10007015,Customer_7015,835,France,Male,59,0,179368.69,2,0,1,36935.62,1
10007016,Customer_7016,540,Spain,Male,27,9,69082.62,2,0,1,173744.09,0
10007017,Customer_7017,771,France,Male,90,1,20236.48,3,1,0,123663.98,1
10007018,Customer_7018,469,France,Female,18,1,106106.43,1,1,1,126952.52,0
10007019,Customer_7019,569,France,Female,71,3,13731.36,1,1,0,49451.95,1
10007020,Customer_7020,402,Spain,Male,33,10,174317.13,1,1,0,80528.19,0
10007021,Customer_7021,571,Spain,Female,63,0,239810.87,2,0,0,62425.95,1
10007022,Customer_7022,800,Germany,Male,30,0,164689.7,1,1,1,38078.6,0
10007023,Customer_7023,761,Germany,Female,81,5,68847.61,2,1,1,144904.29,0
10007024,Customer_7024,480,France,Female,72,4,45425.6,1,1,1,19178.62,1
10007025,Customer_7025,586,Spain,Female,80,0,58195.89,1,0,0,102398.75,1
10007026,Customer_7026,595,France,Male,35,5,55402.5,1,0,0,107206.79,0
10007027,Customer_7027,575,Spain,Male,78,7,78457.63,2,1,0,191077.79,1
10007028,Customer_7028,557,France,Male,37,4,24336.67,1,1,0,173879.86,0
10007029,Customer_7029,755,France,Male,82,2,223929.76,1,1,1,98343.34,0
10007030,Customer_7030,445,Germany,Male,81,2,221280.12,1,1,0,168838.21,0
10007031,Customer_7031,771,Spain,Male,81,10,153809.06,2,1,0,158117.84,1
10007032,Customer_7032,549,Spain,Male,30,1,15480.09,2,0,0,5589.98,0
10007033,Customer_7033,596,Germany,Female,85,8,201000.19,3,1,1,184428.27,1
10007034,Customer_7034,421,France,Female,87,8,15447.15,1,0,0,137584.39,1
10007035,Customer_7035,667,Spain,Male,74,6,26605.31,1,1,0,134394.08,1
10007036,Customer_7036,534,France,Male,62,0,81324.1,1,0,0,142699.45,0
10007037,Customer_7037,355,Spain,Male,55,0,107867.58,2,1,1,44960.9,0
10007038,Customer_7038,555,Germany,Male,71,3,88472.24,1,1,1,5845.16,0
10007039,Customer_7039,381,France,Male,53,1,41307.45,2,1,1,46377.13,0
10007040,Customer_7040,448,France,Male,84,2,28032.43,1,1,1,158917.85,0
10007041,Customer_7041,743,France,Female,28,1,214853.81,2,1,0,119467.46,0
10007042,Customer_7042,736,France,Female,44,0,90795.31,1,0,0,72262.75,0
10007043,Customer_7043,605,France,Male,34,2,54649.84,2,1,1,48312.2,0
10007044,Customer_7044,536,France,Female,50,6,121747.84,2,1,1,159968.51,0
10007045,Customer_7045,425,France,Male,22,9,9205.85,1,1,0,91579.81,0
10007046,Customer_7046,526,Germany,Male,79,8,150070.3,2,1,0,122353.11,1
10007047,Customer_7047,664,Spain,Male,82,9,62122.4,2,1,0,2525.04,1
10007048,Customer_7048,636,France,Female,88,8,149549.1,1,1,1,85992.67,0
10007049,Customer_7049,698,France,Male,84,7,153531.29,2,1,1,3097.72,1
10007050,Customer_7050,604,France,Male,61,5,202306.05,1,0,1,157488.01,0
10007051,Customer_7051,674,Germany,Female,31,0,57476.19,1,1,1,49858.56,0
10007052,Customer_7052,539,Spain,Male,74,7,115866.16,1,0,0,33433.64,0
10007053,Customer_7053,657,Germany,Female,65,7,240471.83,1,1,1,185279.63,0
10007054,Customer_7054,694,Spain,Female,34,8,181781.21,2,1,0,3612.33,0
10007055,Customer_7055,476,Germany,Male,61,9,243835.95,1,1,1,39573.02,0
10007056,Customer_7056,774,Germany,Female,21,10,231841.43,1,1,0,48105.25,0
10007057,Customer_7057,636,France,Female,47,5,152687.15,2,1,0,164562.74,0
10007058,Customer_7058,603,Spain,Female,72,2,65982.59,2,0,1,142019.96,0
10007059,Customer_7059,562,Spain,Male,47,5,189231.04,1,0,0,193482.05,0
10007060,Customer_7060,599,Germany,Female,35,7,174529.81,2,1,1,138974.8,0
10007061,Customer_7061,433,Spain,Male,90,6,147222.53,1,0,1,47272.19,0
10007062,Customer_7062,836,France,Female,61,7,174457.31,2,0,0,33376.38,0
10007063,Customer_7063,732,Spain,Male,79,2,153396.6,1,1,0,151083.83,1
10007064,Customer_7064,755,France,Male,48,7,129844.76,2,0,1,180181.76,0
10007065,Customer_7065,737,France,Male,33,4,103988.87,1,1,0,182335.54,1
10007066,Customer_7066,362,France,Male,40,6,11177.09,2,1,0,154221.85,0
10007067,Customer_7067,394,Spain,Male,31,3,216421.98,2,0,1,158875.48,0
10007068,Customer_7068,476,Spain,Male,19,2,216385.15,2,1,0,132477.53,1
10007069,Customer_7069,775,Spain,Male,29,5,148511.83,2,1,0,147168.33,0
10007070,Customer_7070,463,Spain,Male,75,8,66971.08,1,1,0,23219.6,0
10007071,Customer_7071,782,France,Male,73,3,7032.76,1,1,0,65848.91,0
10007072,Customer_7072,625,Spain,Male,41,8,357.2,2,0,0,91625.72,0
10007073,Customer_7073,849,Spain,Female,54,2,18226.85,1,1,0,132868.31,1
10007074,Customer_7074,554,Germany,Female,46,5,89971.58,1,1,0,83542.74,1
10007075,Customer_7075,686,France,Male,59,4,47098.99,2,1,0,75006.48,1
10007076,Customer_7076,787,Germany,Male,35,8,66264.52,1,0,1,112724.2,0
10007077,Customer_7077,769,Spain,Female,20,5,174915.09,1,1,1,78892.44,0
10007078,Customer_7078,830,Spain,Male,30,1,239787.44,2,1,0,14518.39,1
10007079,Customer_7079,734,Spain,Male,46,3,51693.96,2,1,0,193883.7,0
10007080,Customer_7080,748,Spain,Male,83,4,116410.98,2,0,1,185233.22,0
10007081,Customer_7081,810,Spain,Female,76,10,247869.85,2,0,0,7812.32,1
10007082,Customer_7082,622,Spain,Male,65,10,232918.6,1,1,1,105842.53,0
10007083,Customer_7083,757,Germany,Female,21,8,88079.08,2,1,1,142557.95,0
10007084,Customer_7084,407,France,Male,68,0,79922.26,2,0,0,121976.86,1
10007085,Customer_7085,677,Germany,Female,22,8,60542.66,1,1,1,70684.44,1
10007086,Customer_7086,847,Germany,Male,56,9,38850.71,2,1,1,160657.21,0
10007087,Customer_7087,568,Spain,Male,58,0,115013.02,1,1,1,122953.67,0
10007088,Customer_7088,458,France,Male,22,0,85280.13,1,1,0,47794.43,0
10007089,Customer_7089,628,France,Female,25,3,186209.4,1,1,0,122250.82,0
10007090,Customer_7090,523,France,Male,73,5,59216.63,2,0,0,54942.23,0
10007091,Customer_7091,677,Germany,Male,42,1,184083.06,1,0,0,119174.42,1
10007092,Customer_7092,613,Germany,Female,69,0,72036.65,1,1,0,152866.27,1
10007093,Customer_7093,664,France,Female,69,3,148182.2,2,1,0,60516.48,0
10007094,Customer_7094,823,France,Male,24,7,159607.52,1,1,1,56512.24,0
10007095,Customer_7095,460,France,Male,78,5,167945.36,1,1,0,145343.5,0
10007096,Customer_7096,536,France,Male,64,4,43834.75,1,1,1,101679.42,0
10007097,Customer_7097,618,France,Male,83,0,70677.84,1,1,1,27769.59,1
10007098,Customer_7098,772,France,Female,76,2,61528.92,1,1,0,109144.08,0
10007099,Customer_7099,578,France,Male,22,6,144040.1,2,1,0,132645.52,0
10007100,Customer_7100,846,France,Female,61,9,18936.6,1,1,1,98268.74,0
10007101,Customer_7101,505,France,Male,59,2,129564.11,2,1,1,124836.38,0
10007102,Customer_7102,822,Spain,Male,78,4,21866.76,4,0,0,72977.86,1
10007103,Customer_7103,538,France,Male,80,5,84264.0,2,1,0,175564.13,1
10007104,Customer_7104,621,France,Female,67,8,171676.52,2,1,0,48001.25,0
10007105,Customer_7105,724,France,Male,55,10,103141.01,2,1,1,56276.96,0
10007106,Customer_7106,351,France,Female,71,2,70085.46,4,0,0,154734.46,1
10007107,Customer_7107,595,France,Female,61,5,153964.29,2,0,1,11582.05,0
10007108,Customer_7108,559,France,Male,41,10,185067.28,1,0,0,197476.18,0
10007109,Customer_7109,750,Germany,Male,80,1,63646.23,2,1,1,125807.12,0
10007110,Customer_7110,635,Germany,Male,56,8,74849.98,2,1,1,161491.09,0
10007111,Customer_7111,708,Germany,Female,29,8,160073.48,1,1,1,116793.35,0
10007112,Customer_7112,362,Spain,Male,80,6,241305.82,2,1,0,157268.34,0
10007113,Customer_7113,445,France,Female,26,10,53467.88,1,0,1,86846.15,0
10007114,Customer_7114,847,Spain,Male,39,8,163561.91,1,1,1,115353.15,1
10007115,Customer_7115,570,France,Female,53,3,226647.46,1,1,1,132388.61,0
10007116,Customer_7116,587,Germany,Female,91,9,115491.69,1,1,1,180386.78,0
10007117,Customer_7117,443,France,Male,45,0,79211.06,2,1,0,6965.13,0
10007118,Customer_7118,687,Spain,Female,73,0,166717.77,2,1,1,21791.82,0
10007119,Customer_7119,618,Germany,Female,46,1,7857.95,1,1,0,138132.63,0
10007120,Customer_7120,520,France,Male,22,9,90040.14,1,1,0,68879.7,0
10007121,Customer_7121,818,Germany,Female,21,10,64493.51,2,1,0,135549.74,0
10007122,Customer_7122,443,France,Female,68,2,56155.43,1,1,1,45555.99,0
10007123,Customer_7123,498,Spain,Male,32,1,44939.82,2,0,1,125655.9,0
10007124,Customer_7124,461,Germany,Male,77,3,184265.83,2,1,1,95628.78,0
10007125,Customer_7125,404,France,Male,43,7,238774.95,2,1,1,24593.35,0
10007126,Customer_7126,686,France,Female,40,2,96192.66,1,0,1,185886.2,0
10007127,Customer_7127,773,France,Female,46,3,12275.83,3,1,1,158441.89,0
10007128,Customer_7128,816,Germany,Male,74,1,179727.95,1,0,0,156217.39,0
10007129,Customer_7129,465,France,Male,79,0,134551.08,1,1,1,139388.35,0
10007130,Customer_7130,492,Germany,Male,76,7,180911.15,2,1,0,4280.42,0
10007131,Customer_7131,550,Spain,Male,65,6,161976.04,2,1,0,100929.91,0
10007132,Customer_7132,529,France,Male,52,9,226359.0,1,1,1,150194.87,1
10007133,Customer_7133,551,Spain,Male,63,1,35110.05,2,1,0,43358.42,1
10007134,Customer_7134,713,Germany,Female,50,7,42290.46,2,1,0,123056.8,1
10007135,Customer_7135,828,France,Female,88,9,85392.31,2,1,1,185897.35,0
10007136,Customer_7136,402,France,Male,27,2,122847.2,2,1,0,150589.08,0
10007137,Customer_7137,820,Germany,Male,65,6,231428.45,4,1,0,109532.79,1
10007138,Customer_7138,733,France,Female,61,0,226741.06,3,0,0,61992.45,0
10007139,Customer_7139,529,France,Male,87,2,217968.03,3,1,1,127311.68,0
10007140,Customer_7140,763,France,Female,80,8,55631.73,2,0,0,142883.9,1
10007141,Customer_7141,766,Spain,Female,66,3,182419.09,1,1,1,127558.01,1
10007142,Customer_7142,662,Germany,Female,89,0,95872.94,2,1,1,151086.43,0
10007143,Customer_7143,657,Germany,Male,58,10,232795.73,2,0,1,55857.37,1
10007144,Customer_7144,486,France,Female,56,5,53633.96,1,1,1,101567.64,1
10007145,Customer_7145,531,Spain,Female,40,0,35314.49,2,1,1,109739.28,0
10007146,Customer_7146,716,Spain,Female,30,9,210596.29,2,1,0,17987.01,0
10007147,Customer_7147,350,France,Male,70,0,179226.9,2,1,1,35317.94,0
10007148,Customer_7148,393,France,Female,87,1,205355.42,1,0,0,61332.15,0
10007149,Customer_7149,576,Spain,Male,74,2,39485.85,2,0,0,9561.7,1
10007150,Customer_7150,680,Spain,Male,84,1,221198.17,1,1,1,46729.13,1
10007151,Customer_7151,447,Germany,Male,65,7,169405.09,1,1,0,104436.59,0
10007152,Customer_7152,557,Spain,Female,37,5,162890.2,1,1,0,108354.03,0
10007153,Customer_7153,614,Germany,Female,79,0,145645.97,1,1,1,49893.69,1
10007154,Customer_7154,637,France,Female,62,5,191219.12,1,1,0,189298.23,1
10007155,Customer_7155,620,Germany,Male,80,0,103902.08,1,1,0,93439.17,1
10007156,Customer_7156,489,Germany,Male,25,8,33205.31,2,1,1,127459.25,0
10007157,Customer_7157,830,Spain,Female,43,2,134816.22,1,0,0,6083.14,0
10007158,Customer_7158,586,France,Female,55,0,187025.49,2,1,1,79843.04,0
10007159,Customer_7159,811,Germany,Female,58,0,38411.86,2,0,0,108426.71,1
10007160,Customer_7160,790,Spain,Male,19,1,56005.17,1,1,1,62458.43,0
10007161,Customer_7161,741,France,Female,24,5,174136.41,1,1,0,34283.51,0
10007162,Customer_7162,421,France,Female,42,0,67412.73,2,1,0,40238.09,1
10007163,Customer_7163,504,Spain,Male,68,6,42485.22,1,1,0,93315.89,0
10007164,Customer_7164,539,France,Male,67,10,222348.02,1,1,1,14213.42,0
10007165,Customer_7165,617,Germany,Male,81,3,40223.84,2,0,0,46900.62,0
10007166,Customer_7166,670,Spain,Female,29,6,86037.14,1,0,1,143910.86,0
10007167,Customer_7167,456,France,Female,70,3,107107.57,2,0,0,42956.67,1
10007168,Customer_7168,581,Spain,Female,27,10,119035.0,2,1,1,23396.7,0
10007169,Customer_7169,391,Germany,Male,78,3,90327.48,2,1,0,16762.31,1
10007170,Customer_7170,539,France,Female,72,3,228134.62,1,0,0,197745.77,1
10007171,Customer_7171,720,France,Female,85,9,164656.31,1,1,1,17382.6,0
10007172,Customer_7172,488,Spain,Male,59,9,89873.66,2,1,1,86705.93,0
10007173,Customer_7173,452,France,Female,83,7,89429.93,2,1,1,102219.81,0
10007174,Customer_7174,520,France,Male,61,1,125738.12,2,1,0,192915.58,0
10007175,Customer_7175,700,France,Male,45,7,8415.8,2,1,1,178221.05,0
10007176,Customer_7176,622,France,Male,75,9,231660.71,2,0,0,47544.14,1
10007177,Customer_7177,830,France,Male,19,10,55827.34,2,1,1,16950.31,0
10007178,Customer_7178,765,Spain,Female,72,0,174398.14,1,1,0,87591.6,0
10007179,Customer_7179,570,Spain,Male,51,6,194430.69,2,0,0,20192.79,1
10007180,Customer_7180,562,France,Female,37,6,206845.75,1,0,1,174222.52,0
10007181,Customer_7181,690,France,Male,64,5,41410.58,1,1,0,140758.24,0
10007182,Customer_7182,773,Germany,Male,43,3,134173.27,2,1,1,188757.91,0
10007183,Customer_7183,756,France,Female,18,4,20918.59,2,0,1,113895.14,0
10007184,Customer_7184,405,Spain,Female,82,0,201198.09,1,0,1,72891.98,0
10007185,Customer_7185,739,Spain,Male,32,1,121612.88,3,1,0,100135.01,0
10007186,Customer_7186,691,Spain,Female,31,9,39622.26,1,1,1,32164.65,0
10007187,Customer_7187,783,France,Female,72,6,179669.74,1,1,0,92618.56,0
10007188,Customer_7188,451,France,Male,18,1,82792.46,2,1,1,199741.56,0
10007189,Customer_7189,770,France,Male,50,7,28626.65,1,1,0,138104.64,0
10007190,Customer_7190,842,France,Male,87,6,115268.46,2,1,0,12481.63,1
10007191,Customer_7191,541,France,Female,73,9,58811.65,1,1,0,145136.5,1
10007192,Customer_7192,848,Spain,Male,40,7,237555.46,2,0,1,20142.04,0
10007193,Customer_7193,659,Spain,Male,71,3,90340.41,2,0,1,78135.62,0
10007194,Customer_7194,549,Spain,Male,20,0,143113.23,2,0,1,157252.4,0
10007195,Customer_7195,582,Spain,Male,63,6,237090.25,2,0,0,25627.57,0
10007196,Customer_7196,782,France,Female,23,0,98430.3,3,1,0,58556.46,1
10007197,Customer_7197,576,Germany,Female,42,6,89531.72,1,1,0,39061.3,0
10007198,Customer_7198,720,France,Male,34,8,40601.41,1,0,0,174020.59,0
10007199,Customer_7199,488,France,Male,45,4,234575.89,2,1,1,29592.68,1
10007200,Customer_7200,693,Germany,Male,49,1,200186.19,1,1,0,107162.15,0
10007201,Customer_7201,654,Germany,Female,40,10,55252.75,3,0,0,55070.95,1
10007202,Customer_7202,498,Germany,Female,33,0,83168.61,1,1,1,101456.96,0
10007203,Customer_7203,464,France,Male,43,7,228727.94,1,1,1,33481.98,0
10007204,Customer_7204,799,France,Male,50,3,134319.9,2,0,1,151517.96,0
10007205,Customer_7205,412,France,Male,75,7,139083.57,1,1,0,128626.21,0
10007206,Customer_7206,453,France,Female,65,1,162036.12,1,1,0,8695.77,0
10007207,Customer_7207,688,France,Male,72,2,190540.95,1,0,0,189513.62,1
10007208,Customer_7208,708,Germany,Male,58,2,234821.39,2,1,1,178595.89,1
10007209,Customer_7209,505,Spain,Male,79,3,200556.27,2,1,0,59563.27,1
10007210,Customer_7210,622,France,Male,34,8,233637.3,1,1,0,58383.87,1
10007211,Customer_7211,355,Germany,Female,76,8,205152.44,2,1,0,99841.06,1
10007212,Customer_7212,496,France,Male,31,4,11608.52,2,1,1,123828.01,0
10007213,Customer_7213,533,Spain,Male,38,6,29383.66,2,1,0,58214.99,0
10007214,Customer_7214,835,France,Female,80,8,221223.23,1,1,0,159072.8,1
10007215,Customer_7215,377,Spain,Male,63,0,6924.11,1,1,1,15709.2,0
10007216,Customer_7216,799,Spain,Female,72,1,198543.66,2,1,0,79573.83,1
10007217,Customer_7217,387,Spain,Male,79,5,212460.93,1,1,0,111166.71,0
10007218,Customer_7218,468,France,Female,56,2,103866.14,1,1,0,159938.6,1
10007219,Customer_7219,642,Germany,Male,59,10,88713.69,1,1,1,174364.87,0
10007220,Customer_7220,720,France,Female,65,10,48601.05,1,1,1,48889.72,0
10007221,Customer_7221,593,France,Male,45,6,12229.72,2,1,1,48221.19,0
10007222,Customer_7222,417,France,Male,23,4,186345.74,1,1,1,73659.84,0
10007223,Customer_7223,563,Spain,Female,76,9,18431.77,1,1,1,85517.41,1
10007224,Customer_7224,567,Spain,Female,87,7,236167.41,1,1,0,169682.31,1
10007225,Customer_7225,526,France,Male,56,0,74185.87,1,1,1,1525.15,0
10007226,Customer_7226,648,Germany,Female,74,8,198561.08,1,0,1,136995.48,0
10007227,Customer_7227,513,Spain,Male,71,10,14920.66,2,1,0,44020.34,0
10007228,Customer_7228,407,France,Female,77,9,134069.67,1,0,0,176481.7,1
10007229,Customer_7229,618,France,Male,34,5,87274.88,1,1,1,63477.02,0
10007230,Customer_7230,657,France,Male,57,4,7500.28,1,0,1,107516.3,0
10007231,Customer_7231,407,Spain,Male,83,7,163949.84,1,1,0,65814.47,1
10007232,Customer_7232,637,France,Female,71,3,235790.68,2,1,1,85062.59,0
10007233,Customer_7233,814,Spain,Male,88,8,2688.19,2,0,1,104451.44,0
10007234,Customer_7234,454,France,Male,61,4,67609.23,2,1,1,149510.25,1
10007235,Customer_7235,577,France,Female,84,0,175901.44,1,1,1,24160.99,1
10007236,Customer_7236,596,France,Male,74,7,217813.43,1,0,1,70452.52,0
10007237,Customer_7237,537,France,Male,53,8,47694.79,1,1,1,127931.38,0
10007238,Customer_7238,843,France,Female,74,4,17679.2,2,0,1,117764.53,0
10007239,Customer_7239,432,France,Male,60,4,2160.35,2,0,1,156168.5,0
10007240,Customer_7240,535,Spain,Male,61,5,53801.61,2,1,0,177816.09,1
10007241,Customer_7241,601,France,Male,79,8,17829.32,1,1,1,18824.67,0
10007242,Customer_7242,704,Spain,Male,78,4,89845.52,1,1,1,142771.48,0
10007243,Customer_7243,587,Spain,Female,28,1,110031.44,2,0,1,56809.11,0
10007244,Customer_7244,709,Spain,Male,50,2,119980.95,2,1,0,96283.08,0
10007245,Customer_7245,533,Spain,Male,83,10,35582.33,1,0,1,125558.85,0
10007246,Customer_7246,633,Germany,Male,40,9,115997.01,1,1,0,30131.39,1
10007247,Customer_7247,734,France,Male,66,2,2262.91,2,1,0,69325.11,1
10007248,Customer_7248,775,Spain,Male,37,8,59855.27,1,1,1,195216.74,0
10007249,Customer_7249,559,Spain,Female,32,7,92271.51,2,1,1,27268.91,0
10007250,Customer_7250,653,Spain,Female,83,5,29587.89,3,1,0,16676.64,0
10007251,Customer_7251,645,Germany,Female,47,4,203501.15,1,1,1,167361.45,0
10007252,Customer_7252,446,Germany,Male,21,9,50303.1,1,1,0,86133.31,0
10007253,Customer_7253,796,France,Male,81,1,188722.43,2,0,0,134961.89,0
10007254,Customer_7254,809,Germany,Female,82,8,118473.26,1,1,0,61154.52,1
10007255,Customer_7255,805,France,Male,25,9,119935.77,1,0,1,39695.37,0
10007256,Customer_7256,821,France,Female,69,7,161298.58,1,0,0,42503.73,1
10007257,Customer_7257,557,Germany,Female,31,4,11069.43,1,0,0,39126.65,0
10007258,Customer_7258,719,France,Female,75,5,19689.84,2,1,1,49402.64,0
10007259,Customer_7259,737,France,Male,28,8,81710.87,2,1,0,44252.65,0
10007260,Customer_7260,771,Spain,Male,76,0,104205.63,1,0,1,162741.59,1
10007261,Customer_7261,841,Spain,Female,41,3,107485.2,2,1,1,106663.87,0
10007262,Customer_7262,760,Germany,Female,49,4,169221.78,2,1,0,59308.18,0
10007263,Customer_7263,486,Germany,Male,63,8,176.25,1,1,1,69018.41,0
10007264,Customer_7264,716,Spain,Female,45,4,239776.27,1,1,0,191560.1,0
10007265,Customer_7265,749,France,Male,33,4,43621.85,2,1,0,36782.94,1
10007266,Customer_7266,533,Germany,Male,59,2,62157.92,1,1,0,177352.08,0
10007267,Customer_7267,425,France,Female,33,7,226406.8,1,1,1,147363.68,0
10007268,Customer_7268,636,France,Male,29,6,1372.85,1,1,1,122694.75,0
10007269,Customer_7269,821,Germany,Male,79,7,247826.52,1,1,1,124822.64,1
10007270,Customer_7270,724,Germany,Male,51,3,8989.33,2,0,0,84594.33,0
10007271,Customer_7271,491,France,Male,55,7,30136.38,1,0,0,87776.31,0
10007272,Customer_7272,586,France,Male,64,9,60026.68,2,0,1,159218.53,1
10007273,Customer_7273,374,Germany,Male,39,3,109680.41,1,0,0,162174.67,0
10007274,Customer_7274,639,Germany,Male,20,0,129612.88,2,1,1,114236.25,1
10007275,Customer_7275,416,Germany,Female,18,3,26179.62,1,1,1,153721.08,0
10007276,Customer_7276,599,France,Female,70,4,18418.47,2,1,0,162012.94,0
10007277,Customer_7277,757,Germany,Male,81,9,7964.76,1,1,1,66429.56,0
10007278,Customer_7278,467,France,Male,61,7,64187.68,1,1,1,124675.88,0
10007279,Customer_7279,839,France,Male,64,9,230383.24,1,0,1,87165.06,0
10007280,Customer_7280,422,Germany,Female,55,5,97460.63,2,1,0,19631.53,1
10007281,Customer_7281,631,Germany,Female,80,10,191001.85,1,1,1,129697.0,0
10007282,Customer_7282,753,France,Female,58,9,47547.05,2,1,1,117501.34,1
10007283,Customer_7283,797,France,Male,38,4,16169.81,1,1,1,20529.41,0
10007284,Customer_7284,709,Germany,Female,62,2,138569.95,2,1,1,14172.79,1
10007285,Customer_7285,359,France,Male,30,3,205523.1,1,1,1,49935.12,0
10007286,Customer_7286,560,France,Female,83,5,224614.98,1,0,1,166684.92,0
10007287,Customer_7287,672,France,Female,83,5,136551.15,1,1,0,12745.66,1
10007288,Customer_7288,501,France,Male,60,5,73508.07,1,1,1,92079.6,0
10007289,Customer_7289,354,France,Female,79,1,27377.94,2,1,1,35816.34,1
10007290,Customer_7290,544,Spain,Female,65,10,166955.71,1,0,1,50718.83,0
10007291,Customer_7291,791,Germany,Male,43,7,70109.2,2,0,0,153987.31,0
10007292,Customer_7292,632,Germany,Male,78,7,210990.61,1,0,1,170122.54,0
10007293,Customer_7293,813,Germany,Male,79,5,151280.28,2,1,1,116062.31,0
10007294,Customer_7294,462,Germany,Male,31,3,214719.64,2,1,1,172650.26,0
10007295,Customer_7295,620,Spain,Male,71,1,141663.25,4,1,1,171376.21,0
10007296,Customer_7296,512,Germany,Female,58,5,192935.59,1,1,0,44312.38,1
10007297,Customer_7297,809,France,Female,77,5,73576.29,2,1,0,129007.42,0
10007298,Customer_7298,454,Germany,Female,26,9,125764.7,1,1,1,155668.13,0
10007299,Customer_7299,530,France,Female,61,2,4851.59,1,0,1,112215.68,0
10007300,Customer_7300,393,Germany,Female,73,1,151957.94,2,1,0,161157.84,1
10007301,Customer_7301,631,Germany,Female,20,3,133434.84,1,0,0,125770.4,0
10007302,Customer_7302,524,Spain,Female,76,7,188820.58,2,0,0,56899.27,0
10007303,Customer_7303,511,Germany,Male,90,4,182238.99,3,0,1,137122.72,1
10007304,Customer_7304,820,France,Male,30,2,156904.25,2,0,0,117604.51,0
10007305,Customer_7305,700,France,Male,47,4,14171.35,1,1,0,124994.23,0
10007306,Customer_7306,783,France,Male,70,8,225752.43,2,1,0,19074.0,0
10007307,Customer_7307,689,France,Male,68,10,4504.8,1,1,1,25156.71,0
10007308,Customer_7308,489,France,Female,59,7,200816.92,1,1,0,162932.71,0
10007309,Customer_7309,820,France,Female,43,9,119836.59,2,1,1,86260.42,0
10007310,Customer_7310,481,France,Male,76,6,204498.39,2,0,0,43064.09,0
10007311,Customer_7311,436,Spain,Female,86,3,116267.47,2,1,1,18545.14,0
10007312,Customer_7312,525,France,Male,20,1,161734.45,1,1,1,52588.86,0
10007313,Customer_7313,532,France,Female,58,8,90816.38,2,0,0,59047.05,1
10007314,Customer_7314,717,France,Female,18,2,185919.68,2,1,0,196593.02,0
10007315,Customer_7315,478,Germany,Female,82,5,63544.04,1,0,1,166902.83,0
10007316,Customer_7316,595,France,Male,87,6,179838.98,1,1,0,15701.55,0
10007317,Customer_7317,438,Germany,Female,67,2,48345.66,1,1,0,149692.74,0
10007318,Customer_7318,415,France,Male,76,2,180541.92,1,0,1,112790.84,1
10007319,Customer_7319,507,Germany,Female,91,2,73417.83,1,1,1,45703.6,0
10007320,Customer_7320,736,Spain,Male,80,2,69657.94,2,1,0,149318.22,0
10007321,Customer_7321,727,France,Female,42,2,202873.48,1,1,1,6046.41,0
10007322,Customer_7322,498,France,Male,27,6,203423.16,2,0,1,146309.09,0
10007323,Customer_7323,822,France,Female,18,4,172850.59,2,1,0,179058.75,1
10007324,Customer_7324,689,Spain,Male,31,3,230977.16,1,1,1,176523.8,0
10007325,Customer_7325,782,France,Female,38,5,39048.42,1,1,1,154470.64,0
10007326,Customer_7326,465,Germany,Female,75,7,67330.33,2,0,1,186946.87,0
10007327,Customer_7327,563,Spain,Male,55,1,73503.52,2,1,1,141468.73,1
10007328,Customer_7328,818,Germany,Male,18,2,76321.58,2,1,0,137349.06,0
10007329,Customer_7329,795,France,Female,22,1,82008.0,1,1,0,5249.47,0
10007330,Customer_7330,830,France,Male,61,6,174252.29,2,1,0,34846.68,1
10007331,Customer_7331,721,Germany,Male,82,1,67689.54,2,1,1,156288.14,0
10007332,Customer_7332,643,Spain,Male,74,4,71480.54,1,0,0,199500.57,0
10007333,Customer_7333,602,Spain,Female,62,10,142603.65,1,1,0,143989.52,1
10007334,Customer_7334,492,Spain,Male,77,9,48339.71,2,1,1,115970.55,0
10007335,Customer_7335,599,Spain,Male,83,8,91221.88,1,1,0,36692.84,0
10007336,Customer_7336,715,Germany,Female,64,7,14485.1,4,0,0,189583.04,0
10007337,Customer_7337,785,Spain,Male,43,7,238136.78,2,0,0,129950.42,0
10007338,Customer_7338,812,France,Male,26,2,79326.92,2,0,1,97813.28,0
10007339,Customer_7339,651,Germany,Female,68,0,212510.53,2,1,1,172278.93,0
10007340,Customer_7340,374,France,Female,25,1,132486.4,1,1,1,190656.93,0
10007341,Customer_7341,626,France,Male,22,6,57053.04,2,1,0,74243.88,0
10007342,Customer_7342,821,Spain,Male,56,3,48356.89,1,0,0,103162.37,0
10007343,Customer_7343,726,France,Female,85,9,173740.19,2,0,0,23030.13,1
10007344,Customer_7344,727,France,Male,57,4,241217.2,2,1,1,191971.44,0
10007345,Customer_7345,738,France,Female,53,0,45767.43,1,1,1,24144.85,0
10007346,Customer_7346,419,Spain,Female,38,10,28855.3,1,1,0,185806.37,0
10007347,Customer_7347,462,Germany,Female,43,1,96774.84,2,0,0,38216.05,0
10007348,Customer_7348,712,Germany,Female,73,8,98452.64,1,1,1,181756.01,0
10007349,Customer_7349,461,France,Male,74,5,201563.24,1,1,1,90467.27,0
10007350,Customer_7350,713,France,Female,76,6,117222.32,2,1,1,118417.6,0
10007351,Customer_7351,652,France,Female,24,4,15615.3,2,1,0,7134.64,0
10007352,Customer_7352,820,France,Female,59,8,230166.92,1,0,1,78884.01,0
10007353,Customer_7353,801,Spain,Male,30,9,93296.97,2,1,0,98684.25,0
10007354,Customer_7354,440,France,Male,51,4,167132.93,1,1,0,1896.62,1
10007355,Customer_7355,367,France,Male,70,5,166872.07,2,1,0,132175.06,0
10007356,Customer_7356,498,France,Female,63,9,14085.52,1,1,0,167780.85,0
10007357,Customer_7357,825,France,Female,74,8,901.16,1,1,0,4966.73,0
10007358,Customer_7358,576,France,Female,78,4,22009.26,1,1,0,98512.7,0
10007359,Customer_7359,563,Germany,Female,73,3,239132.78,2,0,1,6756.9,0
10007360,Customer_7360,709,Germany,Female,46,4,198498.24,2,1,0,174660.18,1
10007361,Customer_7361,500,Spain,Male,31,10,33003.07,1,1,0,32172.37,0
10007362,Customer_7362,541,Germany,Male,85,4,153717.47,1,1,0,11715.31,1
10007363,Customer_7363,800,France,Female,88,4,152993.44,2,0,1,171541.15,0
10007364,Customer_7364,389,Germany,Female,30,0,139.77,1,1,0,88907.65,0
10007365,Customer_7365,591,Germany,Female,34,4,107266.07,1,1,0,19091.75,1
10007366,Customer_7366,487,France,Male,46,4,177943.87,2,1,1,129587.66,0
10007367,Customer_7367,694,Germany,Female,90,0,46698.21,2,0,1,141123.16,1
10007368,Customer_7368,529,Spain,Female,19,3,212725.96,1,0,0,113671.68,0
10007369,Customer_7369,846,France,Male,79,7,165076.22,2,1,0,66433.07,1
10007370,Customer_7370,549,Germany,Female,37,3,1731.07,2,1,0,84903.52,0
10007371,Customer_7371,552,Spain,Male,73,6,213728.55,2,0,1,190968.66,1
10007372,Customer_7372,410,Germany,Male,69,5,4850.01,2,0,1,106877.46,0
10007373,Customer_7373,541,Germany,Female,42,4,221982.2,2,1,0,79418.47,1
10007374,Customer_7374,354,France,Male,79,8,83429.71,2,1,1,141641.6,0
10007375,Customer_7375,727,France,Male,34,7,174662.56,2,0,0,15241.63,0
10007376,Customer_7376,586,Germany,Female,56,4,196857.74,2,1,0,58053.38,1
10007377,Customer_7377,530,Germany,Female,27,9,70317.2,2,1,0,45303.05,0
10007378,Customer_7378,660,Spain,Male,76,6,89109.21,1,1,0,136024.23,0
10007379,Customer_7379,386,France,Female,42,10,127385.44,1,0,0,120786.91,0
10007380,Customer_7380,405,France,Male,45,8,145672.88,2,0,1,151889.93,0
10007381,Customer_7381,792,France,Female,78,6,73010.48,2,1,0,85360.79,0
10007382,Customer_7382,586,France,Female,75,2,248098.84,2,0,1,34797.78,1
10007383,Customer_7383,707,France,Male,61,9,184251.17,1,1,0,36574.52,1
10007384,Customer_7384,698,France,Male,40,10,68538.0,1,1,0,178452.21,1
10007385,Customer_7385,546,France,Male,34,4,160108.05,1,1,1,14989.01,0
10007386,Customer_7386,422,France,Male,55,8,108842.8,2,1,1,118828.44,0
10007387,Customer_7387,408,France,Female,47,8,215082.22,1,0,0,46343.08,1
10007388,Customer_7388,589,Spain,Male,36,7,82237.52,2,1,1,42864.2,0
10007389,Customer_7389,351,Spain,Male,49,5,46963.5,2,1,1,19691.43,0
10007390,Customer_7390,798,France,Female,37,6,11534.06,2,1,0,195856.47,0
10007391,Customer_7391,709,Spain,Male,81,6,246077.31,2,1,1,12207.31,0
10007392,Customer_7392,537,Germany,Female,53,10,89805.42,2,1,0,29559.67,0
10007393,Customer_7393,656,Spain,Male,82,0,55129.62,2,0,0,73040.57,1
10007394,Customer_7394,379,France,Female,60,7,122942.12,1,0,1,91165.49,0
10007395,Customer_7395,616,France,Female,43,5,72909.83,2,1,1,190160.4,0
10007396,Customer_7396,825,Spain,Female,24,6,58225.01,1,1,0,48365.97,0
10007397,Customer_7397,457,France,Male,51,9,154096.13,1,0,1,144198.69,0
10007398,Customer_7398,681,Spain,Male,53,9,18712.1,2,0,1,131281.51,0
10007399,Customer_7399,772,Spain,Male,23,10,127248.24,1,1,1,103504.26,0
10007400,Customer_7400,439,Spain,Male,54,1,96857.83,2,1,1,53220.21,0
10007401,Customer_7401,554,France,Male,79,6,133132.32,1,0,1,31336.63,0
10007402,Customer_7402,728,France,Female,90,7,80110.16,2,0,0,35313.19,1
10007403,Customer_7403,805,France,Female,77,4,142580.23,3,1,1,69206.11,0
10007404,Customer_7404,796,Spain,Female,81,0,20454.64,2,1,1,27434.03,0
10007405,Customer_7405,797,France,Male,67,5,94039.74,1,1,1,199716.14,0
10007406,Customer_7406,794,Germany,Male,69,2,59374.65,1,1,1,89169.33,0
10007407,Customer_7407,730,France,Female,34,4,109522.43,3,1,0,107803.11,0
10007408,Customer_7408,787,France,Male,77,8,99584.03,2,1,1,123295.65,0
10007409,Customer_7409,569,France,Female,71,6,157795.92,1,1,1,39165.66,0
10007410,Customer_7410,727,Germany,Female,27,7,157189.43,2,1,1,96356.44,1
10007411,Customer_7411,443,Spain,Female,42,5,103341.19,1,1,1,12588.39,0
10007412,Customer_7412,806,France,Male,35,8,45405.79,1,1,1,193833.75,0
10007413,Customer_7413,452,Spain,Female,81,2,145478.41,2,1,0,94570.94,0
10007414,Customer_7414,572,Germany,Male,76,0,241628.84,1,1,1,5943.11,1
10007415,Customer_7415,535,Germany,Female,44,9,46360.68,1,1,1,119819.23,0
10007416,Customer_7416,818,Germany,Female,75,10,17264.79,2,0,1,20032.76,0
10007417,Customer_7417,533,France,Male,78,3,66140.3,2,1,1,157998.42,1
10007418,Customer_7418,844,France,Female,88,7,103230.08,2,0,1,190671.64,0
10007419,Customer_7419,511,Spain,Female,60,5,76547.11,1,1,0,183312.93,1
10007420,Customer_7420,596,France,Male,28,6,208677.43,2,1,0,85563.03,0
10007421,Customer_7421,380,France,Female,22,8,123256.92,2,1,1,142519.93,0
10007422,Customer_7422,401,France,Male,75,1,61531.97,2,1,1,31170.13,0
10007423,Customer_7423,694,Germany,Male,56,6,237549.76,1,1,0,15149.39,0
10007424,Customer_7424,425,France,Female,65,3,31265.7,1,0,0,164212.14,0
10007425,Customer_7425,734,Germany,Male,37,6,30727.86,2,1,1,139036.96,0
10007426,Customer_7426,788,France,Male,36,7,61321.21,1,0,1,181413.21,0
10007427,Customer_7427,627,Spain,Female,77,1,19193.03,1,1,0,182918.55,1
10007428,Customer_7428,389,France,Female,43,6,187913.17,1,1,0,69463.25,0
10007429,Customer_7429,450,Germany,Female,42,7,78202.71,1,1,1,63737.13,0
10007430,Customer_7430,460,Germany,Male,32,0,182459.5,1,1,1,88386.32,0
10007431,Customer_7431,734,Spain,Male,38,10,190684.37,2,1,1,133140.12,0
10007432,Customer_7432,670,France,Male,64,9,59379.64,2,0,1,1008.8,0
10007433,Customer_7433,598,Spain,Male,52,4,129590.91,1,0,0,106927.4,1
10007434,Customer_7434,540,France,Female,61,8,129898.04,2,0,1,3956.96,0
10007435,Customer_7435,839,France,Female,23,1,217841.1,2,0,0,90140.86,0
10007436,Customer_7436,531,Germany,Male,40,5,6407.71,1,1,0,16465.83,0
10007437,Customer_7437,775,Spain,Male,56,1,79200.09,2,1,1,112448.19,0
10007438,Customer_7438,754,Germany,Female,90,2,220622.35,1,0,0,62862.43,1
10007439,Customer_7439,684,Spain,Female,35,10,59200.81,1,0,0,95788.59,1
10007440,Customer_7440,558,France,Male,57,5,34220.0,2,1,1,191539.3,0
10007441,Customer_7441,371,Spain,Female,53,4,144034.77,2,1,0,68201.03,1
10007442,Customer_7442,515,France,Male,45,3,76469.19,1,0,0,143859.8,0
10007443,Customer_7443,448,Germany,Female,81,6,116823.62,1,1,1,136662.42,1
10007444,Customer_7444,842,Germany,Female,75,2,205003.19,1,1,0,173786.91,0
10007445,Customer_7445,557,France,Female,55,9,130174.24,3,0,1,66889.6,0
10007446,Customer_7446,357,France,Male,61,6,128972.45,1,1,0,11225.82,1
10007447,Customer_7447,539,Germany,Male,19,8,69545.67,2,1,1,194126.46,1
10007448,Customer_7448,524,France,Male,90,1,198216.39,1,1,1,72478.48,0
10007449,Customer_7449,622,France,Female,52,4,184953.66,1,1,1,38756.91,0
10007450,Customer_7450,366,France,Female,18,0,58530.13,2,1,0,182821.22,0
10007451,Customer_7451,439,Germany,Female,63,6,80001.13,1,1,1,38131.03,1
10007452,Customer_7452,490,France,Female,77,1,197157.05,2,0,0,105756.37,0
10007453,Customer_7453,494,France,Female,80,10,89429.45,2,0,1,151102.9,1
10007454,Customer_7454,515,France,Male,62,4,100889.9,2,1,1,146205.94,0
10007455,Customer_7455,686,France,Female,74,0,91103.07,2,1,1,5903.7,0
10007456,Customer_7456,845,Spain,Male,54,10,40408.13,2,1,1,40496.22,0
10007457,Customer_7457,427,Spain,Male,24,0,85224.13,1,1,0,177699.88,1
10007458,Customer_7458,778,France,Male,33,3,200733.83,2,0,1,110641.1,0
10007459,Customer_7459,611,Germany,Male,67,6,122768.84,2,0,1,137447.62,0
10007460,Customer_7460,512,Germany,Female,31,6,114554.37,1,1,1,80464.89,0
10007461,Customer_7461,715,Germany,Male,23,7,39087.79,1,1,0,149043.41,0
10007462,Customer_7462,363,Germany,Male,78,8,44392.46,1,1,1,57826.87,0
10007463,Customer_7463,588,France,Female,38,3,10737.54,1,0,0,46414.6,0
10007464,Customer_7464,421,France,Female,27,1,3488.88,1,0,1,199422.45,0
10007465,Customer_7465,794,France,Female,49,9,122003.51,1,0,0,31539.62,0
10007466,Customer_7466,492,France,Male,23,9,102308.09,2,1,1,196272.21,1
10007467,Customer_7467,659,Germany,Male,19,2,68844.39,2,0,1,185302.81,0
10007468,Customer_7468,632,France,Female,56,8,247511.64,2,1,1,142938.29,0
10007469,Customer_7469,618,France,Female,66,10,99499.05,2,1,1,116399.22,0
10007470,Customer_7470,590,France,Male,44,7,197211.72,1,1,1,916.85,0
10007471,Customer_7471,764,Spain,Female,73,5,52636.4,1,1,1,127061.19,0
10007472,Customer_7472,594,Spain,Male,31,10,61760.3,2,1,1,154484.76,0
10007473,Customer_7473,512,Germany,Male,40,2,142097.84,2,1,1,146578.07,0
10007474,Customer_7474,409,France,Male,68,9,1007.07,2,1,0,34421.99,0
10007475,Customer_7475,355,Germany,Male,42,7,4356.37,2,1,0,108911.76,0
10007476,Customer_7476,546,France,Female,70,1,35554.68,2,0,1,110044.55,0
10007477,Customer_7477,819,France,Male,28,10,55780.26,2,1,1,130580.3,0
10007478,Customer_7478,407,France,Male,52,3,131962.38,1,0,1,166190.86,0
10007479,Customer_7479,654,Germany,Male,72,3,171557.36,1,0,0,139649.49,0
10007480,Customer_7480,756,Germany,Male,75,8,77969.67,2,1,1,28270.59,0
10007481,Customer_7481,566,Spain,Male,85,7,59767.73,1,1,1,3816.98,0
10007482,Customer_7482,767,Spain,Male,54,6,205702.79,2,1,1,27326.56,0
10007483,Customer_7483,375,France,Male,26,3,40694.25,1,1,0,8066.95,0
10007484,Customer_7484,652,France,Female,45,6,169581.64,1,1,0,87360.86,0
10007485,Customer_7485,354,France,Female,72,0,232832.63,2,1,1,56758.52,1
10007486,Customer_7486,823,Germany,Female,63,10,58052.73,2,1,1,1472.87,0
10007487,Customer_7487,369,Germany,Female,87,7,21741.34,1,1,1,16065.75,0
10007488,Customer_7488,739,Spain,Male,44,7,244939.72,3,1,0,79515.16,1
10007489,Customer_7489,547,Germany,Female,27,8,67693.45,1,1,0,187953.02,1
10007490,Customer_7490,408,Spain,Male,40,8,68915.8,2,0,0,198959.81,0
10007491,Customer_7491,797,Germany,Male,38,0,120943.07,2,1,1,10034.53,0
10007492,Customer_7492,591,Spain,Female,62,9,57764.41,1,1,0,166117.88,1
10007493,Customer_7493,495,Germany,Female,20,6,248218.09,2,1,1,96057.27,1
10007494,Customer_7494,737,Germany,Male,76,0,10741.47,2,1,0,124212.55,0
10007495,Customer_7495,622,Germany,Male,60,5,112868.27,1,1,0,101199.27,0
10007496,Customer_7496,598,Germany,Male,24,4,137086.68,2,1,1,184902.21,1
10007497,Customer_7497,363,France,Female,44,10,116737.71,2,1,0,95702.71,1
10007498,Customer_7498,811,France,Male,79,1,130130.74,2,1,0,33603.75,0
10007499,Customer_7499,362,France,Female,59,2,246894.79,2,0,1,155973.07,1
10007500,Customer_7500,740,France,Male,21,7,219225.4,1,1,0,102760.26,1
10007501,Customer_7501,733,Germany,Male,79,1,77110.92,1,1,1,23423.5,1
10007502,Customer_7502,393,France,Male,25,10,137869.26,2,0,0,92324.38,0
10007503,Customer_7503,724,France,Male,34,3,77.75,2,1,0,137482.4,0
10007504,Customer_7504,748,France,Male,22,2,102392.25,2,1,1,59175.33,0
10007505,Customer_7505,368,Germany,Female,80,6,40968.56,1,0,0,182395.64,1
10007506,Customer_7506,412,France,Male,26,7,177840.15,1,1,0,169993.29,1
10007507,Customer_7507,840,France,Female,25,3,55272.39,1,1,1,113583.74,0
10007508,Customer_7508,588,France,Male,24,5,187223.91,1,0,0,10884.82,0
10007509,Customer_7509,841,France,Female,54,2,78289.96,1,1,0,116657.47,0
10007510,Customer_7510,768,Spain,Female,72,6,231457.16,2,1,0,83127.39,1
10007511,Customer_7511,686,France,Male,84,7,111354.15,1,1,1,144816.77,0
10007512,Customer_7512,768,Germany,Female,25,6,209879.43,2,1,1,53414.28,0
10007513,Customer_7513,752,Germany,Male,86,3,157041.5,2,0,1,121157.04,1
10007514,Customer_7514,753,Spain,Female,22,9,244349.55,2,1,0,110892.33,1
10007515,Customer_7515,449,France,Male,34,8,185680.69,1,1,0,105375.32,0
10007516,Customer_7516,512,France,Male,75,9,181925.83,2,1,0,23192.0,0
10007517,Customer_7517,765,France,Male,80,7,66216.5,2,0,1,97982.7,0
10007518,Customer_7518,471,France,Male,44,5,126214.94,3,1,1,110129.41,1
10007519,Customer_7519,781,Germany,Female,85,1,72528.42,2,1,0,185532.34,1
10007520,Customer_7520,393,France,Female,45,9,4823.36,2,1,1,92178.73,0
10007521,Customer_7521,709,France,Male,75,6,177646.33,2,1,0,127976.94,1
10007522,Customer_7522,757,Spain,Female,67,8,58959.12,1,1,0,113853.9,1
10007523,Customer_7523,666,Germany,Female,84,8,99331.01,2,1,1,39057.91,0
10007524,Customer_7524,730,France,Female,48,8,71159.7,3,1,1,36890.82,0
10007525,Customer_7525,494,France,Female,29,8,49908.96,1,1,0,147882.49,1
10007526,Customer_7526,676,France,Male,72,5,16779.83,2,1,1,104618.03,0
10007527,Customer_7527,712,Spain,Male,21,0,84472.48,2,1,0,179207.73,1
10007528,Customer_7528,399,Spain,Male,59,5,20436.23,2,0,1,181632.06,0
10007529,Customer_7529,414,Spain,Female,71,4,135079.79,1,1,1,59422.89,0
10007530,Customer_7530,704,Spain,Male,39,6,4906.03,1,1,0,20315.26,0
10007531,Customer_7531,637,Germany,Male,18,7,235004.97,1,0,0,68823.33,0
10007532,Customer_7532,513,France,Male,65,0,241618.75,1,1,1,13418.01,0
10007533,Customer_7533,490,France,Male,60,9,76163.46,2,1,0,156253.36,1
10007534,Customer_7534,803,Germany,Male,37,3,65048.66,1,1,1,29245.72,0
10007535,Customer_7535,663,Spain,Female,35,3,26101.3,2,1,0,173273.37,1
10007536,Customer_7536,477,France,Male,87,0,226229.73,2,0,1,83071.87,0
10007537,Customer_7537,747,Germany,Female,66,10,146715.98,1,1,0,55728.69,1
10007538,Customer_7538,770,Spain,Female,34,3,152531.23,1,1,1,100309.24,0
10007539,Customer_7539,717,France,Female,70,6,223964.12,3,1,0,121098.35,0
10007540,Customer_7540,812,Spain,Male,39,5,227696.7,2,1,1,140311.97,0
10007541,Customer_7541,588,France,Female,27,3,207085.42,1,1,0,67643.74,1
10007542,Customer_7542,673,France,Female,41,1,193360.39,1,1,0,196594.35,0
10007543,Customer_7543,645,France,Male,29,6,219310.31,3,1,0,84463.81,0
10007544,Customer_7544,536,Germany,Female,21,7,218992.65,1,1,1,166895.47,0
10007545,Customer_7545,557,Germany,Female,59,8,92161.21,2,1,0,6984.15,0
10007546,Customer_7546,569,France,Male,22,8,243347.8,1,0,1,155595.07,0
10007547,Customer_7547,749,Spain,Male,43,3,177283.05,1,0,0,110272.56,0
10007548,Customer_7548,539,Germany,Female,76,2,92552.36,2,1,0,127929.09,1
10007549,Customer_7549,737,Germany,Female,79,4,110512.38,1,0,0,74582.65,1
10007550,Customer_7550,778,France,Male,22,5,171782.76,1,0,1,108973.13,0
10007551,Customer_7551,695,Spain,Female,43,7,90274.73,1,1,1,186444.84,0
10007552,Customer_7552,633,France,Male,23,2,206639.43,2,1,1,77214.11,0
10007553,Customer_7553,701,France,Female,41,5,37015.91,1,1,0,21163.04,0
10007554,Customer_7554,586,France,Male,70,4,226898.57,1,1,0,144105.6,0
10007555,Customer_7555,543,France,Male,24,6,75299.38,1,0,0,101038.24,0
10007556,Customer_7556,636,Spain,Female,27,8,38178.2,1,0,1,84994.59,0
10007557,Customer_7557,608,France,Female,56,6,214506.07,1,0,0,155566.1,0
10007558,Customer_7558,595,France,Male,45,10,59865.81,2,1,1,112440.18,0
10007559,Customer_7559,485,Spain,Male,59,5,210848.93,1,1,0,126280.19,0
10007560,Customer_7560,629,Germany,Female,79,8,74066.1,2,1,1,185216.01,1
10007561,Customer_7561,620,Spain,Female,69,9,233466.07,1,1,0,11712.56,0
10007562,Customer_7562,520,France,Female,39,3,54769.41,1,1,1,52484.53,0
10007563,Customer_7563,508,Germany,Male,74,0,17412.5,1,1,1,179645.41,0
10007564,Customer_7564,550,France,Female,28,7,234132.79,1,1,0,158547.87,0
10007565,Customer_7565,836,Spain,Female,31,5,41406.44,1,0,1,37728.63,0
10007566,Customer_7566,394,Germany,Male,48,5,236033.14,2,1,1,33832.78,1
10007567,Customer_7567,799,Germany,Female,21,4,205994.34,2,1,1,165029.26,0
10007568,Customer_7568,613,France,Male,39,9,20481.35,1,0,0,110577.69,0
10007569,Customer_7569,420,France,Female,81,10,111283.8,2,1,1,172069.49,0
10007570,Customer_7570,713,France,Male,78,2,18349.91,1,1,0,183537.73,1
10007571,Customer_7571,720,France,Male,23,5,82446.64,1,1,0,13918.89,1
10007572,Customer_7572,452,France,Male,85,0,87875.77,1,0,0,193955.99,1
10007573,Customer_7573,839,Germany,Male,23,6,149908.33,1,0,0,143297.84,0
10007574,Customer_7574,474,France,Male,83,5,243973.89,1,0,0,166894.95,1
10007575,Customer_7575,662,Spain,Female,53,4,42440.86,2,1,1,126070.89,0
10007576,Customer_7576,813,France,Male,32,2,82287.74,1,1,0,61039.99,0
10007577,Customer_7577,832,France,Female,57,7,146775.62,1,0,1,119890.57,0
10007578,Customer_7578,635,Spain,Female,58,3,42855.21,2,0,0,103179.4,1
10007579,Customer_7579,807,Germany,Female,24,8,177677.42,1,1,0,186415.69,0
10007580,Customer_7580,579,France,Male,39,8,100914.93,2,1,0,111010.97,0
10007581,Customer_7581,495,France,Male,89,4,237393.07,1,1,1,5589.62,1
10007582,Customer_7582,719,Germany,Male,28,10,157467.74,1,1,1,137222.49,0
10007583,Customer_7583,546,France,Female,19,6,90770.18,2,1,1,10118.55,0
10007584,Customer_7584,722,France,Male,47,5,179868.28,1,0,1,188800.77,0
10007585,Customer_7585,570,Germany,Female,85,5,209688.64,2,0,0,97324.18,0
10007586,Customer_7586,772,France,Female,70,3,200119.94,1,1,0,193601.89,1
10007587,Customer_7587,409,France,Male,38,9,65691.1,1,1,0,5183.65,0
10007588,Customer_7588,447,Spain,Female,42,7,104245.84,1,1,1,106575.12,0
10007589,Customer_7589,520,Spain,Male,90,10,113044.42,1,1,0,45249.73,0
10007590,Customer_7590,731,France,Female,89,10,97095.85,1,1,1,128152.23,0
10007591,Customer_7591,522,Germany,Male,22,10,77715.9,1,1,1,99647.58,0
10007592,Customer_7592,500,France,Male,83,9,188186.95,1,0,1,113229.73,1
10007593,Customer_7593,802,Spain,Male,66,2,3056.06,1,0,1,71935.16,0
10007594,Customer_7594,699,Germany,Female,25,4,73386.06,2,1,1,10319.32,0
10007595,Customer_7595,739,France,Female,44,0,35404.31,1,0,1,21229.15,0
10007596,Customer_7596,789,France,Male,19,0,32192.33,2,0,1,171713.67,0
10007597,Customer_7597,471,France,Male,45,8,69239.67,2,1,1,140557.73,0
10007598,Customer_7598,843,Germany,Male,28,3,190538.27,1,1,1,153882.07,0
10007599,Customer_7599,457,Germany,Female,63,8,242355.47,1,0,0,24543.53,1
10007600,Customer_7600,353,France,Male,38,6,128654.62,1,1,1,9858.69,0
10007601,Customer_7601,442,France,Female,59,9,84742.95,1,1,0,3466.08,0
10007602,Customer_7602,756,France,Male,49,7,207292.62,1,1,1,104368.13,0
10007603,Customer_7603,355,France,Female,49,10,16775.86,1,1,1,100184.92,0
10007604,Customer_7604,637,France,Male,88,8,23291.99,1,1,1,22139.39,0
10007605,Customer_7605,455,Germany,Female,39,0,86341.58,1,1,0,69331.61,0
10007606,Customer_7606,495,Germany,Female,38,6,112102.12,1,1,0,106048.14,1
10007607,Customer_7607,620,Spain,Male,39,7,199459.47,1,1,0,135166.53,1
10007608,Customer_7608,773,Spain,Female,51,1,231315.98,1,0,1,162001.8,1
10007609,Customer_7609,727,Germany,Female,27,9,132819.13,2,1,1,128281.7,1
10007610,Customer_7610,445,Germany,Male,82,8,123911.17,2,1,0,6011.96,1
10007611,Customer_7611,806,Spain,Male,82,0,53252.75,1,1,1,117222.79,0
10007612,Customer_7612,578,France,Female,84,2,112795.39,2,1,0,17594.31,1
10007613,Customer_7613,551,France,Female,60,10,230911.06,1,0,1,112986.81,1
10007614,Customer_7614,561,France,Female,58,8,98224.88,2,1,0,75204.34,1
10007615,Customer_7615,355,Germany,Female,30,0,52670.62,1,1,0,57275.36,1
10007616,Customer_7616,461,Spain,Male,21,3,84323.76,1,1,0,96348.92,0
10007617,Customer_7617,725,France,Male,40,9,128648.65,2,1,0,76302.45,0
10007618,Customer_7618,728,Germany,Male,87,5,149646.26,3,1,1,166055.97,0
10007619,Customer_7619,796,Germany,Male,51,5,108107.47,2,0,1,45307.0,1
10007620,Customer_7620,672,France,Male,58,3,189634.04,1,0,1,27351.29,1
10007621,Customer_7621,455,France,Male,35,9,146113.35,1,1,1,167397.63,1
10007622,Customer_7622,488,France,Female,50,9,166262.03,1,0,0,48690.11,0
10007623,Customer_7623,648,France,Female,42,9,215729.73,2,1,0,6457.87,0
10007624,Customer_7624,750,Spain,Female,69,9,216422.14,1,1,0,77403.4,1
10007625,Customer_7625,445,Spain,Male,34,0,50877.08,2,1,0,163810.97,0
10007626,Customer_7626,737,Spain,Female,68,4,155836.19,2,1,1,86380.28,0
10007627,Customer_7627,796,Germany,Male,20,4,179160.22,2,1,1,94022.91,0
10007628,Customer_7628,801,Spain,Male,72,2,36463.24,2,0,1,9449.94,1
10007629,Customer_7629,686,Germany,Female,73,10,210692.46,2,0,0,142213.21,1
10007630,Customer_7630,646,Germany,Male,52,2,45117.47,1,1,0,68748.75,0
10007631,Customer_7631,816,Germany,Female,85,3,199819.86,2,0,1,145726.64,1
10007632,Customer_7632,738,Germany,Male,76,2,40366.44,2,1,0,82200.64,0
10007633,Customer_7633,765,France,Male,76,2,185444.63,2,1,0,105383.78,0
10007634,Customer_7634,563,Germany,Male,30,2,37036.99,1,1,1,117901.67,0
10007635,Customer_7635,803,France,Female,79,6,94707.33,2,0,1,39386.97,0
10007636,Customer_7636,640,Germany,Male,64,8,35879.03,3,1,1,58810.65,1
10007637,Customer_7637,371,France,Female,20,10,67678.77,2,1,1,117118.33,0
10007638,Customer_7638,542,France,Female,38,0,246128.69,1,0,1,164590.06,0
10007639,Customer_7639,817,Spain,Female,82,7,26918.91,2,1,0,192289.1,0
10007640,Customer_7640,499,France,Male,35,9,101616.21,1,1,1,104839.23,0
10007641,Customer_7641,717,France,Male,30,0,169229.84,1,0,1,14792.69,0
10007642,Customer_7642,596,France,Female,88,8,23649.64,1,1,1,191203.17,0
10007643,Customer_7643,616,Spain,Female,62,7,27258.25,1,0,0,84160.16,0
10007644,Customer_7644,810,Germany,Female,79,5,35815.72,1,1,0,20505.83,1
10007645,Customer_7645,600,Germany,Male,47,5,161246.59,1,1,0,194440.71,0
10007646,Customer_7646,839,Spain,Male,31,10,227334.23,2,0,1,56110.67,0
10007647,Customer_7647,352,France,Male,70,9,206497.36,2,0,1,131371.37,0
10007648,Customer_7648,742,France,Female,27,6,245763.81,2,1,0,28833.28,0
10007649,Customer_7649,665,France,Male,89,7,144534.47,2,1,0,143915.67,1
10007650,Customer_7650,425,Germany,Female,48,6,240369.33,1,0,0,195263.03,1
10007651,Customer_7651,436,Germany,Female,23,0,76233.54,1,0,1,197011.5,0
10007652,Customer_7652,619,France,Male,36,9,105376.15,2,1,0,25251.45,0
10007653,Customer_7653,574,France,Male,29,3,99010.34,2,1,0,153743.9,1
10007654,Customer_7654,367,France,Female,81,3,11839.37,2,0,1,132861.72,0
10007655,Customer_7655,462,Germany,Male,72,8,207426.32,1,0,0,160296.33,1
10007656,Customer_7656,600,France,Male,84,8,6179.55,1,1,0,66649.08,0
10007657,Customer_7657,582,France,Male,26,2,182469.06,1,1,1,80355.92,0
10007658,Customer_7658,678,France,Male,23,10,101766.2,1,1,1,68369.68,0
10007659,Customer_7659,628,Germany,Female,18,8,1561.93,2,0,1,153305.9,0
10007660,Customer_7660,551,Germany,Male,59,4,72486.73,2,1,0,161823.06,0
10007661,Customer_7661,432,France,Male,72,10,86531.92,2,1,1,49868.51,0
10007662,Customer_7662,474,Germany,Female,66,5,241175.62,1,1,1,114562.41,1
10007663,Customer_7663,524,Germany,Male,47,6,165269.77,2,1,0,25203.08,1
10007664,Customer_7664,418,Spain,Male,52,2,135892.9,2,1,0,2643.46,1
10007665,Customer_7665,396,France,Female,80,3,31762.64,1,1,1,122019.08,0
10007666,Customer_7666,721,Germany,Female,39,4,97776.08,1,1,1,168042.28,0
10007667,Customer_7667,605,France,Male,60,0,8941.09,1,1,1,181311.67,0
10007668,Customer_7668,564,France,Male,45,7,190421.35,1,1,0,124076.44,1
10007669,Customer_7669,379,Germany,Female,35,10,40694.18,2,1,1,161740.39,0
10007670,Customer_7670,630,France,Female,49,6,148608.93,1,1,1,80854.27,0
10007671,Customer_7671,761,France,Male,86,10,174847.88,2,1,1,175068.82,0
10007672,Customer_7672,831,France,Male,71,1,91627.28,1,0,1,154945.99,1
10007673,Customer_7673,586,France,Male,51,6,158148.29,1,1,0,61713.19,0
10007674,Customer_7674,597,France,Female,48,8,191058.22,2,1,1,119447.77,0
10007675,Customer_7675,717,France,Male,21,4,46030.95,1,1,1,10262.17,0
10007676,Customer_7676,844,Germany,Female,31,10,150215.08,2,1,0,29326.81,1
10007677,Customer_7677,374,Spain,Female,32,5,183470.78,1,1,0,189331.13,0
10007678,Customer_7678,423,France,Female,77,4,89262.02,2,1,1,1961.74,0
10007679,Customer_7679,555,Germany,Female,37,0,40622.79,2,1,0,40655.68,1
10007680,Customer_7680,839,Spain,Male,37,5,71529.01,1,0,0,27771.17,0
10007681,Customer_7681,843,France,Male,66,6,233268.67,1,0,1,139757.05,0
10007682,Customer_7682,663,France,Male,85,4,89361.99,2,0,0,21148.71,0
10007683,Customer_7683,443,Spain,Male,35,2,26925.15,1,1,1,4036.58,0
10007684,Customer_7684,724,Germany,Male,41,5,20681.63,2,0,0,186098.62,0
10007685,Customer_7685,476,France,Male,44,10,45123.77,2,0,0,174553.28,0
10007686,Customer_7686,774,France,Female,50,6,31878.08,2,1,0,71696.81,1
10007687,Customer_7687,374,Germany,Female,81,9,123760.91,2,1,0,20114.67,1
10007688,Customer_7688,683,Spain,Female,42,9,86887.86,1,1,0,135643.97,0
10007689,Customer_7689,704,France,Male,86,8,210351.41,2,1,1,176624.5,0
10007690,Customer_7690,465,Spain,Female,35,6,220269.63,1,1,0,194930.65,1
10007691,Customer_7691,397,France,Male,62,2,118319.85,1,1,1,26034.36,0
10007692,Customer_7692,575,France,Male,37,0,222131.78,2,0,1,120046.53,0
10007693,Customer_7693,615,France,Female,52,6,112615.41,2,1,1,86116.47,1
10007694,Customer_7694,448,Germany,Male,23,7,160490.53,2,1,1,31359.35,0
10007695,Customer_7695,808,France,Female,26,10,40633.71,2,0,1,161581.27,0
10007696,Customer_7696,360,France,Male,69,0,13145.64,2,0,0,156440.57,1
10007697,Customer_7697,434,Spain,Male,45,4,40021.29,1,1,0,192930.07,1
10007698,Customer_7698,754,Spain,Male,36,7,62961.31,2,1,1,17116.82,0
10007699,Customer_7699,563,France,Female,80,9,187745.47,1,1,1,47783.38,0
10007700,Customer_7700,522,France,Male,24,6,43376.31,1,1,0,165517.01,0
10007701,Customer_7701,740,Spain,Female,54,1,32663.67,2,1,0,79091.96,0
10007702,Customer_7702,558,Germany,Male,53,3,231902.34,2,1,1,95192.66,0
10007703,Customer_7703,797,France,Male,34,5,172200.61,2,1,0,122309.32,0
10007704,Customer_7704,731,Spain,Female,54,6,118326.4,1,0,1,81697.39,0
10007705,Customer_7705,413,France,Male,77,6,23742.1,2,1,0,7090.04,0
10007706,Customer_7706,607,Germany,Male,66,2,212947.73,3,1,0,120801.34,1
10007707,Customer_7707,681,France,Male,73,7,27064.61,1,0,0,45782.97,0
10007708,Customer_7708,470,Germany,Female,51,6,152761.63,1,1,1,193774.55,0
10007709,Customer_7709,647,France,Male,47,3,166919.12,1,0,1,138068.54,0
10007710,Customer_7710,815,Germany,Male,44,9,100034.7,1,1,1,168132.59,0
10007711,Customer_7711,403,Spain,Male,68,3,227804.18,1,1,1,190880.79,1
10007712,Customer_7712,680,France,Male,26,3,12675.15,1,1,0,12675.55,0
10007713,Customer_7713,621,Germany,Male,37,4,204529.23,2,1,0,29747.87,1
10007714,Customer_7714,590,France,Male,64,10,138448.6,2,1,1,161606.78,0
10007715,Customer_7715,592,Spain,Male,36,1,152800.93,3,1,0,176959.62,0
10007716,Customer_7716,367,Spain,Male,85,8,246706.39,1,1,0,986.69,1
10007717,Customer_7717,832,Spain,Female,29,5,145661.95,1,1,0,189045.55,0
10007718,Customer_7718,536,Germany,Male,90,7,199257.0,1,1,0,90881.67,1
10007719,Customer_7719,695,Spain,Male,22,10,38382.69,2,1,0,92531.25,0
10007720,Customer_7720,493,France,Male,86,0,202322.4,1,1,1,175749.85,1
10007721,Customer_7721,611,France,Male,42,5,190268.23,1,0,1,57914.37,0
10007722,Customer_7722,790,Germany,Female,48,5,242027.52,2,1,1,116702.8,1
10007723,Customer_7723,713,France,Male,63,7,233927.66,1,1,1,66845.2,1
10007724,Customer_7724,840,Spain,Male,51,0,53496.64,2,1,1,22720.66,0
10007725,Customer_7725,780,Germany,Male,58,4,116233.28,1,0,0,71722.77,1
10007726,Customer_7726,588,France,Male,85,2,227870.79,2,0,1,34615.59,0
10007727,Customer_7727,653,France,Female,55,5,160191.27,2,0,1,104201.16,0
10007728,Customer_7728,647,France,Male,63,8,115925.1,1,0,0,105964.01,0
10007729,Customer_7729,425,Germany,Male,86,9,27234.69,1,1,0,87467.64,1
10007730,Customer_7730,537,France,Male,44,2,87939.39,1,1,0,34771.76,1
10007731,Customer_7731,682,France,Female,60,8,166309.99,2,0,0,23756.13,1
10007732,Customer_7732,737,Germany,Male,88,8,194228.62,2,1,1,20933.45,1
10007733,Customer_7733,836,Spain,Male,62,0,111791.73,2,0,1,22442.72,0
10007734,Customer_7734,595,Spain,Male,35,1,13961.12,1,0,1,58983.41,0
10007735,Customer_7735,479,Spain,Male,49,10,158293.05,2,0,1,383.86,0
10007736,Customer_7736,823,Spain,Male,19,3,230396.6,1,1,1,12461.58,0
10007737,Customer_7737,664,France,Male,58,10,124102.69,1,0,0,94094.7,1
10007738,Customer_7738,760,Spain,Female,37,10,232106.18,1,1,1,36547.13,0
10007739,Customer_7739,632,France,Female,75,6,88525.18,2,1,1,52683.89,1
10007740,Customer_7740,428,Germany,Female,55,1,221591.44,2,0,0,70671.63,1
10007741,Customer_7741,421,Germany,Male,18,6,196584.94,1,1,1,7940.85,0
10007742,Customer_7742,612,Spain,Female,86,4,240435.39,2,1,1,44012.92,0
10007743,Customer_7743,540,France,Female,71,9,197755.31,1,0,1,155339.96,0
10007744,Customer_7744,716,France,Female,31,6,80369.94,2,1,0,68186.64,0
10007745,Customer_7745,724,Germany,Female,42,8,225141.88,3,1,1,37240.87,0
10007746,Customer_7746,779,France,Female,26,8,167432.77,2,1,0,39557.73,0
10007747,Customer_7747,412,Spain,Male,78,2,40517.33,2,0,1,196946.75,0
10007748,Customer_7748,837,Germany,Male,69,2,11491.27,1,1,0,29700.43,1
10007749,Customer_7749,729,Germany,Male,25,6,91461.4,1,1,1,181084.68,0
10007750,Customer_7750,361,Spain,Male,33,4,196716.04,2,0,0,16119.08,0
10007751,Customer_7751,490,Germany,Male,25,4,154553.65,2,1,0,174887.47,1
10007752,Customer_7752,603,France,Male,40,4,131781.79,1,1,1,101388.68,0
10007753,Customer_7753,392,France,Female,90,8,931.91,2,1,1,121745.38,0
10007754,Customer_7754,366,Germany,Female,51,3,108875.18,1,0,1,49194.63,0
10007755,Customer_7755,412,Spain,Male,35,5,39430.85,4,1,1,179722.85,0
10007756,Customer_7756,602,Spain,Male,61,5,113641.85,2,0,1,117433.63,0
10007757,Customer_7757,814,Spain,Female,32,6,247942.58,1,1,1,135143.58,0
10007758,Customer_7758,725,France,Female,32,1,219884.71,2,1,0,111357.08,1
10007759,Customer_7759,641,France,Male,40,5,77657.65,2,1,0,25056.55,1
10007760,Customer_7760,818,France,Male,82,8,148376.85,1,1,0,167246.74,1
10007761,Customer_7761,357,Spain,Male,88,2,125523.81,1,1,0,36726.01,1
10007762,Customer_7762,674,France,Male,49,1,32511.75,1,1,0,58397.39,0
10007763,Customer_7763,439,France,Female,49,7,247451.63,2,0,1,133907.36,0
10007764,Customer_7764,557,Germany,Female,50,0,106293.79,1,1,1,18675.83,0
10007765,Customer_7765,641,France,Male,60,10,126414.76,2,1,0,186681.58,0
10007766,Customer_7766,633,Germany,Female,30,7,161899.83,2,1,0,24835.15,1
10007767,Customer_7767,467,France,Female,26,4,47886.13,1,1,0,133434.85,0
10007768,Customer_7768,698,France,Female,79,8,55556.65,2,1,1,127028.43,0
10007769,Customer_7769,524,France,Female,74,8,48139.61,2,1,1,139609.41,0
10007770,Customer_7770,425,Spain,Male,65,3,96116.39,3,0,0,86675.59,1
10007771,Customer_7771,450,France,Male,60,0,49919.24,2,0,1,76463.84,0
10007772,Customer_7772,763,France,Male,84,4,231598.99,2,1,0,195531.84,0
10007773,Customer_7773,500,France,Female,49,6,178578.51,2,0,0,163433.71,0
10007774,Customer_7774,749,France,Female,90,8,224458.89,1,0,1,97094.39,1
10007775,Customer_7775,619,Spain,Female,77,9,212121.03,1,1,1,36462.51,0
10007776,Customer_7776,807,France,Male,18,8,175787.99,2,1,0,178111.92,1
10007777,Customer_7777,420,Spain,Male,74,8,60686.55,1,0,0,129753.75,0
10007778,Customer_7778,842,France,Female,86,5,153829.72,2,1,0,27164.19,1
10007779,Customer_7779,529,Spain,Female,86,1,46574.72,2,1,1,36629.86,0
10007780,Customer_7780,473,Spain,Male,85,4,33119.01,1,1,1,108169.02,0
10007781,Customer_7781,730,Germany,Male,78,2,158143.81,1,1,1,100742.19,1
10007782,Customer_7782,642,Germany,Female,25,5,156156.4,1,1,1,81862.94,0
10007783,Customer_7783,634,France,Female,24,10,39155.54,1,0,0,85381.1,0
10007784,Customer_7784,544,Germany,Male,54,4,88106.92,1,1,1,34449.58,1
10007785,Customer_7785,748,France,Male,59,9,16570.29,2,0,1,51101.38,1
10007786,Customer_7786,577,France,Female,49,10,178933.28,2,1,1,98547.27,0
10007787,Customer_7787,780,Spain,Female,34,0,246873.91,1,1,0,12751.23,0
10007788,Customer_7788,779,France,Male,45,9,184976.54,1,1,1,70543.58,0
10007789,Customer_7789,785,Spain,Male,87,9,211038.04,1,1,0,42083.45,0
10007790,Customer_7790,624,France,Male,65,1,119085.81,4,0,0,34938.72,1
10007791,Customer_7791,810,Germany,Male,71,10,23896.02,1,1,1,29327.99,1
10007792,Customer_7792,455,Spain,Male,59,4,181651.63,1,1,1,28047.34,0
10007793,Customer_7793,370,Germany,Female,53,5,64130.05,2,1,1,32097.02,0
10007794,Customer_7794,413,Germany,Male,83,0,97073.49,2,1,0,74833.47,1
10007795,Customer_7795,514,Germany,Female,48,6,175774.81,1,1,1,20300.9,0
10007796,Customer_7796,376,Spain,Male,82,2,226196.13,4,1,0,179409.42,1
10007797,Customer_7797,660,France,Male,20,0,121562.26,2,1,0,99588.75,0
10007798,Customer_7798,849,Germany,Male,30,6,240401.39,1,1,0,100960.54,1
10007799,Customer_7799,634,France,Male,48,6,129975.88,2,0,1,42227.14,0
10007800,Customer_7800,497,France,Male,46,9,30627.61,1,0,0,173432.5,1
10007801,Customer_7801,630,France,Female,74,2,129608.44,1,0,1,165628.1,0
10007802,Customer_7802,675,France,Male,50,5,215156.93,2,1,1,6859.83,0
10007803,Customer_7803,668,Germany,Male,70,3,134511.28,3,1,0,146483.81,0
10007804,Customer_7804,513,Spain,Female,27,3,186938.84,1,0,1,36862.8,0
10007805,Customer_7805,735,Spain,Female,80,8,136989.4,1,0,1,111128.26,0
10007806,Customer_7806,755,Germany,Male,90,6,136513.64,2,1,1,174105.08,0
10007807,Customer_7807,573,France,Male,82,5,71190.23,2,1,0,186811.28,0
10007808,Customer_7808,621,France,Female,19,8,50315.12,2,1,0,36899.44,1
10007809,Customer_7809,495,France,Male,19,2,69729.7,2,1,0,187915.87,0
10007810,Customer_7810,802,Germany,Female,86,3,110209.47,1,0,0,13926.78,0
10007811,Customer_7811,787,France,Male,91,8,202397.53,2,1,1,181866.31,1
10007812,Customer_7812,705,Germany,Female,54,3,207247.78,2,1,1,154467.7,0
10007813,Customer_7813,379,Spain,Male,19,6,40844.45,1,0,1,182765.91,1
10007814,Customer_7814,394,Germany,Female,78,8,138213.73,1,1,0,73236.22,1
10007815,Customer_7815,624,Spain,Male,57,3,104006.93,1,1,0,188156.51,1
10007816,Customer_7816,820,Germany,Female,80,8,142733.93,1,1,1,163705.36,0
10007817,Customer_7817,383,France,Male,42,6,161905.85,1,1,1,65671.89,0
10007818,Customer_7818,490,France,Male,55,3,69903.0,1,1,1,67794.1,0
10007819,Customer_7819,776,Spain,Male,54,2,229810.6,1,1,0,71450.16,0
10007820,Customer_7820,667,Germany,Female,44,5,233862.04,2,1,1,117761.87,0
10007821,Customer_7821,723,Germany,Male,67,2,26339.44,1,1,1,36388.85,0
10007822,Customer_7822,570,France,Male,51,6,175754.62,3,0,0,86706.21,1
10007823,Customer_7823,705,Germany,Male,61,0,8308.02,2,0,1,13542.36,1
10007824,Customer_7824,371,France,Female,89,6,11640.95,1,0,1,71670.15,0
10007825,Customer_7825,529,France,Male,21,2,239449.98,1,1,0,133350.28,1
10007826,Customer_7826,785,France,Male,69,8,173713.28,2,1,1,117898.38,0
10007827,Customer_7827,716,France,Female,72,5,81135.41,1,1,1,63314.66,0
10007828,Customer_7828,769,France,Female,90,6,167469.42,2,1,1,51448.98,0
10007829,Customer_7829,678,France,Male,29,8,211458.76,1,1,1,65426.7,0
10007830,Customer_7830,580,Germany,Female,31,5,217725.87,1,1,0,13919.74,1
10007831,Customer_7831,848,Germany,Male,52,9,5129.94,1,0,0,51523.66,0
10007832,Customer_7832,752,Germany,Male,23,10,204557.0,2,1,1,141613.41,0
10007833,Customer_7833,387,France,Female,64,1,213300.68,2,1,0,35758.77,1
10007834,Customer_7834,419,Spain,Female,40,5,148892.55,1,1,1,27655.59,0
10007835,Customer_7835,465,France,Male,85,5,119975.96,2,1,1,169213.13,0
10007836,Customer_7836,588,France,Male,82,1,27749.73,1,1,0,47318.89,0
10007837,Customer_7837,684,Germany,Male,76,6,59903.46,2,1,0,50229.08,1
10007838,Customer_7838,790,France,Female,26,8,122621.28,1,1,0,92613.65,0
10007839,Customer_7839,497,Germany,Female,75,9,216269.93,2,1,1,94388.21,0
10007840,Customer_7840,358,Germany,Male,65,3,200783.59,2,1,0,37249.42,0
10007841,Customer_7841,637,Spain,Female,80,10,123982.4,1,0,0,111232.79,1
10007842,Customer_7842,737,Spain,Male,26,4,196406.76,2,1,1,139151.61,0
10007843,Customer_7843,399,Spain,Female,61,5,191433.34,2,1,0,96904.19,0
10007844,Customer_7844,687,France,Male,63,0,144753.84,2,1,1,179088.11,0
10007845,Customer_7845,354,Spain,Female,32,7,55081.36,2,1,0,198318.54,0
10007846,Customer_7846,753,France,Male,70,8,87000.94,2,1,1,105727.29,0
10007847,Customer_7847,692,Germany,Female,65,0,41016.14,2,1,0,194539.41,1
10007848,Customer_7848,475,Germany,Male,89,3,1787.63,2,1,0,129301.63,1
10007849,Customer_7849,424,France,Male,59,5,20131.36,2,1,1,105766.36,0
10007850,Customer_7850,514,Germany,Female,34,9,189906.41,2,1,0,174006.32,0
10007851,Customer_7851,627,France,Male,52,0,8371.54,2,1,0,193299.38,0
10007852,Customer_7852,791,France,Male,48,2,99963.16,2,0,1,199801.91,0
10007853,Customer_7853,673,Spain,Male,21,6,246445.08,1,1,0,151837.91,0
10007854,Customer_7854,826,France,Female,65,7,198809.8,4,1,0,97065.74,1
10007855,Customer_7855,649,France,Male,31,7,187654.4,1,1,0,59215.04,0
10007856,Customer_7856,639,France,Male,42,4,68677.19,1,1,0,111601.0,0
10007857,Customer_7857,426,Spain,Male,63,0,160432.55,3,0,1,155508.34,0
10007858,Customer_7858,647,France,Female,65,0,124677.96,1,1,0,5375.62,1
10007859,Customer_7859,486,France,Male,57,7,155956.1,2,0,0,53538.21,0
10007860,Customer_7860,455,Spain,Male,67,4,108954.03,3,1,0,70927.8,0
10007861,Customer_7861,444,France,Female,24,10,132740.76,1,1,0,155991.97,0
10007862,Customer_7862,484,France,Male,77,8,247099.06,1,1,0,122714.67,1
10007863,Customer_7863,417,Spain,Male,52,0,82328.21,2,0,0,85147.63,1
10007864,Customer_7864,496,Germany,Female,80,1,54113.19,2,1,0,183854.24,0
10007865,Customer_7865,839,Spain,Male,37,3,112123.61,2,1,0,107634.33,1
10007866,Customer_7866,827,France,Female,33,9,131080.13,2,1,1,144785.46,0
10007867,Customer_7867,508,Spain,Female,39,10,21407.21,1,1,1,131098.24,0
10007868,Customer_7868,733,Spain,Male,53,6,201493.01,1,1,1,171703.2,0
10007869,Customer_7869,512,France,Male,36,3,105513.2,2,1,0,162477.79,0
10007870,Customer_7870,790,France,Female,19,7,103296.71,2,1,0,197806.4,1
10007871,Customer_7871,690,Spain,Female,85,6,164709.96,1,1,0,75845.07,1
10007872,Customer_7872,538,France,Male,24,4,193311.08,1,1,0,32983.61,0
10007873,Customer_7873,764,Germany,Male,64,6,246485.07,1,1,1,151966.16,1
10007874,Customer_7874,688,Germany,Female,66,7,43379.92,2,1,1,174944.19,0
10007875,Customer_7875,444,Spain,Male,60,2,86388.92,2,1,1,10884.8,0
10007876,Customer_7876,530,Spain,Male,49,2,42064.32,1,0,1,66582.67,0
10007877,Customer_7877,637,France,Female,34,1,220213.76,1,1,0,161440.93,0
10007878,Customer_7878,671,France,Male,31,3,137123.31,1,0,0,136690.76,0
10007879,Customer_7879,536,Spain,Female,49,10,213110.02,3,1,0,151062.98,0
10007880,Customer_7880,721,Spain,Female,77,3,246306.32,2,0,1,108644.96,0
10007881,Customer_7881,487,Germany,Male,77,3,137551.67,2,1,1,76374.62,0
10007882,Customer_7882,479,Spain,Female,69,1,29537.95,1,0,1,162280.31,0
10007883,Customer_7883,543,Germany,Male,83,6,90316.93,1,0,1,110912.92,0
10007884,Customer_7884,665,France,Male,21,9,9047.32,1,0,1,103008.58,0
10007885,Customer_7885,821,Spain,Male,80,2,212325.24,3,1,0,146971.77,1
10007886,Customer_7886,622,France,Female,50,9,4471.74,1,1,0,38182.32,0
10007887,Customer_7887,701,France,Female,18,0,148046.25,2,0,0,117205.41,0
10007888,Customer_7888,493,France,Female,81,1,26533.32,1,0,0,60890.61,0
10007889,Customer_7889,365,Spain,Female,54,4,1889.46,2,0,0,4300.65,0
10007890,Customer_7890,651,Spain,Male,87,8,64037.61,2,1,1,149776.34,0
10007891,Customer_7891,772,France,Female,24,3,137963.05,2,0,1,94942.88,0
10007892,Customer_7892,594,France,Male,41,5,18771.98,2,1,1,180650.55,0
10007893,Customer_7893,764,Germany,Male,85,2,153721.97,2,0,1,100038.75,0
10007894,Customer_7894,456,Spain,Male,72,8,167998.06,1,1,0,2048.74,1
10007895,Customer_7895,437,Germany,Female,20,1,242424.53,1,1,1,81755.96,0
10007896,Customer_7896,478,Germany,Male,40,7,224884.27,2,1,1,34223.86,1
10007897,Customer_7897,744,Germany,Male,53,10,141697.78,1,1,0,184216.64,1
10007898,Customer_7898,724,France,Male,74,2,198341.2,2,1,0,89165.9,0
10007899,Customer_7899,690,France,Male,65,7,90910.27,2,1,1,102144.17,0
10007900,Customer_7900,353,France,Female,30,2,146428.05,2,1,1,73106.28,0
10007901,Customer_7901,676,Spain,Female,78,10,100838.54,2,0,0,104450.1,0
10007902,Customer_7902,759,France,Female,41,3,84260.44,1,0,1,16568.52,0
10007903,Customer_7903,716,Germany,Female,60,7,181909.87,2,1,0,91752.57,1
10007904,Customer_7904,655,France,Female,50,9,74167.64,2,1,1,132692.37,0
10007905,Customer_7905,745,France,Female,41,3,95138.07,2,1,1,74457.79,0
10007906,Customer_7906,444,France,Female,39,10,91792.89,1,1,0,78540.16,0
10007907,Customer_7907,558,France,Male,69,8,217600.86,1,1,0,167485.71,0
10007908,Customer_7908,574,France,Male,23,8,42601.12,2,1,0,107330.35,1
10007909,Customer_7909,808,Spain,Male,36,5,95368.95,2,0,0,117534.2,0
10007910,Customer_7910,697,France,Male,46,0,221967.45,1,1,1,59371.06,0
10007911,Customer_7911,829,Germany,Male,81,8,3826.11,1,0,0,96601.65,1
10007912,Customer_7912,670,France,Female,31,8,236966.75,2,1,1,10802.54,0
10007913,Customer_7913,396,Germany,Female,47,6,224725.1,2,1,1,86065.65,0
10007914,Customer_7914,825,Germany,Male,88,8,104462.04,2,1,0,160541.3,1
10007915,Customer_7915,530,Spain,Male,38,7,163256.32,1,0,0,32300.71,0
10007916,Customer_7916,455,France,Female,82,8,247766.67,2,0,1,152898.13,0
10007917,Customer_7917,548,France,Male,21,8,138737.09,1,1,1,74850.01,0
10007918,Customer_7918,735,Spain,Male,63,6,24224.67,1,1,0,5423.04,0
10007919,Customer_7919,455,France,Female,25,5,213410.25,2,0,1,190642.08,0
10007920,Customer_7920,629,Spain,Male,35,1,33537.9,1,1,0,36280.55,1
10007921,Customer_7921,609,France,Female,77,6,64317.91,2,0,1,66961.0,0
10007922,Customer_7922,457,Germany,Female,62,0,218378.84,2,1,1,96151.28,0
10007923,Customer_7923,368,France,Female,89,5,64007.3,2,1,1,189889.2,0
10007924,Customer_7924,759,Spain,Male,48,5,186271.48,2,1,0,116238.14,0
10007925,Customer_7925,808,Germany,Male,45,6,111918.42,1,0,0,181069.23,0
10007926,Customer_7926,645,France,Male,81,1,189937.24,1,1,0,112897.83,0
10007927,Customer_7927,655,France,Male,54,3,58088.06,1,1,0,41087.9,0
10007928,Customer_7928,520,France,Male,84,1,104891.38,2,1,1,112879.13,1
10007929,Customer_7929,680,Germany,Female,85,3,79540.33,2,0,0,20098.78,0
10007930,Customer_7930,842,France,Female,52,2,62261.01,1,0,1,23421.49,1
10007931,Customer_7931,544,France,Female,53,1,78607.47,1,0,1,23142.76,0
10007932,Customer_7932,361,Germany,Male,74,1,80748.05,2,1,0,2461.41,0
10007933,Customer_7933,544,France,Female,87,2,238844.55,2,1,1,30266.68,0
10007934,Customer_7934,839,France,Male,21,9,133307.58,2,1,1,70602.89,0
10007935,Customer_7935,632,France,Male,66,3,115513.05,3,1,0,14433.46,1
10007936,Customer_7936,718,Germany,Female,56,6,125829.64,2,1,0,1243.51,0
10007937,Customer_7937,531,Spain,Male,35,3,249032.74,1,1,0,22464.13,0
10007938,Customer_7938,799,France,Male,77,10,163397.28,2,1,1,187212.31,0
10007939,Customer_7939,654,Spain,Female,27,6,175871.66,1,1,0,105132.76,0
10007940,Customer_7940,493,France,Male,40,3,78405.46,2,1,1,87010.93,0
10007941,Customer_7941,735,France,Female,85,2,117884.43,1,0,1,97437.1,0
10007942,Customer_7942,665,Germany,Male,76,7,46016.35,1,1,0,110966.61,1
10007943,Customer_7943,531,France,Female,24,2,171297.36,2,1,1,21576.05,0
10007944,Customer_7944,379,Germany,Male,30,10,86123.63,2,1,1,116955.87,0
10007945,Customer_7945,433,Spain,Male,20,7,187072.09,2,1,0,166846.5,0
10007946,Customer_7946,515,Spain,Male,57,1,53290.33,2,1,0,112133.9,0
10007947,Customer_7947,633,France,Female,28,2,100875.76,2,1,0,176610.82,0
10007948,Customer_7948,630,France,Female,68,3,117796.08,2,0,0,27655.52,1
10007949,Customer_7949,445,Spain,Female,40,2,41631.34,2,1,1,165179.18,0
10007950,Customer_7950,730,France,Female,49,5,17397.77,2,1,1,132526.57,0
10007951,Customer_7951,615,Germany,Female,58,8,79266.92,2,0,1,120738.77,1
10007952,Customer_7952,793,France,Male,59,9,136223.04,2,1,0,117759.19,0
10007953,Customer_7953,647,France,Female,55,7,163169.74,1,0,0,23798.91,1
10007954,Customer_7954,645,France,Male,84,3,106317.84,1,1,1,128392.43,1
10007955,Customer_7955,574,Spain,Male,89,1,125069.4,1,0,1,79762.65,0
10007956,Customer_7956,682,Spain,Male,89,9,135798.24,2,0,1,12661.64,0
10007957,Customer_7957,710,France,Male,59,0,127977.71,1,0,0,41059.96,0
10007958,Customer_7958,723,Spain,Female,60,10,22582.14,1,1,0,88521.73,0
10007959,Customer_7959,391,France,Male,50,3,101250.26,1,1,0,198595.7,0
10007960,Customer_7960,652,France,Female,54,4,51082.86,3,0,0,86139.48,1
10007961,Customer_7961,770,Spain,Female,74,1,133433.99,1,1,1,29965.03,0
10007962,Customer_7962,595,Germany,Male,81,2,189519.06,1,1,0,180342.99,0
10007963,Customer_7963,557,France,Female,81,3,144871.57,1,1,1,7058.14,0
10007964,Customer_7964,586,France,Female,77,2,55455.46,1,1,1,25354.97,0
10007965,Customer_7965,371,Spain,Male,69,7,51939.22,2,1,0,94750.76,0
10007966,Customer_7966,534,Spain,Female,89,10,9249.53,3,1,0,18565.72,1
10007967,Customer_7967,817,Spain,Male,85,1,106595.22,2,0,1,114321.85,0
10007968,Customer_7968,591,France,Male,44,8,108215.38,2,1,0,31562.68,0
10007969,Customer_7969,712,Spain,Male,76,10,59109.09,2,1,0,130175.33,1
10007970,Customer_7970,632,France,Male,36,5,191064.62,1,0,0,23542.55,0
10007971,Customer_7971,390,Spain,Male,20,0,96621.67,1,0,1,162022.94,0
10007972,Customer_7972,685,France,Male,90,7,167350.35,2,1,1,146768.93,0
10007973,Customer_7973,511,France,Male,56,9,160017.58,2,1,0,185081.45,1
10007974,Customer_7974,509,France,Female,83,5,151185.11,2,1,1,13693.82,1
10007975,Customer_7975,823,Spain,Female,90,3,227016.54,1,1,1,111064.29,0
10007976,Customer_7976,438,Spain,Male,73,5,3972.53,2,0,1,141773.92,0
10007977,Customer_7977,671,France,Male,23,1,17009.33,2,1,0,180533.97,0
10007978,Customer_7978,361,Germany,Male,45,0,180535.16,2,1,0,96416.49,0
10007979,Customer_7979,773,Spain,Female,65,5,88381.48,1,0,1,190263.68,1
10007980,Customer_7980,422,France,Male,65,7,246630.6,1,0,1,24505.51,0
10007981,Customer_7981,425,Spain,Male,84,4,54103.18,1,1,1,86652.08,0
10007982,Customer_7982,695,Spain,Male,71,7,45854.76,2,0,1,50642.62,1
10007983,Customer_7983,550,France,Female,33,2,147055.46,1,0,1,31086.92,0
10007984,Customer_7984,359,France,Male,52,5,69856.32,2,1,0,57364.26,1
10007985,Customer_7985,701,France,Male,47,0,85123.25,1,0,1,132947.3,0
10007986,Customer_7986,575,France,Female,65,2,230256.08,1,0,1,96646.18,1
10007987,Customer_7987,525,France,Female,86,3,6560.67,1,0,0,36318.76,0
10007988,Customer_7988,625,Germany,Female,25,4,132814.85,1,1,0,6354.6,0
10007989,Customer_7989,388,Germany,Male,68,2,83724.86,1,1,1,184700.79,0
10007990,Customer_7990,409,France,Female,27,7,86497.99,1,1,1,62834.75,0
10007991,Customer_7991,415,Germany,Male,45,4,61952.2,1,1,0,25526.62,0
10007992,Customer_7992,670,Germany,Male,53,6,33712.52,1,0,1,29238.92,0
10007993,Customer_7993,784,Spain,Male,77,4,8620.42,2,1,1,50693.4,0
10007994,Customer_7994,473,France,Male,27,7,246923.88,1,1,0,46170.88,0
10007995,Customer_7995,513,Germany,Male,31,0,165091.51,1,0,1,55917.96,0
10007996,Customer_7996,757,Spain,Male,80,2,194301.33,2,1,1,45110.52,0
10007997,Customer_7997,760,Germany,Male,64,2,16250.57,1,1,1,86135.6,0
10007998,Customer_7998,735,France,Male,86,9,3709.35,2,1,0,153123.31,0
10007999,Customer_7999,508,France,Female,73,9,150072.17,1,1,1,5446.49,0
10008000,Customer_8000,406,Spain,Male,23,2,180957.85,3,0,0,38101.45,0
10008001,Customer_8001,427,France,Female,36,5,98716.57,1,1,0,142400.37,0
10008002,Customer_8002,543,Spain,Male,69,8,96938.78,1,0,0,29785.42,1
10008003,Customer_8003,634,Spain,Male,79,5,96119.88,2,1,0,148268.73,0
10008004,Customer_8004,364,France,Male,66,4,38188.96,1,1,0,102967.25,0
10008005,Customer_8005,361,Germany,Female,28,0,188478.38,2,1,0,176324.28,0
10008006,Customer_8006,450,France,Female,63,1,53798.18,1,1,0,2042.88,0
10008007,Customer_8007,505,France,Female,86,10,81102.62,1,0,1,156873.68,0
10008008,Customer_8008,689,Germany,Male,62,0,167814.93,2,1,1,114446.89,0
10008009,Customer_8009,474,Germany,Male,75,5,26.18,1,0,1,93781.56,1
10008010,Customer_8010,708,France,Female,49,2,191564.3,1,0,0,29153.33,1
10008011,Customer_8011,629,Spain,Female,27,4,224773.69,1,1,0,46821.07,1
10008012,Customer_8012,754,France,Female,30,5,12904.34,2,1,0,157208.35,0
10008013,Customer_8013,743,France,Male,30,4,147905.95,1,1,0,29811.13,0
10008014,Customer_8014,459,France,Female,53,2,102114.74,2,1,1,105474.6,0
10008015,Customer_8015,683,France,Male,90,1,19615.85,1,1,0,41534.65,0
10008016,Customer_8016,706,Spain,Male,36,1,170557.75,3,1,1,97859.98,0
10008017,Customer_8017,495,Germany,Male,24,1,153079.66,2,0,1,50956.27,1
10008018,Customer_8018,565,Germany,Female,32,9,160665.08,1,1,1,70229.46,0
10008019,Customer_8019,747,Germany,Female,63,3,203373.84,2,1,1,160491.01,1
10008020,Customer_8020,511,France,Male,65,3,71729.74,2,1,1,7434.06,0
10008021,Customer_8021,477,France,Male,83,2,169267.02,2,1,1,184860.44,0
10008022,Customer_8022,663,Germany,Male,21,7,185829.42,1,1,0,63883.86,0
10008023,Customer_8023,681,Spain,Male,20,3,42203.74,1,1,0,119212.83,0
10008024,Customer_8024,499,Spain,Male,20,7,239266.72,1,1,1,44359.44,0
10008025,Customer_8025,803,France,Male,86,10,84995.26,1,1,0,71754.08,0
10008026,Customer_8026,385,France,Female,45,2,178427.06,2,1,0,91939.01,1
10008027,Customer_8027,522,France,Male,40,10,188505.03,2,0,1,137752.75,0
10008028,Customer_8028,769,France,Male,47,1,126007.73,1,1,0,174619.43,0
10008029,Customer_8029,371,France,Female,79,7,32179.33,2,0,1,173227.36,0
10008030,Customer_8030,555,Germany,Male,68,5,68915.73,1,0,1,67409.09,1
10008031,Customer_8031,476,France,Female,58,1,58561.74,1,1,1,17752.43,0
10008032,Customer_8032,685,Germany,Male,81,6,129660.58,2,1,1,185004.55,1
10008033,Customer_8033,794,Germany,Female,60,9,65317.22,2,0,0,6149.92,1
10008034,Customer_8034,705,France,Male,75,6,136692.62,2,1,1,176214.23,0
10008035,Customer_8035,789,Spain,Female,76,3,72051.69,2,1,0,5175.23,0
10008036,Customer_8036,566,France,Male,57,7,244.78,1,1,1,195324.38,1
10008037,Customer_8037,445,Germany,Female,63,2,90814.18,1,1,1,2240.34,1
10008038,Customer_8038,766,Spain,Male,79,8,151712.71,2,1,0,3410.65,0
10008039,Customer_8039,778,Germany,Male,66,10,193424.19,1,1,1,101747.67,0
10008040,Customer_8040,513,Spain,Male,40,4,7091.12,2,1,1,133357.63,0
10008041,Customer_8041,497,France,Female,61,2,64578.25,1,0,1,70563.37,0
10008042,Customer_8042,367,Germany,Female,61,8,246365.53,2,1,0,121183.7,1
10008043,Customer_8043,643,Germany,Male,36,1,65453.85,2,1,1,169173.11,1
10008044,Customer_8044,544,Germany,Male,61,1,194299.41,2,1,1,159119.11,1
10008045,Customer_8045,500,Spain,Male,28,2,127343.4,2,1,0,176817.03,0
10008046,Customer_8046,829,Germany,Male,77,8,30543.5,1,0,1,31841.74,0
10008047,Customer_8047,714,Spain,Male,55,10,160850.03,1,1,0,44935.83,0
10008048,Customer_8048,472,France,Female,20,9,241585.21,2,1,1,117547.2,0
10008049,Customer_8049,749,France,Female,33,2,221707.26,1,1,0,144736.92,0
10008050,Customer_8050,536,Germany,Female,26,4,172573.2,2,0,0,21482.4,0
10008051,Customer_8051,802,Germany,Male,58,8,128037.07,1,1,0,35135.62,0
10008052,Customer_8052,801,Spain,Female,55,9,79833.25,2,0,0,184587.03,1
10008053,Customer_8053,498,France,Male,86,5,89241.66,1,1,1,5178.37,0
10008054,Customer_8054,453,France,Male,82,5,86551.69,2,0,1,80365.2,0
10008055,Customer_8055,592,Germany,Male,52,10,230520.5,1,1,1,42179.84,1
10008056,Customer_8056,811,Spain,Male,52,0,52828.11,1,1,0,154866.95,0
10008057,Customer_8057,580,Spain,Female,65,10,94507.46,1,1,0,172718.63,1
10008058,Customer_8058,828,France,Male,25,1,107990.81,2,1,1,49406.34,0
10008059,Customer_8059,555,France,Female,44,8,102225.25,2,1,0,117981.11,1
10008060,Customer_8060,547,France,Female,26,7,1049.56,1,1,0,168643.58,1
10008061,Customer_8061,745,France,Male,47,1,67743.39,1,1,1,119705.55,0
10008062,Customer_8062,749,Spain,Male,31,4,124642.14,1,0,1,120145.06,0
10008063,Customer_8063,686,France,Male,40,4,190123.33,2,0,1,82579.23,1
10008064,Customer_8064,842,France,Male,46,5,142368.5,3,1,1,130608.4,0
10008065,Customer_8065,436,France,Female,43,3,96215.5,1,0,0,192067.32,0
10008066,Customer_8066,491,France,Female,32,8,166285.22,2,1,0,59933.28,1
10008067,Customer_8067,666,Spain,Male,90,4,166473.3,1,0,1,40128.41,0
10008068,Customer_8068,548,France,Female,90,3,61981.17,1,0,1,191628.12,0
10008069,Customer_8069,395,France,Male,84,8,25943.54,1,1,0,12045.44,0
10008070,Customer_8070,637,Spain,Male,33,1,200795.88,2,1,1,167983.67,0
10008071,Customer_8071,364,France,Male,30,10,132445.59,2,1,0,181960.16,0
10008072,Customer_8072,393,Germany,Male,41,10,44131.19,1,0,1,43894.34,0
10008073,Customer_8073,750,France,Male,79,1,65517.77,2,1,1,85148.17,0
10008074,Customer_8074,518,Germany,Male,74,2,191606.12,1,0,0,24615.34,1
10008075,Customer_8075,659,France,Male,53,9,163318.1,1,1,1,73400.34,0
10008076,Customer_8076,844,France,Male,77,3,236291.64,2,1,0,91470.48,1
10008077,Customer_8077,393,Germany,Male,90,9,116236.85,4,0,0,101919.06,1
10008078,Customer_8078,447,France,Male,39,8,13046.66,1,0,0,24501.54,0
10008079,Customer_8079,610,Germany,Male,20,4,175105.72,2,1,1,80730.47,1
10008080,Customer_8080,458,France,Female,53,1,63727.69,2,1,1,125033.07,0
10008081,Customer_8081,632,Germany,Female,53,2,80963.64,1,0,0,100034.03,1
10008082,Customer_8082,721,Spain,Male,27,7,49162.06,1,0,1,168285.65,0
10008083,Customer_8083,692,France,Male,38,5,77233.85,1,1,0,190214.74,0
10008084,Customer_8084,453,France,Female,66,4,207370.12,2,1,1,163372.8,0
10008085,Customer_8085,605,Spain,Male,26,3,144178.33,2,1,0,9486.84,1
10008086,Customer_8086,728,Germany,Female,69,3,27288.44,1,1,0,42943.19,0
10008087,Customer_8087,555,France,Male,65,7,146650.92,1,1,1,17531.5,1
10008088,Customer_8088,684,France,Male,77,5,158390.84,2,0,0,86772.67,0
10008089,Customer_8089,392,France,Male,67,4,221205.92,2,0,1,144763.12,0
10008090,Customer_8090,702,France,Male,56,4,214911.36,2,0,0,6481.74,1
10008091,Customer_8091,594,Spain,Female,33,5,15718.78,1,1,0,53417.92,1
10008092,Customer_8092,636,Spain,Male,45,10,216674.52,1,1,1,18789.81,0
10008093,Customer_8093,704,Germany,Female,23,10,12721.18,1,0,0,82028.09,1
10008094,Customer_8094,622,France,Male,78,2,38530.5,2,0,1,185067.22,0
10008095,Customer_8095,825,France,Female,23,6,27887.5,2,1,0,82573.25,0
10008096,Customer_8096,432,Spain,Male,83,0,45424.31,2,1,1,126950.93,0
10008097,Customer_8097,459,France,Male,57,4,200815.5,1,1,0,77411.78,0
10008098,Customer_8098,787,France,Female,88,5,171529.84,2,1,0,146294.21,1
10008099,Customer_8099,539,France,Male,79,1,171740.61,2,0,0,148608.28,1
10008100,Customer_8100,820,Germany,Female,45,1,230531.9,2,1,0,27619.11,0
10008101,Customer_8101,637,France,Male,64,8,97962.76,2,1,1,130644.83,0
10008102,Customer_8102,773,France,Female,26,1,821.86,1,0,1,77277.36,0
10008103,Customer_8103,746,Spain,Male,69,2,159942.11,1,1,0,171950.94,0
10008104,Customer_8104,600,Germany,Female,32,0,217018.6,1,0,0,31572.59,0
10008105,Customer_8105,561,France,Female,51,8,244065.05,2,1,0,179487.71,0
10008106,Customer_8106,640,Germany,Female,37,0,90973.18,1,1,0,102309.81,0
10008107,Customer_8107,482,France,Male,77,3,205538.05,1,0,0,51112.17,0
10008108,Customer_8108,550,France,Female,75,6,212306.93,2,0,0,66939.76,0
10008109,Customer_8109,634,Germany,Female,84,1,36109.46,2,0,1,1013.13,0
10008110,Customer_8110,675,France,Female,19,7,157874.64,1,1,1,189982.42,0
10008111,Customer_8111,758,France,Female,67,7,43285.02,3,0,1,45003.49,0
10008112,Customer_8112,444,Germany,Male,31,2,111657.7,2,1,1,181948.33,0
10008113,Customer_8113,627,Spain,Male,73,3,219816.73,1,0,0,170594.37,0
10008114,Customer_8114,799,Germany,Female,86,10,197366.78,3,1,0,69822.74,1
10008115,Customer_8115,778,France,Female,61,6,142584.86,1,0,0,42191.05,0
10008116,Customer_8116,674,France,Male,63,4,202177.29,2,0,1,85328.07,0
10008117,Customer_8117,568,France,Male,23,4,38206.88,2,0,1,186714.0,0
10008118,Customer_8118,438,France,Female,25,1,48729.84,1,1,1,171025.52,0
10008119,Customer_8119,421,France,Male,56,5,52216.2,2,0,1,97729.27,0
10008120,Customer_8120,596,Germany,Male,61,3,194003.39,2,1,1,109114.7,0
10008121,Customer_8121,478,France,Female,44,4,222741.38,1,0,1,81735.77,0
10008122,Customer_8122,561,France,Female,33,10,140709.08,1,1,1,188951.8,1
10008123,Customer_8123,777,Germany,Female,56,4,239492.91,1,1,1,197783.73,0
10008124,Customer_8124,692,France,Male,18,1,182007.56,1,1,1,57838.49,0
10008125,Customer_8125,445,Spain,Male,68,7,140920.96,1,1,0,189944.72,0
10008126,Customer_8126,424,France,Female,80,10,152897.63,1,1,1,190085.0,1
10008127,Customer_8127,772,Spain,Male,50,0,212383.54,2,1,0,94694.62,0
10008128,Customer_8128,844,Spain,Male,67,1,22545.18,2,1,1,82986.81,0
10008129,Customer_8129,403,Spain,Female,71,6,42004.37,1,0,0,173862.38,1
10008130,Customer_8130,693,France,Female,44,6,66573.75,2,0,1,188612.27,0
10008131,Customer_8131,808,Spain,Male,36,1,223693.96,2,1,0,80482.47,0
10008132,Customer_8132,762,France,Male,45,0,236236.24,1,1,0,98445.97,0
10008133,Customer_8133,403,France,Male,40,9,89042.64,2,0,0,66853.83,0
10008134,Customer_8134,567,France,Male,81,0,230964.31,2,1,0,41797.57,0
10008135,Customer_8135,365,France,Male,56,0,136711.95,2,1,1,199242.79,1
10008136,Customer_8136,448,France,Male,66,5,118318.44,1,1,1,37774.88,1
10008137,Customer_8137,369,France,Male,76,9,208191.17,1,1,0,162837.69,1
10008138,Customer_8138,395,France,Female,37,6,136520.86,1,1,0,84123.12,1
10008139,Customer_8139,800,Germany,Male,78,1,113620.57,1,0,1,16742.91,0
10008140,Customer_8140,542,France,Female,26,5,3990.88,1,1,1,64993.52,0
10008141,Customer_8141,732,Germany,Female,40,3,3224.42,1,0,1,16636.63,0
10008142,Customer_8142,407,Spain,Female,24,8,156897.85,1,0,0,196390.14,0
10008143,Customer_8143,786,France,Female,48,10,18354.23,2,1,1,53048.16,0
10008144,Customer_8144,460,Germany,Female,77,7,184236.33,2,1,0,149210.04,1
10008145,Customer_8145,478,Spain,Female,78,7,155585.37,1,1,1,85129.98,0
10008146,Customer_8146,686,France,Male,43,1,114432.38,3,1,0,135888.58,1
10008147,Customer_8147,543,France,Female,71,10,177450.91,2,0,1,51022.86,0
10008148,Customer_8148,762,Spain,Male,48,4,248267.84,1,1,1,18837.72,0
10008149,Customer_8149,689,Spain,Female,58,1,61589.19,2,1,1,161711.69,0
10008150,Customer_8150,675,Germany,Male,45,2,139263.93,2,1,0,143346.3,1
10008151,Customer_8151,357,France,Male,23,7,210713.98,1,0,1,21890.88,0
10008152,Customer_8152,378,Spain,Female,51,4,4218.73,1,1,1,146192.49,0
10008153,Customer_8153,461,France,Male,26,3,50877.08,1,1,1,119532.56,0
10008154,Customer_8154,784,France,Female,29,4,130239.66,1,1,1,34306.83,0
10008155,Customer_8155,510,France,Female,33,7,138061.51,3,1,1,165123.13,1
10008156,Customer_8156,480,France,Female,88,9,21583.32,2,1,0,139783.26,0
10008157,Customer_8157,537,Spain,Male,48,6,101857.38,1,1,0,101369.26,0
10008158,Customer_8158,512,Spain,Male,50,5,129946.19,2,1,0,35736.0,1
10008159,Customer_8159,546,Germany,Female,24,1,105743.92,1,1,1,108037.96,0
10008160,Customer_8160,824,France,Female,20,9,175149.06,1,1,0,32551.2,0
10008161,Customer_8161,713,Germany,Female,37,4,192840.97,1,1,0,36799.42,0
10008162,Customer_8162,553,Germany,Female,22,9,115065.4,1,1,1,48276.98,0
10008163,Customer_8163,561,France,Female,84,8,106414.93,1,0,1,130906.16,0
10008164,Customer_8164,458,Spain,Male,55,8,176340.92,2,1,1,135934.58,0
10008165,Customer_8165,625,Spain,Female,73,8,138825.59,1,1,0,14562.5,0
10008166,Customer_8166,422,Germany,Male,40,2,217609.86,2,1,1,130183.12,1
10008167,Customer_8167,516,France,Male,19,8,120286.54,1,1,1,6929.97,0
10008168,Customer_8168,609,Germany,Female,38,8,143581.87,2,1,0,180998.41,1
10008169,Customer_8169,592,Spain,Male,31,4,32201.3,2,1,1,155735.42,1
10008170,Customer_8170,624,France,Female,79,5,208999.31,1,1,0,144881.32,1
10008171,Customer_8171,451,Spain,Male,28,6,105573.03,2,1,0,47850.18,0
10008172,Customer_8172,824,France,Male,21,9,179765.82,2,1,0,197511.73,0
10008173,Customer_8173,522,Germany,Male,64,9,107370.69,1,1,1,184864.19,0
10008174,Customer_8174,520,Germany,Female,37,9,253.06,1,1,1,97990.39,0
10008175,Customer_8175,490,Germany,Male,69,5,100102.56,2,1,1,6948.26,1
10008176,Customer_8176,746,Spain,Female,33,4,36875.55,1,0,1,102283.52,0
10008177,Customer_8177,537,France,Female,62,0,99653.77,1,1,1,30804.82,1
10008178,Customer_8178,790,France,Male,25,3,80335.99,2,0,0,118543.98,0
10008179,Customer_8179,435,Germany,Female,79,7,50636.84,2,1,0,197317.32,1
10008180,Customer_8180,825,France,Female,38,7,30943.02,1,1,0,151387.43,0
10008181,Customer_8181,401,France,Female,81,5,182140.31,2,1,0,64459.2,0
10008182,Customer_8182,460,France,Female,47,2,188715.08,3,0,1,78838.53,0
10008183,Customer_8183,786,France,Male,53,7,66249.38,1,1,1,188915.64,1
10008184,Customer_8184,714,Germany,Male,22,6,123797.56,2,1,1,22042.79,0
10008185,Customer_8185,691,Germany,Female,55,10,116017.74,1,1,1,178033.81,0
10008186,Customer_8186,392,France,Male,36,8,88811.89,2,0,1,14916.84,1
10008187,Customer_8187,560,France,Female,91,2,69409.3,1,0,0,82936.85,0
10008188,Customer_8188,805,France,Male,44,10,46507.94,1,1,1,149092.97,0
10008189,Customer_8189,849,France,Male,30,5,218223.16,2,1,1,79020.03,1
10008190,Customer_8190,549,France,Female,26,0,208328.12,2,1,1,114228.75,0
10008191,Customer_8191,647,France,Male,34,7,104294.85,1,1,0,98161.56,0
10008192,Customer_8192,695,Germany,Male,61,1,180300.31,2,1,1,120933.12,1
10008193,Customer_8193,589,Germany,Female,62,4,124583.02,3,1,0,34196.69,0
10008194,Customer_8194,464,France,Male,59,5,21345.82,2,1,1,115622.95,1
10008195,Customer_8195,375,Germany,Male,68,3,205597.63,2,0,0,197453.01,1
10008196,Customer_8196,756,Spain,Male,75,8,54817.89,2,1,0,38787.08,1
10008197,Customer_8197,648,France,Male,75,2,176704.38,2,1,0,13400.07,0
10008198,Customer_8198,426,France,Male,47,1,131849.49,2,1,0,78364.79,0
10008199,Customer_8199,761,Germany,Female,22,2,172634.99,2,1,0,74879.32,1
10008200,Customer_8200,486,France,Female,25,4,117800.76,2,1,1,25157.06,0
10008201,Customer_8201,369,Germany,Female,54,0,175640.29,2,1,0,114299.83,0
10008202,Customer_8202,789,Spain,Male,64,9,8203.14,2,1,1,87524.64,0
10008203,Customer_8203,560,France,Female,62,3,10213.23,1,1,1,167379.06,0
10008204,Customer_8204,589,Germany,Female,22,0,224084.99,1,1,0,84597.8,0
10008205,Customer_8205,388,Germany,Male,80,8,187423.5,2,1,0,197132.78,1
10008206,Customer_8206,784,France,Male,64,2,207116.88,2,0,0,155972.19,1
10008207,Customer_8207,617,France,Female,42,1,114146.35,2,1,0,97495.75,1
10008208,Customer_8208,556,Spain,Female,67,4,114911.72,2,1,0,110443.89,0
10008209,Customer_8209,828,Spain,Male,62,0,133501.01,1,1,0,173351.59,0
10008210,Customer_8210,788,Spain,Male,47,9,60915.51,1,1,0,154833.29,0
10008211,Customer_8211,811,Spain,Male,65,6,183375.62,2,1,0,131550.89,1
10008212,Customer_8212,616,France,Male,68,8,207363.6,1,1,1,53370.05,0
10008213,Customer_8213,503,France,Male,72,0,226806.02,2,1,0,82075.88,1
10008214,Customer_8214,391,France,Male,72,7,129258.46,2,1,1,157439.3,1
10008215,Customer_8215,760,France,Female,63,7,103644.13,2,0,1,125497.15,1
10008216,Customer_8216,360,Spain,Female,48,6,207733.31,1,1,1,191300.34,0
10008217,Customer_8217,643,Spain,Female,51,9,188166.45,1,1,1,174578.25,1
10008218,Customer_8218,447,Spain,Female,91,3,216818.3,1,1,1,85424.99,0
10008219,Customer_8219,776,Germany,Male,85,6,163932.76,2,0,0,58771.25,0
10008220,Customer_8220,624,France,Male,50,1,220828.33,1,0,0,24823.36,0
10008221,Customer_8221,797,France,Male,73,5,22260.42,2,1,1,81532.11,0
10008222,Customer_8222,739,France,Male,75,10,169890.39,1,1,1,45344.97,0
10008223,Customer_8223,779,Germany,Female,74,4,22198.77,2,1,1,3352.0,0
10008224,Customer_8224,721,France,Female,34,4,187226.91,4,1,1,27652.32,0
10008225,Customer_8225,579,Spain,Male,28,10,157110.97,1,1,1,90608.32,0
10008226,Customer_8226,718,Spain,Male,88,7,3998.01,2,0,1,178484.5,0
10008227,Customer_8227,775,France,Male,34,0,149815.25,1,1,1,64199.36,0
10008228,Customer_8228,569,France,Male,27,7,36569.95,2,0,1,88230.18,0
10008229,Customer_8229,414,Germany,Male,43,3,35602.85,1,0,1,76821.34,0
10008230,Customer_8230,704,France,Male,23,9,37615.75,2,1,1,73801.91,0
10008231,Customer_8231,581,Spain,Male,33,5,120955.9,1,1,1,144530.82,0
10008232,Customer_8232,677,Germany,Male,21,5,28880.06,2,0,1,101211.69,0
10008233,Customer_8233,792,France,Female,79,0,31413.94,1,1,0,81695.08,0
10008234,Customer_8234,401,France,Female,81,7,64042.0,2,0,0,188665.11,1
10008235,Customer_8235,723,France,Female,73,3,214.56,1,1,0,55265.46,0
10008236,Customer_8236,780,Spain,Male,40,8,68947.44,1,0,1,166571.8,0
10008237,Customer_8237,725,France,Female,50,6,154601.94,2,0,0,103006.5,0
10008238,Customer_8238,612,Spain,Female,48,10,150392.64,2,0,0,88343.91,0
10008239,Customer_8239,616,Germany,Male,24,3,242383.41,2,1,0,12603.47,0
10008240,Customer_8240,708,Germany,Male,22,0,29907.52,1,0,0,171700.03,0
10008241,Customer_8241,666,France,Male,54,8,216392.83,2,1,1,54140.52,0
10008242,Customer_8242,673,Germany,Male,18,9,97797.44,2,1,0,135874.73,0
10008243,Customer_8243,758,Germany,Male,87,5,96759.07,1,1,1,174897.03,0
10008244,Customer_8244,745,Germany,Female,62,5,87202.72,2,1,0,107232.51,0
10008245,Customer_8245,503,Spain,Male,64,0,31184.13,2,1,0,128137.5,1
10008246,Customer_8246,707,Germany,Male,85,4,119626.26,2,1,0,68043.67,0
10008247,Customer_8247,715,Spain,Male,47,3,196844.49,2,0,0,145310.82,0
10008248,Customer_8248,489,France,Male,77,10,218858.1,2,1,1,131324.47,1
10008249,Customer_8249,776,Spain,Female,41,0,240714.81,2,1,0,88963.32,0
10008250,Customer_8250,400,France,Female,48,6,196323.12,2,1,0,126924.45,0
10008251,Customer_8251,466,Spain,Male,45,3,155772.93,1,1,0,52540.04,1
10008252,Customer_8252,770,Spain,Male,62,2,124383.44,2,1,1,131567.85,0
10008253,Customer_8253,395,France,Female,21,1,218724.31,3,1,1,134551.9,1
10008254,Customer_8254,658,Germany,Male,78,7,184878.4,1,1,0,88983.65,1
10008255,Customer_8255,437,Germany,Female,56,4,40314.54,2,1,0,49882.95,1
10008256,Customer_8256,557,France,Female,41,9,170637.62,2,0,0,160615.36,0
10008257,Customer_8257,726,France,Female,88,8,107759.65,2,1,1,150828.14,1
10008258,Customer_8258,618,France,Male,63,4,148949.92,2,1,0,11428.74,0
10008259,Customer_8259,438,Spain,Female,70,9,224588.27,1,1,1,98859.21,0
10008260,Customer_8260,730,Spain,Female,65,0,163142.64,2,0,1,18432.18,0
10008261,Customer_8261,467,Germany,Female,26,9,234681.07,1,1,0,63920.04,0
10008262,Customer_8262,403,Germany,Male,39,4,216592.42,2,1,0,84454.19,0
10008263,Customer_8263,790,Germany,Female,19,4,32225.31,1,0,1,35386.3,0
10008264,Customer_8264,465,France,Female,33,7,2912.98,3,0,1,93786.32,0
10008265,Customer_8265,467,France,Female,22,5,96102.85,1,1,1,141247.47,0
10008266,Customer_8266,609,Germany,Male,29,10,216332.5,1,1,0,87399.29,0
10008267,Customer_8267,424,Spain,Female,69,4,57531.5,1,0,1,46836.38,1
10008268,Customer_8268,829,Germany,Female,43,7,172849.98,2,1,0,82970.09,1
10008269,Customer_8269,654,Germany,Male,32,0,118998.84,1,0,0,118485.84,0
10008270,Customer_8270,356,Spain,Male,84,4,186519.44,1,1,1,187279.16,0
10008271,Customer_8271,715,France,Female,90,2,41244.22,2,0,1,99894.46,0
10008272,Customer_8272,471,Germany,Female,76,4,59772.76,3,1,1,177573.83,0
10008273,Customer_8273,360,France,Female,56,2,60631.12,3,0,1,196911.36,0
10008274,Customer_8274,697,France,Male,80,3,137116.45,1,1,0,111808.54,1
10008275,Customer_8275,787,Germany,Male,42,10,72406.11,2,0,0,29423.16,0
10008276,Customer_8276,838,Germany,Male,58,8,202930.59,2,1,1,175063.96,0
10008277,Customer_8277,564,France,Female,45,1,86698.55,2,0,0,172472.77,0
10008278,Customer_8278,778,Germany,Male,38,9,165212.79,1,1,0,173713.56,0
10008279,Customer_8279,628,Germany,Female,78,0,237125.47,2,0,0,190110.36,1
10008280,Customer_8280,847,Spain,Female,74,3,151730.93,2,1,1,55295.05,0
10008281,Customer_8281,377,Spain,Female,28,7,60538.38,1,1,0,66693.44,0
10008282,Customer_8282,584,France,Male,36,4,207614.17,1,1,1,137422.84,0
10008283,Customer_8283,716,Spain,Female,18,8,3135.63,1,1,0,112785.47,0
10008284,Customer_8284,662,Germany,Female,49,9,64134.29,2,0,1,173675.27,0
10008285,Customer_8285,375,Spain,Female,51,2,96872.62,2,1,1,50909.46,0
10008286,Customer_8286,758,Germany,Male,34,8,48994.72,1,1,1,131685.64,0
10008287,Customer_8287,403,France,Male,72,0,151004.52,2,1,0,188082.63,0
10008288,Customer_8288,378,France,Female,36,1,139500.15,1,1,0,43182.99,1
10008289,Customer_8289,816,Germany,Male,91,8,101624.14,2,1,0,61383.55,0
10008290,Customer_8290,702,Germany,Female,59,8,73594.86,1,0,1,81490.07,0
10008291,Customer_8291,513,Germany,Female,76,9,108476.81,1,1,1,17428.96,1
10008292,Customer_8292,619,France,Female,90,4,72800.56,2,0,0,35383.0,0
10008293,Customer_8293,683,France,Male,55,9,55314.63,2,0,1,76425.52,0
10008294,Customer_8294,384,France,Female,48,3,87817.53,1,1,1,14888.86,0
10008295,Customer_8295,635,Germany,Male,83,8,150583.9,1,0,0,72535.94,0
10008296,Customer_8296,697,France,Male,86,9,162097.71,2,0,1,48836.67,0
10008297,Customer_8297,622,Germany,Male,67,1,74336.79,1,0,0,172903.61,1
10008298,Customer_8298,800,France,Female,47,2,236849.51,2,1,0,121703.01,0
10008299,Customer_8299,557,Spain,Female,52,7,65489.81,1,1,0,179699.12,1
10008300,Customer_8300,587,France,Male,76,0,178033.03,1,1,1,40586.16,1
10008301,Customer_8301,763,France,Male,34,1,20370.01,2,0,0,16341.61,0
10008302,Customer_8302,849,Germany,Female,83,4,166211.14,2,1,0,70816.55,1
10008303,Customer_8303,442,Germany,Female,38,6,114987.19,1,1,1,11295.42,0
10008304,Customer_8304,522,France,Female,69,9,142276.96,1,0,1,176704.09,0
10008305,Customer_8305,428,Spain,Female,82,8,46018.16,2,1,1,37639.34,0
10008306,Customer_8306,459,France,Female,31,2,108390.99,2,1,1,28223.95,0
10008307,Customer_8307,566,France,Male,33,10,191569.46,2,1,0,157558.72,0
10008308,Customer_8308,784,France,Male,72,3,191771.21,1,1,1,142484.6,0
10008309,Customer_8309,707,France,Female,26,9,59388.99,1,1,1,11401.58,0
10008310,Customer_8310,455,France,Female,25,0,88149.82,1,1,1,101918.44,0
10008311,Customer_8311,396,France,Male,90,0,953.39,2,0,1,89776.04,0
10008312,Customer_8312,530,Spain,Female,51,0,22490.54,1,1,1,77378.26,0
10008313,Customer_8313,413,France,Male,50,3,31682.59,2,1,1,25349.64,0
10008314,Customer_8314,595,Germany,Female,24,8,73412.83,2,1,0,157472.74,0
10008315,Customer_8315,593,France,Female,38,7,189753.87,2,1,0,47999.52,0
10008316,Customer_8316,771,France,Male,22,3,127562.53,2,1,0,91653.02,0
10008317,Customer_8317,669,France,Male,88,7,198152.03,2,1,1,176214.17,0
10008318,Customer_8318,436,Spain,Male,29,6,188726.43,2,1,1,63655.99,0
10008319,Customer_8319,566,Germany,Female,76,5,146784.55,1,1,0,7157.05,1
10008320,Customer_8320,839,Spain,Female,75,9,124965.05,1,1,0,177827.71,1
10008321,Customer_8321,356,France,Female,54,1,232830.22,2,1,1,98783.7,0
10008322,Customer_8322,627,Spain,Male,62,2,142317.56,2,1,0,99418.12,0
10008323,Customer_8323,686,Germany,Male,42,3,120706.0,1,1,0,110288.08,0
10008324,Customer_8324,559,France,Male,44,6,217280.2,4,0,0,35995.82,1
10008325,Customer_8325,846,France,Male,68,7,17859.68,1,1,1,142980.36,0
10008326,Customer_8326,518,France,Male,59,10,164006.58,2,1,0,46284.72,1
10008327,Customer_8327,679,Germany,Male,88,7,28256.81,2,0,0,60237.32,0
10008328,Customer_8328,487,France,Male,59,3,204955.41,2,1,1,126241.85,0
10008329,Customer_8329,790,Germany,Female,77,8,198166.55,2,1,0,149953.99,1
10008330,Customer_8330,740,Germany,Female,89,7,125900.01,1,0,0,146126.34,0
10008331,Customer_8331,845,Germany,Male,75,10,165261.04,4,0,1,16639.96,0
10008332,Customer_8332,730,France,Female,89,4,193155.42,3,1,1,150918.12,1
10008333,Customer_8333,655,Germany,Male,39,2,120825.97,2,1,0,132548.8,1
10008334,Customer_8334,579,France,Male,75,1,226489.48,1,1,0,121023.54,1
10008335,Customer_8335,824,France,Female,28,8,109257.5,1,1,0,193375.21,0
10008336,Customer_8336,657,Germany,Male,23,0,223005.63,1,0,0,69372.32,0
10008337,Customer_8337,510,France,Male,39,6,145686.01,2,1,0,136620.73,1
10008338,Customer_8338,350,France,Male,29,10,106560.82,1,0,0,114651.48,0
10008339,Customer_8339,585,France,Male,44,6,1024.38,1,1,0,77598.72,0
10008340,Customer_8340,786,France,Female,18,0,73888.98,2,1,1,157650.25,0
10008341,Customer_8341,537,France,Male,81,6,216980.37,2,1,0,80636.11,0
10008342,Customer_8342,767,France,Male,91,0,107178.2,1,1,1,111716.0,1
10008343,Customer_8343,353,Germany,Female,56,1,105367.13,2,0,0,112130.28,1
10008344,Customer_8344,750,France,Male,77,8,122352.67,2,1,1,102270.9,1
10008345,Customer_8345,481,Spain,Male,87,7,71576.01,3,1,0,91486.41,0
10008346,Customer_8346,776,France,Female,71,8,122887.82,2,1,0,33564.98,0
10008347,Customer_8347,567,France,Male,42,8,93940.78,2,1,1,48177.5,0
10008348,Customer_8348,609,Germany,Female,37,3,227360.63,2,1,1,24710.23,0
10008349,Customer_8349,350,France,Female,53,4,140991.69,4,0,1,144701.28,1
10008350,Customer_8350,420,Spain,Male,40,9,208537.74,2,0,1,148861.74,1
10008351,Customer_8351,827,Germany,Male,18,6,171718.52,1,1,1,127709.77,0
10008352,Customer_8352,527,France,Male,44,5,53150.75,2,1,0,183529.53,1
10008353,Customer_8353,806,Spain,Female,69,8,216916.4,2,1,0,53000.91,0
10008354,Customer_8354,538,France,Male,19,1,21817.7,2,1,1,164206.75,0
10008355,Customer_8355,640,Spain,Female,38,7,112159.47,1,0,0,37175.69,0
10008356,Customer_8356,357,Spain,Female,26,1,59788.86,1,1,0,13574.79,0
10008357,Customer_8357,602,Germany,Female,65,1,134388.86,2,0,0,36.76,0
10008358,Customer_8358,757,France,Female,56,2,75012.39,1,1,1,116131.29,1
10008359,Customer_8359,816,France,Female,59,3,180706.56,1,0,1,155750.49,1
10008360,Customer_8360,641,France,Female,88,5,234229.68,2,1,1,164599.22,0
10008361,Customer_8361,783,France,Male,62,5,177272.49,1,0,0,94136.73,1
10008362,Customer_8362,593,France,Female,19,1,88827.59,2,1,0,11754.46,0
10008363,Customer_8363,472,Spain,Female,84,5,150017.49,2,1,0,7163.08,0
10008364,Customer_8364,648,France,Male,60,7,222131.52,2,1,1,183471.22,0
10008365,Customer_8365,632,Germany,Male,35,4,67507.1,1,1,0,18598.05,1
10008366,Customer_8366,381,Germany,Female,56,0,29551.19,1,0,1,156935.32,0
10008367,Customer_8367,683,Spain,Male,23,7,32691.0,2,1,1,13923.65,0
10008368,Customer_8368,726,France,Male,59,5,123713.25,4,1,1,36678.65,0
10008369,Customer_8369,495,France,Male,69,1,183034.07,2,1,1,32582.54,0
10008370,Customer_8370,505,Spain,Female,44,6,164314.44,2,1,0,55429.39,0
10008371,Customer_8371,762,Spain,Male,32,7,113472.38,1,1,0,81132.53,0
10008372,Customer_8372,365,Spain,Female,36,1,182324.51,1,1,1,24954.83,0
10008373,Customer_8373,704,Germany,Male,79,0,158492.49,2,1,0,194632.06,1
10008374,Customer_8374,396,France,Male,81,5,157057.69,1,0,0,411.64,1
10008375,Customer_8375,600,Germany,Male,68,5,50594.1,2,1,0,154426.2,1
10008376,Customer_8376,536,France,Female,64,7,78145.86,1,1,0,105306.82,1
10008377,Customer_8377,380,Germany,Female,74,6,86106.08,1,1,0,17125.36,1
10008378,Customer_8378,609,Germany,Female,37,7,202047.69,1,1,1,24016.05,1
10008379,Customer_8379,770,Germany,Female,37,9,193777.62,1,1,1,118004.35,0
10008380,Customer_8380,366,Spain,Male,81,9,63168.19,2,1,0,63058.21,1
10008381,Customer_8381,388,Germany,Female,55,4,13788.07,1,1,0,90043.93,1
10008382,Customer_8382,653,France,Male,55,1,191945.95,2,0,1,109842.78,0
10008383,Customer_8383,779,France,Male,82,4,102466.54,2,0,1,114674.32,0
10008384,Customer_8384,823,Spain,Female,22,1,54950.79,1,1,1,116526.72,0
10008385,Customer_8385,781,France,Female,81,8,29254.22,1,1,0,14020.36,0
10008386,Customer_8386,388,France,Male,44,4,3203.66,2,1,1,148098.56,0
10008387,Customer_8387,838,France,Female,37,0,106932.41,1,1,0,58708.6,1
10008388,Customer_8388,481,Germany,Female,77,8,84940.95,2,1,0,22895.92,1
10008389,Customer_8389,379,France,Male,57,9,174117.54,1,1,0,20450.05,0
10008390,Customer_8390,507,Spain,Male,23,4,244166.36,2,1,0,47411.52,1
10008391,Customer_8391,627,Spain,Female,90,10,51695.65,2,1,1,125740.07,1
10008392,Customer_8392,552,Spain,Female,53,0,60759.04,1,0,1,94390.4,1
10008393,Customer_8393,415,France,Male,91,8,84325.64,3,1,0,21424.64,0
10008394,Customer_8394,457,Spain,Female,82,8,116484.41,1,1,1,6481.18,0
10008395,Customer_8395,617,Spain,Female,28,9,174424.67,1,1,0,4943.87,1
10008396,Customer_8396,571,Spain,Male,66,9,88007.88,1,0,1,84224.73,0
10008397,Customer_8397,641,Germany,Female,45,8,26050.14,2,1,1,157630.12,0
10008398,Customer_8398,367,Germany,Male,39,5,182585.41,1,1,0,114730.6,0
10008399,Customer_8399,439,France,Female,64,9,198660.42,2,1,1,161937.77,0
10008400,Customer_8400,530,Spain,Female,83,9,61912.16,2,1,0,63885.2,0
10008401,Customer_8401,604,France,Female,42,1,34189.06,1,1,0,28077.67,0
10008402,Customer_8402,804,France,Female,84,6,131950.26,2,1,0,160602.49,1
10008403,Customer_8403,602,Spain,Female,49,1,52078.58,2,1,0,145571.34,0
10008404,Customer_8404,606,France,Female,34,3,93540.86,2,1,1,117825.97,0
10008405,Customer_8405,732,France,Male,57,3,194340.31,1,1,0,177553.23,0
10008406,Customer_8406,791,Spain,Female,47,9,54901.76,2,1,1,126140.08,0
10008407,Customer_8407,695,Spain,Male,76,6,201564.82,1,1,0,105168.32,1
10008408,Customer_8408,436,France,Male,45,5,168505.0,2,1,1,100467.48,0
10008409,Customer_8409,439,Spain,Female,64,10,54931.47,2,1,1,123479.22,1
10008410,Customer_8410,586,France,Male,40,9,131601.15,1,0,0,103330.38,1
10008411,Customer_8411,739,France,Male,74,6,153517.69,1,0,1,54548.27,1
10008412,Customer_8412,419,France,Female,18,5,50069.01,1,1,0,190775.01,0
10008413,Customer_8413,393,France,Male,46,0,36237.33,2,0,0,191612.78,0
10008414,Customer_8414,549,France,Female,67,10,132791.98,2,0,1,33378.37,0
10008415,Customer_8415,501,France,Male,81,3,173460.29,2,1,0,106124.13,0
10008416,Customer_8416,435,Spain,Female,54,2,116267.21,1,1,0,157925.49,0
10008417,Customer_8417,368,Germany,Male,78,6,17509.81,4,1,1,10965.55,1
10008418,Customer_8418,450,Spain,Female,24,6,231303.18,1,1,0,24722.18,0
10008419,Customer_8419,751,Germany,Male,81,10,173741.36,2,1,0,108983.61,1
10008420,Customer_8420,444,France,Female,35,3,155299.07,1,0,0,5678.57,0
10008421,Customer_8421,603,Spain,Male,46,6,160906.75,1,1,0,166600.19,1
10008422,Customer_8422,706,Spain,Male,77,3,99651.4,1,1,1,174634.57,0
10008423,Customer_8423,379,France,Male,71,8,246100.12,1,0,0,147265.01,0
10008424,Customer_8424,598,France,Female,89,2,33169.8,1,1,0,164474.08,1
10008425,Customer_8425,775,Germany,Female,38,9,184785.34,1,1,0,134346.17,1
10008426,Customer_8426,382,Germany,Male,38,1,105218.99,1,0,1,28382.78,0
10008427,Customer_8427,807,Spain,Female,75,4,220274.01,2,1,0,5981.58,1
10008428,Customer_8428,578,France,Female,66,8,179315.32,1,1,0,169618.56,0
10008429,Customer_8429,361,France,Male,53,10,140563.06,1,1,0,141435.38,0
10008430,Customer_8430,467,Germany,Male,34,2,234423.41,3,1,0,79698.91,1
10008431,Customer_8431,699,Germany,Male,70,0,228110.84,1,1,0,159369.65,1
10008432,Customer_8432,504,France,Male,32,8,13083.5,1,0,1,10666.41,0
10008433,Customer_8433,772,France,Male,57,4,48147.01,1,1,1,63824.64,0
10008434,Customer_8434,742,Germany,Male,68,1,169011.65,2,1,1,68377.19,0
10008435,Customer_8435,595,Germany,Male,82,5,230459.86,1,1,0,20984.87,0
10008436,Customer_8436,754,France,Female,30,2,107582.5,1,1,0,148342.16,1
10008437,Customer_8437,681,France,Female,55,8,9576.31,2,1,1,155507.83,0
10008438,Customer_8438,596,Spain,Female,91,2,160824.31,1,0,1,116638.68,0
10008439,Customer_8439,378,Spain,Female,43,1,48671.75,1,1,0,83577.95,1
10008440,Customer_8440,510,France,Male,32,2,138080.43,1,0,0,121414.81,1
10008441,Customer_8441,584,France,Male,22,5,96170.81,1,1,0,179677.61,0
10008442,Customer_8442,539,Spain,Male,19,2,139506.76,1,1,1,71557.47,0
10008443,Customer_8443,466,France,Female,82,8,233109.08,1,1,0,66856.76,0
10008444,Customer_8444,620,Germany,Female,77,8,121450.15,2,1,1,124549.86,0
10008445,Customer_8445,607,Germany,Male,73,8,8632.21,1,1,0,136731.12,0
10008446,Customer_8446,529,France,Male,55,1,145229.5,1,1,0,91555.72,1
10008447,Customer_8447,836,Germany,Female,74,6,81436.38,1,0,0,171914.41,0
10008448,Customer_8448,722,Germany,Female,68,1,194533.72,1,1,1,70464.79,1
10008449,Customer_8449,521,Germany,Male,58,0,117482.12,1,1,1,128187.4,1
10008450,Customer_8450,787,France,Male,87,4,185342.68,2,1,0,133562.83,0
10008451,Customer_8451,623,Spain,Female,69,10,227205.25,1,0,0,58971.68,1
10008452,Customer_8452,608,France,Male,18,10,90568.5,2,1,1,3781.07,0
10008453,Customer_8453,484,Germany,Female,35,7,247344.48,2,1,0,165324.36,0
10008454,Customer_8454,520,Spain,Female,44,2,37453.22,1,1,0,96489.32,0
10008455,Customer_8455,559,France,Female,89,6,160982.92,2,1,1,19100.97,1
10008456,Customer_8456,585,Spain,Male,59,5,8691.9,2,1,1,191512.41,1
10008457,Customer_8457,771,Spain,Male,23,10,53264.17,1,0,0,59293.14,0
10008458,Customer_8458,770,France,Male,41,0,158444.65,1,0,0,94899.23,1
10008459,Customer_8459,535,France,Female,62,6,11547.93,1,1,1,96819.06,0
10008460,Customer_8460,766,Spain,Female,88,2,25446.77,1,0,0,74166.92,0
10008461,Customer_8461,713,France,Female,24,3,72752.65,2,1,0,30325.87,0
10008462,Customer_8462,792,France,Male,33,9,143909.28,2,1,0,140861.56,1
10008463,Customer_8463,444,Spain,Female,75,1,3995.64,2,1,1,39106.09,0
10008464,Customer_8464,727,Spain,Male,74,10,120588.56,1,1,0,136468.63,1
10008465,Customer_8465,360,Spain,Male,59,0,156435.94,2,1,0,160423.77,0
10008466,Customer_8466,417,France,Male,31,4,100630.7,1,1,0,4637.17,0
10008467,Customer_8467,728,France,Male,73,5,16909.95,1,0,1,146359.88,1
10008468,Customer_8468,559,France,Female,29,10,152718.66,2,1,1,127610.62,0
10008469,Customer_8469,545,Germany,Male,32,1,151458.85,2,0,1,39163.49,0
10008470,Customer_8470,718,Germany,Male,25,9,126510.59,1,1,1,124042.81,0
10008471,Customer_8471,447,France,Male,75,5,173286.37,2,1,1,84160.7,0
10008472,Customer_8472,442,France,Male,70,5,51950.43,1,1,0,16928.46,0
10008473,Customer_8473,821,Germany,Male,26,7,169635.19,1,1,1,104742.88,0
10008474,Customer_8474,371,Germany,Female,63,7,40363.68,1,1,1,194657.38,1
10008475,Customer_8475,799,France,Female,24,5,98173.41,1,1,1,129765.91,0
10008476,Customer_8476,521,Spain,Male,61,6,16891.66,1,1,1,66116.3,0
10008477,Customer_8477,732,France,Female,31,3,204781.83,2,0,0,112705.13,0
10008478,Customer_8478,483,Germany,Male,23,4,134558.36,1,1,0,147563.14,0
10008479,Customer_8479,775,Spain,Male,52,5,242762.3,2,1,1,31257.68,0
10008480,Customer_8480,374,Germany,Female,87,5,235581.65,2,1,0,105770.92,1
10008481,Customer_8481,534,France,Male,78,2,249640.28,1,0,0,101378.4,0
10008482,Customer_8482,434,France,Male,41,8,25316.54,2,0,1,75318.51,0
10008483,Customer_8483,404,Spain,Male,90,3,151645.09,2,1,1,149415.9,0
10008484,Customer_8484,600,France,Male,19,7,101893.8,1,0,1,113006.93,0
10008485,Customer_8485,493,Germany,Male,68,3,133166.15,1,1,1,139782.52,0
10008486,Customer_8486,700,Spain,Male,48,5,77191.84,2,1,0,119196.7,1
10008487,Customer_8487,747,Spain,Male,44,0,12017.21,3,1,0,156190.36,1
10008488,Customer_8488,516,Germany,Female,48,1,176937.57,1,1,1,126790.25,0
10008489,Customer_8489,761,Spain,Male,87,5,241454.27,2,1,1,135551.83,0
10008490,Customer_8490,573,Spain,Male,60,2,133095.46,2,1,0,45108.15,1
10008491,Customer_8491,569,France,Male,69,10,82394.99,1,0,1,169175.42,0
10008492,Customer_8492,528,France,Female,31,6,234569.56,2,1,0,31084.0,0
10008493,Customer_8493,468,France,Male,76,0,91166.63,2,1,0,67970.52,0
10008494,Customer_8494,782,France,Female,37,2,228632.3,1,0,1,177882.39,0
10008495,Customer_8495,614,Spain,Male,69,2,213922.71,1,1,1,21726.89,0
10008496,Customer_8496,791,Germany,Female,57,0,132177.75,2,0,0,173337.24,1
10008497,Customer_8497,778,Spain,Male,85,3,169218.17,1,1,1,95078.83,0
10008498,Customer_8498,499,Spain,Male,61,7,175079.36,1,1,1,36726.32,0
10008499,Customer_8499,765,Germany,Male,23,10,160272.93,3,1,1,147441.6,0
10008500,Customer_8500,802,Germany,Female,74,6,40187.49,1,0,0,56784.24,1
10008501,Customer_8501,564,France,Female,75,6,173194.05,2,1,0,135585.38,1
10008502,Customer_8502,546,Spain,Male,89,4,804.52,1,1,1,158181.41,1
10008503,Customer_8503,391,France,Male,47,3,177509.2,1,1,1,113870.5,0
10008504,Customer_8504,402,Germany,Female,69,9,138709.03,1,0,1,157202.08,0
10008505,Customer_8505,829,France,Female,28,5,64940.11,1,1,0,187009.97,0
10008506,Customer_8506,792,Spain,Female,64,1,200941.09,1,1,1,110085.3,1
10008507,Customer_8507,679,Spain,Female,22,0,101319.73,2,1,0,30483.03,0
10008508,Customer_8508,600,Germany,Male,20,6,121444.3,2,1,0,141923.53,1
10008509,Customer_8509,644,Germany,Male,32,3,6918.64,2,1,0,82021.21,1
10008510,Customer_8510,727,Germany,Female,19,6,100329.92,2,1,1,106265.71,0
10008511,Customer_8511,620,France,Female,19,5,41840.7,1,1,0,125367.18,1
10008512,Customer_8512,804,France,Female,89,10,69035.83,3,1,0,143501.64,1
10008513,Customer_8513,762,Germany,Female,71,8,63034.87,1,1,0,127962.49,1
10008514,Customer_8514,472,France,Female,63,9,11505.2,1,1,0,46582.49,0
10008515,Customer_8515,716,France,Female,58,5,115123.64,2,1,1,149635.95,0
10008516,Customer_8516,736,France,Female,86,2,130648.1,1,0,1,161470.54,1
10008517,Customer_8517,688,France,Female,47,6,142765.66,1,1,0,7545.27,1
10008518,Customer_8518,615,France,Male,61,8,115554.94,2,1,0,61636.28,0
10008519,Customer_8519,697,France,Female,27,10,217381.72,1,0,1,195559.91,0
10008520,Customer_8520,378,France,Female,47,9,9419.94,2,1,0,35554.49,1
10008521,Customer_8521,812,France,Male,66,5,153452.15,2,1,1,36573.04,0
10008522,Customer_8522,384,Germany,Female,52,6,216532.92,3,1,0,118269.39,1
10008523,Customer_8523,355,Spain,Male,82,7,10260.06,1,1,1,67639.64,0
10008524,Customer_8524,745,France,Female,34,3,124076.75,1,1,0,131428.0,0
10008525,Customer_8525,460,Spain,Female,48,4,147256.8,2,1,0,52537.13,1
10008526,Customer_8526,643,France,Female,87,3,47726.44,1,1,1,85206.47,1
10008527,Customer_8527,426,Germany,Female,69,0,63125.03,2,1,1,199686.52,1
10008528,Customer_8528,698,Germany,Male,43,5,196398.33,2,1,0,74695.04,0
10008529,Customer_8529,496,Germany,Male,22,6,141849.45,2,1,0,17243.22,1
10008530,Customer_8530,416,Germany,Female,31,1,78944.67,2,0,1,148490.07,0
10008531,Customer_8531,741,France,Male,68,5,191188.81,2,0,0,117719.78,1
10008532,Customer_8532,357,France,Female,32,10,186678.89,1,1,1,88921.95,0
10008533,Customer_8533,471,Spain,Male,29,1,86350.45,2,0,0,181745.19,1
10008534,Customer_8534,689,France,Female,63,9,122161.91,1,1,1,29334.85,1
10008535,Customer_8535,524,France,Male,81,4,166129.73,1,1,1,97952.18,0
10008536,Customer_8536,737,France,Female,89,0,85812.3,1,1,0,38366.04,1
10008537,Customer_8537,528,France,Female,76,2,157252.35,2,0,1,16709.0,0
10008538,Customer_8538,434,Germany,Male,43,3,62768.43,3,1,0,88476.88,1
10008539,Customer_8539,800,Germany,Female,46,3,73005.21,2,1,1,189469.98,0
10008540,Customer_8540,394,France,Female,21,1,77668.16,1,1,0,144416.45,0
10008541,Customer_8541,485,France,Female,67,7,234013.69,2,1,0,46910.54,1
10008542,Customer_8542,692,Germany,Male,42,5,208418.04,1,1,1,92530.5,1
10008543,Customer_8543,365,Spain,Female,57,8,141291.49,2,0,1,159492.58,0
10008544,Customer_8544,682,Spain,Male,49,5,140968.05,2,1,0,39091.57,0
10008545,Customer_8545,544,Spain,Male,54,2,14036.63,1,0,0,40748.07,1
10008546,Customer_8546,845,Spain,Female,27,1,162377.02,1,1,0,36215.09,0
10008547,Customer_8547,358,Spain,Male,55,8,82029.96,1,0,0,121492.93,1
10008548,Customer_8548,665,Germany,Male,78,2,153074.84,1,1,0,5800.87,0
10008549,Customer_8549,683,France,Female,44,5,210058.44,2,0,1,117528.8,0
10008550,Customer_8550,682,Germany,Female,24,9,11374.58,1,1,1,165075.87,1
10008551,Customer_8551,676,France,Male,90,1,151765.88,1,0,1,156532.82,0
10008552,Customer_8552,364,Spain,Female,26,6,141050.15,2,1,0,133369.92,0
10008553,Customer_8553,676,France,Female,76,0,51691.64,2,0,1,43907.06,1
10008554,Customer_8554,451,Germany,Female,53,8,161608.24,1,1,0,163285.46,0
10008555,Customer_8555,575,France,Female,47,0,138708.81,1,1,1,191493.54,0
10008556,Customer_8556,774,Germany,Male,36,8,191830.03,1,0,0,36765.44,1
10008557,Customer_8557,627,France,Female,58,10,27654.64,1,1,1,182066.64,0
10008558,Customer_8558,757,France,Female,72,0,110901.84,1,1,0,170599.39,0
10008559,Customer_8559,462,France,Female,23,0,249483.23,4,1,0,195856.25,1
10008560,Customer_8560,834,France,Male,39,7,172320.21,1,1,1,63862.63,0
10008561,Customer_8561,777,France,Male,87,0,171074.56,1,0,1,186815.03,0
10008562,Customer_8562,350,France,Male,41,7,79467.78,1,1,0,35912.62,1
10008563,Customer_8563,615,Spain,Female,79,2,23472.03,2,1,0,35044.46,1
10008564,Customer_8564,840,France,Male,59,3,237373.59,1,0,0,21407.54,0
10008565,Customer_8565,557,France,Male,39,1,26367.85,2,1,1,85560.71,0
10008566,Customer_8566,459,Spain,Female,33,5,248176.58,2,1,1,2447.34,0
10008567,Customer_8567,549,Germany,Female,30,6,31445.24,2,1,0,76275.6,0
10008568,Customer_8568,789,France,Male,54,9,42726.84,1,1,0,125189.34,1
10008569,Customer_8569,718,France,Female,69,2,77091.74,1,1,0,15662.43,1
10008570,Customer_8570,822,Spain,Male,41,8,128093.8,2,1,0,163696.98,0
10008571,Customer_8571,655,France,Male,34,2,197600.41,2,0,0,58551.81,1
10008572,Customer_8572,361,France,Female,33,6,242752.08,2,1,0,9301.6,0
10008573,Customer_8573,694,Spain,Male,18,3,89706.22,2,1,0,74929.25,1
10008574,Customer_8574,814,France,Female,18,4,5103.27,2,0,0,27696.82,0
10008575,Customer_8575,537,Spain,Male,47,8,154169.88,2,1,1,159058.32,0
10008576,Customer_8576,503,France,Male,41,2,177697.47,2,1,1,66808.79,0
10008577,Customer_8577,843,Germany,Female,63,2,99361.05,1,1,1,23412.77,0
10008578,Customer_8578,717,Spain,Female,19,8,45869.01,1,1,1,90737.98,0
10008579,Customer_8579,683,France,Female,32,8,76503.9,2,0,1,90401.36,0
10008580,Customer_8580,774,Spain,Male,46,3,163949.93,1,1,0,55129.87,0
10008581,Customer_8581,769,Spain,Male,79,0,123545.72,1,1,0,65406.69,1
10008582,Customer_8582,726,France,Male,30,0,185856.01,1,1,0,153770.32,1
10008583,Customer_8583,628,Spain,Female,82,8,54542.56,3,0,0,127748.88,1
10008584,Customer_8584,520,France,Female,62,5,210496.4,1,0,1,42940.14,0
10008585,Customer_8585,483,Spain,Female,64,4,38971.23,2,1,0,189637.44,1
10008586,Customer_8586,844,France,Female,33,9,82478.86,1,0,1,60952.49,0
10008587,Customer_8587,802,France,Female,20,2,147801.91,2,1,1,106693.01,0
10008588,Customer_8588,776,France,Female,87,2,184215.8,1,1,1,114228.84,0
10008589,Customer_8589,374,France,Male,22,1,66545.37,1,0,1,42741.89,0
10008590,Customer_8590,367,France,Male,43,6,237029.93,2,1,0,58252.87,0
10008591,Customer_8591,539,Spain,Male,32,8,176527.82,3,1,1,96144.46,1
10008592,Customer_8592,490,Spain,Male,90,5,54418.76,1,0,1,51272.49,0
10008593,Customer_8593,392,France,Male,72,9,181441.38,2,1,1,61133.32,0
10008594,Customer_8594,683,France,Male,39,0,174083.42,2,1,0,122634.22,0
10008595,Customer_8595,633,Spain,Male,54,5,188171.02,1,1,0,146753.82,1
10008596,Customer_8596,495,France,Male,46,10,228970.18,1,0,0,160198.3,0
10008597,Customer_8597,664,France,Male,43,7,177929.3,2,0,0,24353.62,0
10008598,Customer_8598,793,Germany,Male,87,7,87977.57,1,0,0,147402.39,1
10008599,Customer_8599,668,France,Male,28,9,197629.37,1,1,0,187273.84,1
10008600,Customer_8600,790,France,Male,37,2,173965.44,3,0,1,116151.35,0
10008601,Customer_8601,441,Germany,Male,87,0,143564.8,1,1,0,120940.39,0
10008602,Customer_8602,528,Germany,Female,50,4,88458.22,1,1,1,191065.2,0
10008603,Customer_8603,405,France,Male,47,5,230262.29,2,1,1,173887.89,0
10008604,Customer_8604,504,Spain,Female,67,9,128188.69,1,1,1,111538.7,0
10008605,Customer_8605,509,Germany,Female,51,8,157025.84,2,1,0,153172.48,1
10008606,Customer_8606,460,France,Male,22,1,103840.77,1,1,1,36188.81,0
10008607,Customer_8607,486,France,Male,29,0,195203.83,2,0,1,82629.23,0
10008608,Customer_8608,581,France,Male,69,6,85259.88,1,0,1,143084.98,0
10008609,Customer_8609,829,France,Male,68,1,202658.6,1,1,0,57724.37,1
10008610,Customer_8610,817,France,Female,38,10,26985.36,1,1,1,90785.53,0
10008611,Customer_8611,569,France,Female,88,1,177240.47,1,1,1,34554.69,0
10008612,Customer_8612,830,France,Female,75,2,119220.54,2,1,0,179561.76,1
10008613,Customer_8613,417,Germany,Female,81,3,174688.39,1,1,1,179134.82,0
10008614,Customer_8614,651,Spain,Male,23,6,132848.91,1,1,0,95677.59,0
10008615,Customer_8615,598,Germany,Male,66,0,33576.58,1,1,0,38409.9,1
10008616,Customer_8616,831,Germany,Female,89,5,119247.89,3,1,1,135845.78,1
10008617,Customer_8617,845,Spain,Female,54,10,241139.74,1,1,0,42715.64,0
10008618,Customer_8618,672,Germany,Male,27,6,188710.15,2,1,1,45727.41,0
10008619,Customer_8619,759,France,Female,83,2,75047.32,2,1,0,194409.61,1
10008620,Customer_8620,741,France,Male,73,2,236028.54,2,1,0,19918.17,0
10008621,Customer_8621,355,Spain,Male,88,1,194736.57,2,1,1,75855.19,0
10008622,Customer_8622,813,France,Female,83,4,91111.78,1,1,0,110979.83,0
10008623,Customer_8623,629,France,Female,62,6,150893.49,1,1,0,21567.82,0
10008624,Customer_8624,781,Germany,Female,85,10,106671.4,1,1,0,7799.19,0
10008625,Customer_8625,836,Germany,Male,81,2,24172.6,2,0,0,108472.63,1
10008626,Customer_8626,443,Spain,Male,33,6,201507.35,1,1,0,22921.59,1
10008627,Customer_8627,778,France,Male,27,7,47769.53,1,1,1,50242.07,0
10008628,Customer_8628,618,France,Female,38,2,114509.57,1,1,1,99460.13,1
10008629,Customer_8629,546,Spain,Male,29,10,175659.53,2,1,0,69506.75,0
10008630,Customer_8630,374,France,Female,30,0,233053.42,2,1,1,142114.35,0
10008631,Customer_8631,497,France,Male,27,2,15681.52,1,1,1,192491.24,0
10008632,Customer_8632,467,France,Male,30,5,98308.39,1,1,1,150641.13,0
10008633,Customer_8633,687,Spain,Female,51,0,153661.93,1,1,1,199998.41,1
10008634,Customer_8634,716,Spain,Female,76,8,194827.33,1,1,1,77789.26,1
10008635,Customer_8635,687,Spain,Male,66,2,230232.79,2,1,0,61055.37,1
10008636,Customer_8636,415,France,Female,23,2,124.33,2,1,0,42525.72,1
10008637,Customer_8637,807,France,Male,29,6,156940.85,2,1,1,176976.86,0
10008638,Customer_8638,650,France,Female,46,6,1734.23,2,1,0,77993.86,0
10008639,Customer_8639,719,Spain,Female,43,5,196813.82,1,1,1,142191.58,0
10008640,Customer_8640,524,France,Male,85,6,37416.65,2,1,0,134958.99,1
10008641,Customer_8641,668,France,Male,33,4,223655.16,2,1,0,11425.3,1
10008642,Customer_8642,425,Germany,Male,70,7,38781.06,2,1,0,175930.57,1
10008643,Customer_8643,844,France,Male,36,9,191082.25,3,1,1,97312.67,0
10008644,Customer_8644,810,Germany,Female,64,1,72325.98,2,1,1,44718.18,1
10008645,Customer_8645,463,Spain,Male,49,4,139313.47,2,1,1,195817.61,0
10008646,Customer_8646,460,France,Male,87,10,152108.56,1,1,0,150633.98,1
10008647,Customer_8647,598,France,Female,87,8,51690.16,1,0,1,123350.99,0
10008648,Customer_8648,788,France,Female,78,3,74674.22,2,0,1,197675.36,0
10008649,Customer_8649,552,France,Male,22,7,26876.95,1,0,1,151320.03,0
10008650,Customer_8650,496,France,Female,76,2,1322.25,2,0,0,24238.5,0
10008651,Customer_8651,384,Germany,Female,19,5,59867.01,2,1,0,198229.52,0
10008652,Customer_8652,836,France,Male,19,7,129000.59,2,0,0,119524.63,0
10008653,Customer_8653,658,Spain,Female,20,8,178399.31,1,1,1,59894.79,0
10008654,Customer_8654,375,France,Female,87,6,198389.91,1,1,0,163506.13,1
10008655,Customer_8655,587,France,Male,60,5,17441.49,2,1,0,9594.43,1
10008656,Customer_8656,363,France,Female,22,10,68103.22,1,1,1,130877.09,0
10008657,Customer_8657,723,Spain,Female,67,5,192555.99,2,1,0,31863.87,1
10008658,Customer_8658,394,France,Female,27,5,120217.22,2,1,1,17518.58,0
10008659,Customer_8659,777,Spain,Female,44,9,45546.75,1,0,0,70803.91,1
10008660,Customer_8660,565,Spain,Female,41,8,98053.5,1,0,1,71279.77,0
10008661,Customer_8661,582,Spain,Female,39,2,67508.55,2,0,1,120109.72,0
10008662,Customer_8662,542,Spain,Female,20,3,12663.38,1,1,0,113091.71,0
10008663,Customer_8663,400,France,Male,33,2,190906.79,1,0,0,137593.02,0
10008664,Customer_8664,776,Spain,Male,47,8,72923.42,2,1,1,34830.64,0
10008665,Customer_8665,724,Spain,Male,60,4,236282.83,2,1,1,174174.1,0
10008666,Customer_8666,563,Spain,Male,21,9,222031.26,2,1,1,171736.31,0
10008667,Customer_8667,500,France,Male,57,7,179069.37,1,1,0,43263.12,0
10008668,Customer_8668,789,Germany,Male,33,7,81658.6,2,1,1,94720.61,0
10008669,Customer_8669,624,France,Female,89,8,69980.89,1,0,0,97608.69,0
10008670,Customer_8670,687,France,Female,33,9,118817.87,1,1,1,184248.42,0
10008671,Customer_8671,425,Germany,Female,83,6,88650.63,4,0,1,181124.82,0
10008672,Customer_8672,788,Spain,Female,72,2,225289.58,1,1,0,13503.76,1
10008673,Customer_8673,569,Germany,Female,37,4,30873.78,1,1,0,191606.46,0
10008674,Customer_8674,697,Spain,Female,68,2,181116.89,2,0,0,13722.66,1
10008675,Customer_8675,793,France,Male,74,1,152724.2,2,0,1,109919.31,0
10008676,Customer_8676,536,France,Male,68,2,201575.3,3,1,1,62326.2,0
10008677,Customer_8677,638,Germany,Male,35,9,135621.83,1,1,0,78099.48,0
10008678,Customer_8678,752,France,Male,76,8,157385.17,1,1,1,125347.49,1
10008679,Customer_8679,377,Spain,Female,45,8,240685.16,1,1,1,116767.71,0
10008680,Customer_8680,728,France,Male,86,7,22990.39,2,1,1,33506.91,0
10008681,Customer_8681,529,France,Male,45,6,26216.41,1,0,1,193956.69,0
10008682,Customer_8682,602,Germany,Male,30,0,98401.92,1,1,0,5749.54,1
10008683,Customer_8683,475,France,Male,23,8,118183.2,2,1,0,68682.86,0
10008684,Customer_8684,526,Spain,Female,46,9,49968.01,2,1,1,160278.0,0
10008685,Customer_8685,386,France,Female,26,1,20666.95,1,1,0,170188.91,0
10008686,Customer_8686,759,France,Male,46,5,5544.06,2,1,0,159460.28,0
10008687,Customer_8687,448,Spain,Female,55,9,191148.06,1,1,1,74506.67,0
10008688,Customer_8688,447,France,Female,82,4,121264.35,2,1,0,134683.57,1
10008689,Customer_8689,476,Spain,Female,73,5,210850.86,2,0,0,152862.53,0
10008690,Customer_8690,832,France,Male,47,7,90209.31,1,1,0,115595.39,1
10008691,Customer_8691,517,France,Male,76,7,175861.53,1,1,1,135807.09,0
10008692,Customer_8692,429,Spain,Male,75,9,122130.13,1,1,1,110729.91,0
10008693,Customer_8693,643,Spain,Female,27,1,153017.5,2,1,0,11000.32,1
10008694,Customer_8694,682,France,Male,38,6,92549.21,1,1,0,54665.13,0
10008695,Customer_8695,475,Germany,Male,73,1,20292.44,2,0,0,140533.48,1
10008696,Customer_8696,692,Spain,Male,43,0,236843.4,2,1,0,48315.12,0
10008697,Customer_8697,659,France,Female,32,7,209022.46,1,0,0,91099.11,0
10008698,Customer_8698,499,France,Female,52,8,77972.94,3,0,0,106927.69,0
10008699,Customer_8699,365,Germany,Male,32,6,239675.73,2,0,0,134197.79,1
10008700,Customer_8700,377,France,Female,23,3,75122.18,1,1,1,51836.99,0
10008701,Customer_8701,845,France,Male,45,6,110747.51,1,1,1,119047.48,0
10008702,Customer_8702,768,Spain,Male,80,3,188783.92,1,0,1,119306.33,0
10008703,Customer_8703,793,France,Male,46,6,77251.06,2,1,0,169006.49,1
10008704,Customer_8704,522,Spain,Male,65,3,81126.99,1,0,1,110414.47,0
10008705,Customer_8705,395,Germany,Female,80,8,102520.54,4,1,1,59023.1,0
10008706,Customer_8706,677,Germany,Female,75,4,117097.34,1,1,0,104545.87,1
10008707,Customer_8707,585,Germany,Female,38,6,30904.06,1,0,0,21465.15,0
10008708,Customer_8708,788,France,Male,39,10,4372.91,2,1,0,121554.07,0
10008709,Customer_8709,563,France,Male,44,7,229789.3,1,1,0,183227.1,0
10008710,Customer_8710,434,France,Male,74,4,88297.16,2,1,1,105967.24,0
10008711,Customer_8711,631,Spain,Female,27,0,25422.15,1,1,0,58441.44,0
10008712,Customer_8712,581,France,Male,39,3,189792.85,3,1,0,81111.76,0
10008713,Customer_8713,434,France,Male,61,2,73765.17,2,1,1,180372.66,0
10008714,Customer_8714,758,Spain,Female,45,6,45416.02,2,0,0,162615.43,1
10008715,Customer_8715,838,Spain,Female,67,5,240652.76,1,1,0,160637.25,0
10008716,Customer_8716,414,France,Male,68,5,230135.72,2,1,1,112820.76,0
10008717,Customer_8717,483,France,Male,18,1,26436.46,1,1,0,79289.24,0
10008718,Customer_8718,500,Germany,Male,51,5,224821.3,3,1,0,26496.33,0
10008719,Customer_8719,464,Spain,Female,52,7,222716.88,1,1,0,195123.07,1
10008720,Customer_8720,413,France,Male,78,4,158593.64,1,1,0,35829.66,0
10008721,Customer_8721,692,France,Female,47,8,132434.5,3,1,1,50431.93,1
10008722,Customer_8722,776,Spain,Female,85,10,54359.63,1,1,0,152854.9,0
10008723,Customer_8723,712,Spain,Male,57,1,30346.07,1,0,1,70157.46,0
10008724,Customer_8724,756,Spain,Male,82,6,151592.26,2,1,0,116778.28,0
10008725,Customer_8725,701,France,Male,54,5,205489.31,2,1,1,152330.91,0
10008726,Customer_8726,507,France,Male,81,10,172160.96,1,1,1,111229.17,0
10008727,Customer_8727,426,Germany,Male,18,10,45200.11,2,0,0,98149.49,1
10008728,Customer_8728,840,France,Male,32,5,72504.66,1,0,0,10150.91,1
10008729,Customer_8729,495,France,Female,30,3,136604.4,2,0,1,97537.07,0
10008730,Customer_8730,692,France,Male,46,9,156248.13,1,1,0,91011.32,1
10008731,Customer_8731,812,Germany,Female,72,8,18063.15,1,0,0,176103.71,1
10008732,Customer_8732,574,Germany,Male,62,5,153512.91,2,1,0,89484.64,1
10008733,Customer_8733,754,Spain,Female,21,7,184079.85,1,1,0,125992.64,0
10008734,Customer_8734,662,Spain,Female,81,7,45339.46,1,1,0,154749.18,0
10008735,Customer_8735,452,Spain,Female,32,3,61554.68,1,1,1,93548.85,0
10008736,Customer_8736,756,Spain,Male,65,4,64724.15,2,1,0,52179.22,1
10008737,Customer_8737,696,France,Female,73,1,234952.56,1,1,0,178791.84,0
10008738,Customer_8738,650,France,Female,87,3,101754.03,1,1,0,179104.75,1
10008739,Customer_8739,777,Germany,Male,32,5,132642.86,1,0,1,179968.2,0
10008740,Customer_8740,815,France,Female,56,1,181078.59,1,1,1,54563.11,0
10008741,Customer_8741,437,Spain,Female,86,1,92865.07,2,1,1,63099.4,1
10008742,Customer_8742,720,France,Male,77,9,26388.89,2,1,1,183760.21,0
10008743,Customer_8743,652,France,Male,61,6,163580.47,2,0,0,25166.28,1
10008744,Customer_8744,517,Germany,Female,60,9,166818.29,1,1,0,131180.03,1
10008745,Customer_8745,784,Germany,Male,21,4,65136.95,2,1,1,58471.37,0
10008746,Customer_8746,519,Germany,Male,67,2,8807.23,1,0,0,144264.38,0
10008747,Customer_8747,484,Germany,Male,56,2,166338.29,2,1,1,166734.77,1
10008748,Customer_8748,399,France,Male,71,6,175856.39,2,1,1,81629.56,0
10008749,Customer_8749,781,France,Male,40,2,6516.22,1,0,1,30240.88,0
10008750,Customer_8750,689,Spain,Male,77,9,173295.82,1,0,0,146450.16,1
10008751,Customer_8751,696,France,Male,52,4,234732.14,2,1,0,11155.93,1
10008752,Customer_8752,483,France,Female,71,1,44696.32,2,1,0,3009.36,1
10008753,Customer_8753,696,France,Male,75,2,130330.94,1,1,0,175439.34,1
10008754,Customer_8754,486,France,Male,79,3,174194.11,1,0,1,163363.51,0
10008755,Customer_8755,594,Germany,Male,65,0,57519.85,2,1,0,116395.61,0
10008756,Customer_8756,458,Germany,Male,24,3,187887.22,1,1,1,133078.68,0
10008757,Customer_8757,662,Spain,Male,62,3,217022.11,2,1,1,190521.27,0
10008758,Customer_8758,636,Germany,Male,30,2,203637.74,1,1,0,12563.58,0
10008759,Customer_8759,370,France,Female,70,9,64724.73,1,1,1,43327.31,0
10008760,Customer_8760,439,France,Male,56,8,201054.11,1,0,1,145843.49,0
10008761,Customer_8761,645,France,Male,35,2,103335.81,2,0,1,52815.24,0
10008762,Customer_8762,461,France,Female,39,1,66615.86,1,0,1,41461.24,0
10008763,Customer_8763,650,France,Male,53,6,41992.87,2,1,0,88446.77,0
10008764,Customer_8764,426,France,Female,70,8,227245.36,2,0,0,144742.63,1
10008765,Customer_8765,526,Germany,Female,89,5,106724.39,2,0,0,42113.11,0
10008766,Customer_8766,692,Germany,Male,20,4,216432.8,3,1,1,85915.3,0
10008767,Customer_8767,497,Spain,Female,79,0,39886.25,2,0,1,103768.7,0
10008768,Customer_8768,450,Spain,Female,46,2,191748.37,2,0,1,34454.09,0
10008769,Customer_8769,595,France,Male,90,8,27503.34,2,1,0,95363.36,0
10008770,Customer_8770,466,France,Female,25,7,4391.24,1,0,0,173176.72,0
10008771,Customer_8771,441,France,Female,63,8,248762.33,2,1,1,149215.85,1
10008772,Customer_8772,750,France,Female,73,7,18384.33,2,1,0,100694.98,0
10008773,Customer_8773,377,France,Female,66,0,115385.11,2,0,1,25066.04,0
10008774,Customer_8774,774,France,Female,60,7,219596.35,1,1,0,4682.13,1
10008775,Customer_8775,799,Germany,Male,27,7,204844.89,2,1,1,13458.76,0
10008776,Customer_8776,374,Germany,Male,30,4,117793.93,1,1,1,150046.03,0
10008777,Customer_8777,407,Germany,Male,74,5,152712.13,1,1,1,140877.78,0
10008778,Customer_8778,847,France,Male,19,1,157426.54,2,1,1,149215.61,0
10008779,Customer_8779,646,Germany,Female,82,0,27456.25,3,1,0,61449.75,0
10008780,Customer_8780,483,Germany,Male,59,7,71226.02,1,1,1,17995.15,0
10008781,Customer_8781,680,Germany,Female,75,6,75245.79,1,1,0,142869.55,0
10008782,Customer_8782,598,France,Male,27,3,94532.04,1,1,0,184494.07,0
10008783,Customer_8783,387,Germany,Male,80,10,68479.38,3,1,1,90444.35,1
10008784,Customer_8784,739,Germany,Male,88,6,62874.62,2,1,1,152865.49,0
10008785,Customer_8785,778,France,Male,78,1,88696.38,2,1,1,145617.67,0
10008786,Customer_8786,424,France,Female,18,10,94806.63,2,1,1,170739.92,0
10008787,Customer_8787,491,France,Male,43,1,121806.01,2,1,0,5686.63,0
10008788,Customer_8788,671,Germany,Male,22,6,43383.85,1,1,0,191061.49,0
10008789,Customer_8789,517,Spain,Male,52,2,197084.17,1,0,0,173072.85,0
10008790,Customer_8790,608,France,Male,30,5,215166.93,2,1,0,175297.42,0
10008791,Customer_8791,722,France,Male,44,6,62041.22,1,0,0,199270.61,0
10008792,Customer_8792,704,Spain,Male,29,6,30825.18,1,0,1,127899.23,0
10008793,Customer_8793,574,France,Male,67,9,180578.0,2,1,1,16344.82,0
10008794,Customer_8794,501,France,Male,76,3,231061.28,1,0,1,164561.23,0
10008795,Customer_8795,368,France,Male,48,2,8787.08,1,1,0,26984.53,1
10008796,Customer_8796,495,Germany,Female,86,0,3608.99,1,1,1,147581.63,0
10008797,Customer_8797,797,Germany,Male,54,6,45856.37,2,0,1,84811.23,0
10008798,Customer_8798,590,France,Male,19,8,171198.12,1,0,1,1333.58,0
10008799,Customer_8799,721,Spain,Female,88,0,241195.25,1,0,0,87161.96,1
10008800,Customer_8800,730,Germany,Female,82,4,187595.24,2,1,0,159335.07,1
10008801,Customer_8801,693,France,Female,20,3,143258.15,2,1,1,17489.82,0
10008802,Customer_8802,586,Germany,Female,37,9,175137.35,1,1,1,453.37,0
10008803,Customer_8803,384,France,Male,19,1,57674.58,1,0,1,90558.45,0
10008804,Customer_8804,539,Germany,Male,59,6,172137.99,2,0,1,310.35,0
10008805,Customer_8805,350,France,Male,60,6,80361.24,1,0,0,186948.56,1
10008806,Customer_8806,833,Germany,Female,38,7,55605.53,2,1,0,164974.34,0
10008807,Customer_8807,502,France,Male,62,2,59139.0,2,0,0,126027.53,0
10008808,Customer_8808,778,Spain,Female,37,5,166946.94,1,0,1,3474.41,0
10008809,Customer_8809,782,France,Female,60,3,191806.43,1,1,0,113969.22,1
10008810,Customer_8810,475,Germany,Male,67,10,145450.53,1,1,1,134220.92,1
10008811,Customer_8811,840,France,Male,60,2,15963.82,1,1,0,117493.75,0
10008812,Customer_8812,831,Spain,Male,41,3,9502.33,1,1,0,189378.83,0
10008813,Customer_8813,694,Spain,Male,77,0,54291.71,2,1,1,166270.63,0
10008814,Customer_8814,749,France,Male,49,6,71617.18,2,1,0,73025.49,0
10008815,Customer_8815,575,Spain,Male,22,6,101204.97,2,1,0,138963.09,0
10008816,Customer_8816,570,France,Female,19,6,19007.02,1,0,1,92235.18,0
10008817,Customer_8817,752,Germany,Female,43,1,181289.69,2,1,1,185670.38,0
10008818,Customer_8818,756,Germany,Female,42,0,177874.54,1,0,0,123629.47,0
10008819,Customer_8819,560,France,Female,67,8,86669.4,1,1,0,116418.58,1
10008820,Customer_8820,374,Spain,Male,56,1,140750.63,1,1,0,100144.94,0
10008821,Customer_8821,365,France,Male,28,4,25228.99,2,1,1,75554.64,0
10008822,Customer_8822,531,France,Male,80,4,103804.66,2,1,0,29621.11,0
10008823,Customer_8823,848,Spain,Male,85,10,214391.19,2,1,1,54794.3,1
10008824,Customer_8824,678,Germany,Female,35,7,165155.62,1,1,1,66507.53,0
10008825,Customer_8825,478,France,Female,45,0,25985.94,1,1,0,30812.84,0
10008826,Customer_8826,391,France,Male,59,10,211894.51,1,1,1,162544.71,0
10008827,Customer_8827,752,Germany,Male,77,6,170174.06,1,1,0,454.64,0
10008828,Customer_8828,830,France,Male,39,2,113264.07,1,1,0,183155.24,1
10008829,Customer_8829,767,Spain,Male,57,1,173022.76,1,1,1,25666.15,1
10008830,Customer_8830,685,Germany,Female,79,4,43205.06,1,1,0,10204.23,0
10008831,Customer_8831,585,France,Female,20,3,137621.62,1,1,1,199037.49,1
10008832,Customer_8832,709,France,Female,88,8,154481.75,1,1,1,199959.22,0
10008833,Customer_8833,788,Germany,Female,80,10,231936.21,2,1,1,38360.41,0
10008834,Customer_8834,751,France,Male,37,0,16722.93,2,1,1,26768.89,0
10008835,Customer_8835,383,Spain,Female,88,10,93695.68,2,1,1,39563.75,0
10008836,Customer_8836,694,Spain,Female,88,2,234203.68,1,1,0,102270.07,0
10008837,Customer_8837,730,Germany,Male,43,2,54305.26,1,1,1,64244.25,0
10008838,Customer_8838,394,France,Male,58,3,203300.08,1,0,0,67280.57,1
10008839,Customer_8839,483,France,Female,20,6,401.38,1,1,0,161916.09,0
10008840,Customer_8840,370,Germany,Male,60,4,6471.02,2,1,1,178040.12,1
10008841,Customer_8841,471,Germany,Male,34,10,81905.72,1,1,0,193966.51,1
10008842,Customer_8842,419,Germany,Male,70,9,192125.93,2,0,0,102953.02,1
10008843,Customer_8843,701,France,Female,69,5,26035.87,2,1,0,49235.56,0
10008844,Customer_8844,710,Spain,Male,50,2,95713.41,2,1,0,110988.48,0
10008845,Customer_8845,397,France,Female,77,4,32867.04,2,0,0,174211.64,0
10008846,Customer_8846,840,Germany,Female,85,10,55898.39,2,1,0,6193.0,1
10008847,Customer_8847,388,Spain,Female,73,1,125748.55,2,0,0,182249.54,0
10008848,Customer_8848,636,Germany,Female,81,3,79784.69,2,1,1,45317.99,0
10008849,Customer_8849,839,France,Male,25,2,52978.16,2,1,0,62108.43,0
10008850,Customer_8850,359,Germany,Male,86,2,98374.25,1,1,0,72817.75,1
10008851,Customer_8851,379,France,Male,50,3,175263.74,1,1,0,182753.22,0
10008852,Customer_8852,593,Spain,Male,42,7,29854.53,1,1,0,35208.45,0
10008853,Customer_8853,623,France,Female,88,7,119898.61,1,1,0,44610.82,0
10008854,Customer_8854,793,France,Female,24,0,68679.93,2,1,1,146223.49,0
10008855,Customer_8855,437,France,Male,76,4,94655.22,1,1,1,186938.31,1
10008856,Customer_8856,593,Spain,Male,50,1,205388.79,1,0,1,20956.8,1
10008857,Customer_8857,730,Germany,Male,58,9,232432.49,1,1,1,104455.0,0
10008858,Customer_8858,678,Germany,Male,50,5,60744.48,2,0,1,182893.08,0
10008859,Customer_8859,828,Germany,Male,46,2,157492.74,1,1,0,177219.18,0
10008860,Customer_8860,364,Spain,Female,56,9,169169.32,1,1,1,189692.17,0
10008861,Customer_8861,353,France,Female,74,9,210621.5,2,1,1,180422.06,1
10008862,Customer_8862,540,Germany,Female,81,8,224760.62,2,1,0,62948.15,0
10008863,Customer_8863,517,Germany,Male,83,8,116997.95,2,1,1,41610.95,0
10008864,Customer_8864,358,France,Male,26,7,245643.91,2,0,1,180296.02,0
10008865,Customer_8865,458,France,Female,46,1,242707.24,2,1,1,142394.09,1
10008866,Customer_8866,486,France,Male,91,10,126616.99,1,1,0,75711.3,0
10008867,Customer_8867,503,France,Male,45,1,135508.03,1,1,0,142590.24,1
10008868,Customer_8868,737,France,Male,70,10,166937.46,3,0,1,61445.93,1
10008869,Customer_8869,558,France,Female,63,1,93454.04,1,1,0,116273.45,0
10008870,Customer_8870,621,Germany,Female,56,4,165510.98,1,1,0,46675.16,0
10008871,Customer_8871,492,France,Female,75,9,128571.35,2,1,0,112353.14,0
10008872,Customer_8872,448,France,Male,71,8,8859.19,2,1,1,184633.09,0
10008873,Customer_8873,726,Spain,Female,23,6,213182.23,1,1,1,154290.39,0
10008874,Customer_8874,657,Germany,Female,62,6,235111.45,1,1,1,131216.84,1
10008875,Customer_8875,418,France,Male,57,2,6557.27,1,1,0,49210.97,0
10008876,Customer_8876,596,Germany,Female,40,2,197315.45,2,1,1,12683.95,0
10008877,Customer_8877,610,France,Female,59,9,96453.32,1,1,1,142117.14,0
10008878,Customer_8878,625,France,Female,55,2,146407.95,1,1,1,115224.2,0
10008879,Customer_8879,428,France,Female,33,0,124998.74,2,1,1,42529.56,0
10008880,Customer_8880,495,Spain,Male,91,7,137827.66,2,1,1,186952.84,0
10008881,Customer_8881,460,Germany,Male,64,10,123796.58,2,1,1,110408.77,0
10008882,Customer_8882,607,Spain,Male,38,1,213343.84,2,1,1,114376.45,0
10008883,Customer_8883,442,Spain,Female,91,10,170876.67,1,1,0,59759.82,0
10008884,Customer_8884,362,Spain,Female,38,6,103159.31,2,0,1,175878.28,0
10008885,Customer_8885,609,Germany,Female,42,8,172142.15,2,1,0,178279.37,0
10008886,Customer_8886,775,Germany,Male,78,1,241261.95,2,1,0,143032.5,1
10008887,Customer_8887,458,France,Female,71,0,20077.07,1,1,0,19864.88,1
10008888,Customer_8888,679,France,Male,77,4,97022.49,1,1,0,16887.21,0
10008889,Customer_8889,538,Germany,Male,59,9,217613.51,1,0,0,93881.84,1
10008890,Customer_8890,444,Germany,Female,78,4,184763.78,2,1,0,28431.24,1
10008891,Customer_8891,454,Spain,Male,49,0,233732.22,1,1,1,66391.31,0
10008892,Customer_8892,357,France,Male,70,8,9952.47,2,0,1,34277.83,0
10008893,Customer_8893,416,Germany,Male,61,2,215693.9,1,1,0,62030.66,0
10008894,Customer_8894,845,Germany,Male,28,1,197949.69,1,1,0,188583.2,1
10008895,Customer_8895,540,France,Male,64,6,203759.75,2,0,0,150675.58,0
10008896,Customer_8896,715,Germany,Female,77,4,149315.68,2,1,1,27670.61,1
10008897,Customer_8897,605,Germany,Female,53,3,12979.26,1,0,0,133786.73,0
10008898,Customer_8898,358,France,Male,77,3,134782.48,2,0,0,6111.99,0
10008899,Customer_8899,827,Germany,Male,50,8,101937.78,2,1,0,196725.17,0
10008900,Customer_8900,466,France,Male,59,8,131760.44,1,1,1,106344.16,0
10008901,Customer_8901,616,France,Female,30,0,185073.99,2,0,0,101088.1,0
10008902,Customer_8902,448,Germany,Male,31,9,148990.16,1,0,0,48075.38,1
10008903,Customer_8903,834,France,Male,75,6,73140.72,2,0,0,91572.66,1
10008904,Customer_8904,647,France,Male,57,10,149876.84,1,1,1,105253.35,1
10008905,Customer_8905,746,France,Male,82,7,20784.61,1,1,0,131643.32,1
10008906,Customer_8906,513,France,Female,22,4,1341.5,1,0,1,9192.86,1
10008907,Customer_8907,725,France,Male,47,6,100382.01,1,1,1,68442.24,0
10008908,Customer_8908,490,France,Male,62,7,189296.59,1,1,0,77406.17,0
10008909,Customer_8909,617,Germany,Male,75,7,205658.56,1,1,1,29839.39,0
10008910,Customer_8910,386,Spain,Female,56,8,137459.83,2,1,0,47965.52,0
10008911,Customer_8911,423,France,Female,29,4,217001.72,1,1,1,47342.91,0
10008912,Customer_8912,422,France,Male,51,1,31478.71,1,1,1,162077.22,0
10008913,Customer_8913,657,France,Male,31,5,241026.46,1,0,1,137447.94,0
10008914,Customer_8914,548,France,Female,55,0,230440.08,1,1,0,184550.58,1
10008915,Customer_8915,479,Germany,Male,33,9,149809.31,1,1,0,61986.51,1
10008916,Customer_8916,595,Spain,Female,78,5,14680.53,1,1,0,176333.62,1
10008917,Customer_8917,661,Spain,Male,76,2,113550.72,2,1,1,172761.85,0
10008918,Customer_8918,409,France,Male,91,2,44818.24,1,0,0,89597.81,0
10008919,Customer_8919,628,Spain,Female,84,6,157106.32,1,1,1,125949.71,0
10008920,Customer_8920,452,France,Female,28,3,47491.3,1,1,1,119595.06,0
10008921,Customer_8921,645,Germany,Female,28,4,120449.42,1,1,1,61573.25,0
10008922,Customer_8922,669,Germany,Female,33,5,51406.73,1,0,1,52422.4,1
10008923,Customer_8923,836,Germany,Male,55,9,45461.28,2,0,1,33801.02,0
10008924,Customer_8924,690,France,Female,47,5,61980.89,2,1,0,167534.84,0
10008925,Customer_8925,500,France,Female,58,1,7299.11,1,1,1,106710.97,0
10008926,Customer_8926,506,Germany,Male,18,2,179028.73,1,1,1,67680.41,0
10008927,Customer_8927,555,France,Male,55,0,76681.59,1,1,0,102003.9,1
10008928,Customer_8928,823,France,Male,77,2,174527.01,1,1,1,16128.19,1
10008929,Customer_8929,528,Germany,Male,36,7,163369.55,1,1,1,21206.47,0
10008930,Customer_8930,546,France,Female,76,3,16528.16,2,1,0,151873.11,0
10008931,Customer_8931,572,Germany,Male,85,1,78008.69,2,1,1,180249.9,0
10008932,Customer_8932,438,France,Male,27,3,141715.13,2,1,0,64061.18,0
10008933,Customer_8933,636,Spain,Female,34,6,229600.3,1,1,0,81841.16,0
10008934,Customer_8934,783,France,Male,89,8,100329.93,2,1,0,74752.07,0
10008935,Customer_8935,625,Spain,Female,46,4,126197.89,1,1,1,95814.32,0
10008936,Customer_8936,585,France,Female,23,4,187539.7,2,1,1,82802.85,0
10008937,Customer_8937,532,Germany,Male,83,4,200823.87,1,1,1,77254.33,1
10008938,Customer_8938,558,Spain,Male,80,9,230835.13,1,1,1,131993.11,0
10008939,Customer_8939,842,France,Male,48,8,124297.36,1,1,1,54430.54,0
10008940,Customer_8940,479,France,Female,42,6,48459.48,1,1,1,188527.45,0
10008941,Customer_8941,502,France,Male,38,2,191105.31,2,1,1,61702.9,0
10008942,Customer_8942,362,France,Male,33,1,31393.82,1,1,0,42924.61,1
10008943,Customer_8943,471,Germany,Male,21,8,104585.58,2,0,0,194381.58,0
10008944,Customer_8944,708,France,Female,63,2,157053.26,2,1,1,45769.55,1
10008945,Customer_8945,569,Spain,Male,25,10,172964.05,2,0,0,107340.45,0
10008946,Customer_8946,455,Germany,Female,23,7,183256.93,2,1,1,65791.13,0
10008947,Customer_8947,724,France,Female,70,3,48383.1,1,0,1,15505.15,0
10008948,Customer_8948,419,Spain,Female,81,4,245412.3,1,1,0,190583.04,1
10008949,Customer_8949,544,France,Female,68,7,44604.64,1,1,0,74859.47,0
10008950,Customer_8950,535,France,Male,80,4,24018.35,1,0,1,128967.78,0
10008951,Customer_8951,448,France,Male,23,9,166012.6,2,1,1,172452.07,0
10008952,Customer_8952,431,Germany,Female,79,1,227500.0,2,0,1,110601.8,1
10008953,Customer_8953,424,France,Male,50,5,139845.93,2,1,0,142574.01,1
10008954,Customer_8954,723,Germany,Female,19,6,148870.61,1,1,0,156923.61,0
10008955,Customer_8955,689,France,Female,58,0,134621.19,2,1,1,76315.69,0
10008956,Customer_8956,541,Spain,Female,33,9,10687.05,1,0,1,125759.37,0
10008957,Customer_8957,674,Germany,Female,76,8,170327.89,1,1,0,41200.4,1
10008958,Customer_8958,816,France,Female,26,5,89549.78,3,0,0,11077.68,0
10008959,Customer_8959,563,Germany,Male,86,3,233918.45,1,1,0,197345.29,1
10008960,Customer_8960,664,Germany,Male,27,1,46697.51,2,0,0,18530.92,1
10008961,Customer_8961,793,France,Male,24,8,75528.95,2,1,1,85750.76,0
10008962,Customer_8962,816,France,Male,83,5,126213.69,2,1,0,13491.32,0
10008963,Customer_8963,731,France,Male,37,8,119338.76,1,1,1,184540.76,0
10008964,Customer_8964,716,Spain,Female,80,1,100076.19,3,0,0,21848.04,1
10008965,Customer_8965,667,Germany,Female,21,4,78600.73,1,1,1,157303.8,0
10008966,Customer_8966,493,France,Female,45,5,36796.18,1,0,1,143152.75,0
10008967,Customer_8967,733,France,Male,89,10,205230.47,1,1,1,9018.9,0
10008968,Customer_8968,565,France,Male,52,4,112192.45,1,0,0,144256.8,1
10008969,Customer_8969,710,Germany,Female,19,5,143239.14,3,1,0,193862.37,0
10008970,Customer_8970,673,Germany,Female,58,2,136638.22,2,1,1,104206.65,1
10008971,Customer_8971,364,Spain,Female,45,8,143872.24,2,0,1,57908.23,0
10008972,Customer_8972,566,France,Female,90,1,176210.09,1,0,0,108999.55,0
10008973,Customer_8973,841,France,Female,18,1,157345.25,2,1,0,24211.39,0
10008974,Customer_8974,788,France,Female,44,4,68475.73,1,1,1,191192.92,0
10008975,Customer_8975,384,Spain,Male,84,10,138427.48,1,1,1,73073.26,0
10008976,Customer_8976,532,France,Male,56,9,61128.23,2,1,0,91406.52,0
10008977,Customer_8977,619,France,Female,90,2,147209.11,2,1,1,80285.52,0
10008978,Customer_8978,782,Germany,Male,57,1,107983.66,1,1,1,5581.29,0
10008979,Customer_8979,816,France,Female,45,5,9854.59,1,0,0,6881.31,0
10008980,Customer_8980,707,France,Male,41,5,183496.42,2,0,0,112479.13,0
10008981,Customer_8981,449,Germany,Male,68,6,68666.6,1,1,1,100470.38,0
10008982,Customer_8982,356,France,Male,73,3,230048.59,2,1,1,197299.26,1
10008983,Customer_8983,379,France,Male,90,7,70139.31,2,1,0,52655.14,0
10008984,Customer_8984,816,France,Female,43,2,249155.69,2,1,1,73702.48,0
10008985,Customer_8985,654,France,Male,69,9,115737.79,1,0,1,197572.58,0
10008986,Customer_8986,822,France,Female,23,0,6601.83,2,1,1,9587.01,0
10008987,Customer_8987,493,Spain,Male,76,4,19067.25,1,0,0,128530.94,0
10008988,Customer_8988,460,France,Male,29,5,20522.0,2,1,1,20339.02,0
10008989,Customer_8989,581,Germany,Male,80,10,14053.61,1,1,0,189280.34,0
10008990,Customer_8990,528,France,Female,53,2,66947.35,1,1,1,57625.45,0
10008991,Customer_8991,421,France,Male,26,1,81147.21,2,1,1,162821.57,0
10008992,Customer_8992,559,France,Female,91,2,27821.47,1,0,1,182252.28,0
10008993,Customer_8993,569,France,Male,84,2,109532.87,2,0,0,169404.87,1
10008994,Customer_8994,429,France,Male,46,6,91337.71,2,1,1,111385.28,0
10008995,Customer_8995,849,France,Female,88,0,159081.0,1,1,0,194683.61,0
10008996,Customer_8996,432,Germany,Male,25,10,48966.14,1,0,0,135324.66,1
10008997,Customer_8997,391,France,Male,60,3,228496.37,2,1,1,157231.58,0
10008998,Customer_8998,622,Spain,Male,52,10,128997.69,2,1,1,48832.53,0
10008999,Customer_8999,540,France,Male,39,2,155933.26,1,1,1,83681.03,0
10009000,Customer_9000,522,France,Male,83,9,9880.08,1,1,0,119641.79,1
10009001,Customer_9001,810,France,Female,38,10,139772.17,2,0,1,29171.81,0
10009002,Customer_9002,356,France,Male,88,6,92025.05,3,1,0,193146.09,0
10009003,Customer_9003,504,Spain,Female,58,0,231043.01,2,0,0,21951.31,0
10009004,Customer_9004,359,Germany,Male,58,7,221410.83,2,1,1,146575.0,0
10009005,Customer_9005,383,France,Male,66,9,159412.18,2,0,0,11613.94,0
10009006,Customer_9006,385,France,Male,21,6,191962.84,1,0,1,20537.93,0
10009007,Customer_9007,758,Spain,Male,82,7,161148.29,1,0,1,124670.84,0
10009008,Customer_9008,355,France,Male,27,7,4242.03,1,1,1,90502.57,0
10009009,Customer_9009,757,France,Male,84,10,175781.64,3,0,0,739.74,0
10009010,Customer_9010,751,France,Female,27,8,44272.69,2,1,0,78739.85,0
10009011,Customer_9011,564,France,Female,90,0,170642.74,1,0,1,50026.28,0
10009012,Customer_9012,483,France,Female,34,8,2626.7,2,0,0,174318.29,0
10009013,Customer_9013,634,Spain,Male,84,0,77726.7,1,1,0,141620.85,0
10009014,Customer_9014,475,Germany,Female,70,2,129231.99,2,1,0,147502.85,1
10009015,Customer_9015,758,Germany,Male,52,6,83292.65,1,1,0,190190.37,0
10009016,Customer_9016,788,France,Female,21,7,173496.81,2,1,0,141975.12,0
10009017,Customer_9017,686,Germany,Male,85,4,130677.38,1,0,0,32123.54,0
10009018,Customer_9018,523,Germany,Male,28,0,239916.85,2,0,1,187463.09,0
10009019,Customer_9019,501,Germany,Female,61,2,89453.11,1,1,1,22631.29,0
10009020,Customer_9020,680,France,Male,77,6,180464.83,1,1,1,38530.5,0
10009021,Customer_9021,375,Spain,Female,87,1,208960.42,2,1,1,57036.81,0
10009022,Customer_9022,732,France,Male,79,1,63404.45,1,1,0,35029.2,0
10009023,Customer_9023,464,Spain,Male,49,8,188532.87,1,1,1,3675.06,0
10009024,Customer_9024,731,France,Female,63,5,98328.5,2,0,0,91837.16,0
10009025,Customer_9025,831,France,Female,40,3,32181.79,2,1,0,137597.09,0
10009026,Customer_9026,633,France,Female,54,9,911.77,1,0,0,84251.81,1
10009027,Customer_9027,736,Spain,Male,75,8,185939.39,2,1,0,46963.44,1
10009028,Customer_9028,424,France,Male,60,6,46561.02,2,1,0,176582.04,0
10009029,Customer_9029,515,Spain,Male,32,6,12798.41,1,1,0,77666.89,0
10009030,Customer_9030,538,Spain,Male,84,7,124302.27,2,0,1,167778.19,1
10009031,Customer_9031,427,Germany,Female,19,2,86674.51,2,1,1,35708.75,0
10009032,Customer_9032,784,Germany,Male,88,1,172951.68,2,1,1,66683.65,0
10009033,Customer_9033,439,Germany,Female,22,0,26841.07,1,1,0,160704.13,0
10009034,Customer_9034,525,Germany,Female,70,1,33163.29,2,1,0,6099.96,0
10009035,Customer_9035,370,France,Male,62,2,101026.93,2,0,1,184098.85,1
10009036,Customer_9036,403,Germany,Female,58,4,130102.04,1,0,1,79317.86,0
10009037,Customer_9037,533,Spain,Female,80,7,206048.48,2,1,1,195596.62,0
10009038,Customer_9038,708,France,Male,89,10,146406.3,1,1,0,140275.27,0
10009039,Customer_9039,571,Spain,Male,49,10,225649.36,1,0,0,189879.08,1
10009040,Customer_9040,664,France,Male,19,2,54441.96,2,1,1,13252.32,0
10009041,Customer_9041,677,France,Female,27,6,149054.88,1,1,1,144405.9,0
10009042,Customer_9042,528,France,Male,60,10,163809.6,1,0,0,175093.91,1
10009043,Customer_9043,625,France,Female,60,10,181451.26,1,1,1,197513.08,0
10009044,Customer_9044,461,Spain,Male,84,4,247162.67,1,1,0,6691.43,0
10009045,Customer_9045,573,Spain,Female,40,4,117008.46,1,0,1,16638.67,0
10009046,Customer_9046,563,Spain,Female,77,7,92329.89,2,1,1,146339.8,1
10009047,Customer_9047,408,Spain,Female,23,9,213051.67,1,0,0,7795.75,0
10009048,Customer_9048,676,France,Male,30,4,44197.73,2,0,1,2284.63,0
10009049,Customer_9049,742,France,Male,38,9,9257.02,1,0,1,109019.33,0
10009050,Customer_9050,458,Germany,Male,75,6,110897.26,1,1,0,105897.95,1
10009051,Customer_9051,734,Spain,Male,45,9,61801.46,2,1,0,122704.4,0
10009052,Customer_9052,506,France,Male,87,7,99131.35,2,0,0,2827.48,0
10009053,Customer_9053,540,Spain,Female,25,7,246520.83,1,1,1,100664.8,1
10009054,Customer_9054,549,Germany,Female,75,2,87122.06,2,1,0,57344.62,0
10009055,Customer_9055,661,Spain,Male,57,3,176991.43,1,1,0,151214.66,0
10009056,Customer_9056,545,France,Female,18,7,62600.5,2,1,0,69648.32,0
10009057,Customer_9057,384,France,Male,82,4,75855.74,1,1,1,71326.17,0
10009058,Customer_9058,728,Spain,Male,27,0,60788.8,2,1,0,130850.55,1
10009059,Customer_9059,736,Spain,Female,77,6,143040.22,1,1,1,132136.83,0
10009060,Customer_9060,595,France,Female,86,2,56527.15,2,1,0,11670.57,0
10009061,Customer_9061,586,Spain,Male,37,1,179591.03,2,1,0,125205.01,0
10009062,Customer_9062,453,Spain,Female,79,9,170068.55,1,1,0,131574.22,0
10009063,Customer_9063,356,France,Female,30,4,105317.42,1,1,0,91510.7,0
10009064,Customer_9064,632,France,Male,75,0,6394.26,2,0,0,165574.94,1
10009065,Customer_9065,350,France,Male,54,8,5662.78,1,0,1,1830.92,1
10009066,Customer_9066,568,France,Female,27,9,133201.7,2,0,1,193675.3,0
10009067,Customer_9067,813,Germany,Female,20,4,209799.71,2,0,1,75211.85,0
10009068,Customer_9068,579,France,Male,51,5,149718.42,1,1,0,119144.12,1
10009069,Customer_9069,804,Germany,Male,51,6,108912.62,2,1,1,6875.7,0
10009070,Customer_9070,521,Germany,Female,47,8,220529.71,1,1,1,141783.27,0
10009071,Customer_9071,436,France,Female,54,10,49248.86,2,1,0,108745.16,0
10009072,Customer_9072,390,Germany,Male,85,4,89856.11,1,1,1,192073.46,0
10009073,Customer_9073,472,France,Male,51,3,141327.36,2,0,1,84512.49,0
10009074,Customer_9074,680,France,Female,49,2,72917.37,1,0,0,144377.69,0
10009075,Customer_9075,647,Germany,Female,75,4,249428.12,2,1,0,14855.74,1
10009076,Customer_9076,722,Spain,Female,41,9,113080.23,1,0,1,12916.5,0
10009077,Customer_9077,766,France,Female,26,9,12930.56,1,0,0,189802.1,1
10009078,Customer_9078,527,France,Female,58,2,44020.85,1,1,1,50669.13,0
10009079,Customer_9079,412,France,Female,41,4,133120.22,1,1,0,182479.96,1
10009080,Customer_9080,833,France,Female,42,7,137514.05,1,1,1,17534.7,0
10009081,Customer_9081,514,France,Female,53,1,246036.07,1,1,1,127551.83,0
10009082,Customer_9082,838,Germany,Female,25,3,149991.6,3,1,1,110321.69,0
10009083,Customer_9083,536,France,Female,76,7,166656.83,1,1,1,193236.07,0
10009084,Customer_9084,732,Spain,Female,52,4,53430.69,2,0,0,80809.16,1
10009085,Customer_9085,558,France,Male,55,7,26716.22,1,1,1,9691.8,1
10009086,Customer_9086,576,Spain,Male,49,5,150502.5,1,1,0,94821.51,0
10009087,Customer_9087,781,Spain,Male,68,0,216219.99,1,1,1,164839.03,0
10009088,Customer_9088,738,Germany,Male,45,4,146843.24,2,0,0,10503.5,1
10009089,Customer_9089,397,France,Male,73,9,110695.8,1,1,0,7249.57,0
10009090,Customer_9090,573,Germany,Female,25,1,144551.66,2,1,1,164352.22,1
10009091,Customer_9091,352,Germany,Male,58,6,117192.89,3,1,0,164796.97,1
10009092,Customer_9092,721,Spain,Male,40,9,35470.39,1,0,0,40004.59,0
10009093,Customer_9093,524,Germany,Female,71,3,185296.11,1,1,0,131499.01,1
10009094,Customer_9094,795,France,Male,40,1,133259.54,1,0,1,12864.69,0
10009095,Customer_9095,448,Spain,Female,49,0,99830.72,1,1,1,153124.68,0
10009096,Customer_9096,465,Spain,Male,27,4,139909.63,1,0,1,61046.98,1
10009097,Customer_9097,619,Germany,Male,52,10,60306.74,3,1,1,46110.86,0
10009098,Customer_9098,796,Spain,Female,80,9,106989.43,2,0,1,135532.28,1
10009099,Customer_9099,717,Germany,Female,84,7,155611.3,3,1,0,182312.69,0
10009100,Customer_9100,602,Germany,Female,53,7,56548.39,1,1,0,8311.53,1
10009101,Customer_9101,666,Germany,Male,66,9,187248.77,1,1,0,28756.75,0
10009102,Customer_9102,764,Germany,Male,63,1,130252.73,1,0,0,51154.03,1
10009103,Customer_9103,444,France,Male,44,5,215426.68,2,0,1,185560.21,0
10009104,Customer_9104,622,Germany,Male,48,6,211809.14,2,0,1,175433.18,0
10009105,Customer_9105,729,Germany,Male,51,9,123629.26,2,1,0,181435.51,1
10009106,Customer_9106,373,France,Male,76,0,48866.4,1,0,1,75681.3,0
10009107,Customer_9107,465,France,Female,71,4,184160.45,1,0,1,46334.6,0
10009108,Customer_9108,500,Spain,Female,83,5,104669.53,1,0,1,38341.1,0
10009109,Customer_9109,687,Germany,Male,47,6,148656.87,2,1,0,176391.92,1
10009110,Customer_9110,399,France,Male,90,10,26816.32,2,1,0,46252.96,1
10009111,Customer_9111,555,Spain,Female,40,8,157896.0,1,1,0,106172.97,1
10009112,Customer_9112,847,Spain,Male,26,2,93387.62,1,1,0,66355.21,0
10009113,Customer_9113,684,France,Male,72,7,83547.44,2,1,0,99792.6,0
10009114,Customer_9114,428,France,Male,18,9,244978.89,2,1,0,69160.6,0
10009115,Customer_9115,419,Spain,Female,73,2,108107.66,1,1,1,58597.52,1
10009116,Customer_9116,376,Spain,Male,56,10,169509.59,1,0,0,85470.9,0
10009117,Customer_9117,620,France,Female,35,8,156931.88,2,0,1,66592.45,0
10009118,Customer_9118,399,France,Male,59,7,26075.89,1,1,1,167940.02,0
10009119,Customer_9119,641,France,Male,90,8,186981.88,1,1,1,116135.93,0
10009120,Customer_9120,596,Germany,Male,82,4,80789.8,2,1,1,35242.47,0
10009121,Customer_9121,613,France,Male,50,10,199734.89,1,1,1,47197.54,0
10009122,Customer_9122,428,Germany,Male,47,8,151910.2,1,1,0,10721.11,0
10009123,Customer_9123,736,France,Female,22,2,79272.87,1,1,0,59945.43,0
10009124,Customer_9124,539,Spain,Male,67,6,89073.24,1,1,0,133907.27,1
10009125,Customer_9125,396,France,Female,82,2,182876.84,1,0,0,36600.66,0
10009126,Customer_9126,810,Germany,Male,27,5,137514.83,1,0,1,19850.38,0
10009127,Customer_9127,710,Spain,Male,77,7,167087.76,1,0,0,64210.55,1
10009128,Customer_9128,703,France,Male,44,1,39579.58,2,0,0,122508.71,0
10009129,Customer_9129,821,France,Male,89,7,196744.17,3,0,1,94561.81,0
10009130,Customer_9130,837,Spain,Female,45,0,80097.83,2,0,1,66445.4,0
10009131,Customer_9131,701,France,Female,62,3,154965.32,1,0,0,176591.64,1
10009132,Customer_9132,538,Spain,Female,69,6,28669.96,1,1,0,93717.39,0
10009133,Customer_9133,765,France,Male,83,0,80355.06,1,1,1,91015.33,0
10009134,Customer_9134,605,France,Male,79,5,162216.82,1,1,1,6342.0,0
10009135,Customer_9135,571,Spain,Female,77,9,68551.53,1,0,1,127872.53,0
10009136,Customer_9136,721,Germany,Female,57,5,220078.05,1,1,0,91874.92,0
10009137,Customer_9137,590,Germany,Male,32,6,165307.1,2,0,0,29024.83,1
10009138,Customer_9138,618,France,Male,24,8,217569.6,2,1,0,48756.16,1
10009139,Customer_9139,350,France,Female,56,6,98847.68,2,0,0,40481.52,0
10009140,Customer_9140,383,Spain,Female,68,2,8496.29,3,1,0,24429.3,1
10009141,Customer_9141,795,France,Male,24,3,144034.99,1,0,1,87114.48,1
10009142,Customer_9142,428,France,Male,29,0,84798.38,3,1,1,72664.41,1
10009143,Customer_9143,585,France,Female,31,4,112047.09,1,1,1,72031.65,0
10009144,Customer_9144,683,France,Male,51,6,170277.55,1,1,0,50313.87,0
10009145,Customer_9145,726,Spain,Male,56,2,175166.17,2,1,0,87291.51,0
10009146,Customer_9146,698,Spain,Male,90,5,6889.1,1,0,0,109509.58,1
10009147,Customer_9147,447,Germany,Male,81,2,192325.67,1,0,0,122304.63,0
10009148,Customer_9148,431,Germany,Female,29,3,123379.73,1,0,1,43973.72,0
10009149,Customer_9149,804,Germany,Female,51,4,139174.69,1,1,1,145571.67,0
10009150,Customer_9150,826,Germany,Female,44,5,74498.55,3,0,1,5416.52,0
10009151,Customer_9151,764,Germany,Male,39,5,105208.45,1,1,1,150090.79,0
10009152,Customer_9152,541,France,Female,35,0,177593.78,3,1,1,56601.41,0
10009153,Customer_9153,602,France,Male,63,7,194178.45,1,1,1,74007.1,0
10009154,Customer_9154,758,Spain,Male,61,2,96776.55,1,0,1,116146.88,0
10009155,Customer_9155,387,France,Female,35,3,172779.38,1,1,1,122094.56,0
10009156,Customer_9156,363,France,Male,54,7,64510.88,1,0,0,84237.3,0
10009157,Customer_9157,741,Germany,Male,24,4,208005.67,1,1,0,187580.47,1
10009158,Customer_9158,696,Germany,Male,85,5,152453.56,2,1,1,171666.64,1
10009159,Customer_9159,659,Germany,Male,77,0,193796.63,1,1,0,45015.84,0
10009160,Customer_9160,735,France,Male,65,7,119288.71,2,1,0,117786.56,1
10009161,Customer_9161,558,Spain,Female,68,4,57277.32,2,1,0,144200.07,1
10009162,Customer_9162,706,Germany,Male,69,0,107307.78,1,1,1,43397.33,0
10009163,Customer_9163,811,Spain,Male,69,6,95371.35,2,1,1,3700.88,0
10009164,Customer_9164,438,France,Female,71,1,83179.14,2,0,0,195121.18,1
10009165,Customer_9165,405,France,Male,58,5,53043.44,2,0,0,191670.14,0
10009166,Customer_9166,443,France,Female,59,2,189791.79,1,1,1,64077.01,0
10009167,Customer_9167,442,France,Female,39,5,21587.92,1,1,1,47831.34,0
10009168,Customer_9168,689,France,Male,56,8,221890.23,2,0,0,30932.24,1
10009169,Customer_9169,434,France,Female,40,5,43756.18,1,1,1,137432.59,0
10009170,Customer_9170,794,Germany,Male,65,0,244968.41,1,1,1,151061.03,0
10009171,Customer_9171,594,Germany,Female,50,5,247117.01,1,1,0,84086.84,1
10009172,Customer_9172,371,Spain,Male,58,2,99596.76,1,0,0,48570.21,1
10009173,Customer_9173,640,France,Male,47,3,246955.27,1,1,0,89750.82,0
10009174,Customer_9174,834,France,Male,64,3,217267.13,1,1,1,103277.19,0
10009175,Customer_9175,621,France,Female,74,8,20607.57,1,1,0,108685.8,1
10009176,Customer_9176,655,France,Male,89,7,236832.14,1,1,0,88679.61,0
10009177,Customer_9177,471,France,Male,74,6,10628.6,1,1,0,757.71,0
10009178,Customer_9178,477,France,Female,79,4,45478.57,2,1,1,94361.37,0
10009179,Customer_9179,462,Spain,Male,74,9,146148.89,2,0,0,69461.56,0
10009180,Customer_9180,776,Spain,Female,85,10,20184.29,1,1,1,111317.28,0
10009181,Customer_9181,622,Germany,Male,89,3,40431.94,1,1,0,13885.95,1
10009182,Customer_9182,685,Spain,Female,42,2,238372.95,1,1,1,175839.18,0
10009183,Customer_9183,791,Germany,Male,57,0,248671.97,2,1,1,175089.57,0
10009184,Customer_9184,479,Spain,Male,34,8,199534.14,2,1,0,112827.88,0
10009185,Customer_9185,481,Germany,Female,65,7,128802.35,1,0,0,147426.83,0
10009186,Customer_9186,434,Germany,Female,56,0,225075.23,2,1,0,87586.93,1
10009187,Customer_9187,772,Germany,Female,32,1,27974.69,1,0,1,118064.48,0
10009188,Customer_9188,831,France,Male,34,0,235722.97,1,1,1,123539.04,0
10009189,Customer_9189,699,Germany,Female,52,0,87888.23,1,1,1,70784.82,1
10009190,Customer_9190,739,Spain,Female,50,8,215372.35,1,0,0,192174.87,0
10009191,Customer_9191,430,Germany,Female,35,4,167093.35,2,1,0,120525.11,1
10009192,Customer_9192,836,France,Female,47,2,240068.58,1,1,1,198106.41,1
10009193,Customer_9193,822,France,Male,54,1,216169.49,2,0,1,86480.4,0
10009194,Customer_9194,674,Spain,Female,24,7,221974.45,2,0,1,6474.8,0
10009195,Customer_9195,418,Spain,Female,91,7,157938.59,1,1,0,60495.07,1
10009196,Customer_9196,497,France,Female,45,5,208289.63,2,1,1,130161.39,0
10009197,Customer_9197,797,Spain,Male,35,1,189282.79,1,1,0,182069.69,0
10009198,Customer_9198,365,Spain,Male,64,10,40405.78,1,1,0,123037.08,0
10009199,Customer_9199,656,France,Male,40,0,162149.22,2,0,0,94358.54,0
10009200,Customer_9200,454,Spain,Female,37,5,37043.89,3,1,0,16158.72,0
10009201,Customer_9201,514,France,Male,48,0,217364.03,1,1,1,28960.69,1
10009202,Customer_9202,837,Germany,Male,31,5,16487.45,1,0,0,10704.29,0
10009203,Customer_9203,550,Germany,Male,40,9,246761.67,1,1,0,142239.66,0
10009204,Customer_9204,546,Germany,Female,19,1,100156.67,2,1,0,166220.14,1
10009205,Customer_9205,775,Germany,Female,46,6,42657.34,2,1,0,32896.98,0
10009206,Customer_9206,534,France,Female,67,9,233918.75,2,1,1,65053.89,0
10009207,Customer_9207,671,Spain,Male,90,1,11356.5,1,1,1,95827.26,0
10009208,Customer_9208,614,Spain,Female,76,1,117526.41,2,0,0,28566.74,1
10009209,Customer_9209,712,Spain,Male,50,5,192556.78,1,1,0,83244.68,1
10009210,Customer_9210,449,France,Female,65,3,79187.62,1,1,1,193366.79,0
10009211,Customer_9211,691,France,Male,61,5,132208.67,2,0,1,143832.72,0
10009212,Customer_9212,669,France,Female,29,7,175103.25,2,1,1,33395.52,1
10009213,Customer_9213,563,Spain,Male,59,10,237994.11,2,0,1,19772.83,1
10009214,Customer_9214,627,France,Female,52,9,25675.66,2,0,1,89036.28,0
10009215,Customer_9215,511,Spain,Male,58,2,39306.68,2,0,0,197590.36,0
10009216,Customer_9216,788,Spain,Male,72,4,127217.72,1,0,1,158658.79,0
10009217,Customer_9217,506,Germany,Female,30,4,104618.74,2,0,1,58632.46,1
10009218,Customer_9218,771,Germany,Male,56,9,102699.04,1,1,1,5266.85,0
10009219,Customer_9219,600,Germany,Female,83,8,74240.38,1,1,0,82264.26,1
10009220,Customer_9220,715,Germany,Female,52,6,140171.2,1,0,0,32116.7,1
10009221,Customer_9221,446,France,Female,89,8,220822.08,2,1,0,36065.19,0
10009222,Customer_9222,367,Spain,Male,50,7,40231.09,3,1,1,32468.85,0
10009223,Customer_9223,676,Germany,Female,53,2,53821.58,1,1,1,143924.62,0
10009224,Customer_9224,798,Spain,Female,30,1,167705.87,2,0,0,7178.89,0
10009225,Customer_9225,732,Spain,Male,73,2,14049.41,1,1,1,112951.36,0
10009226,Customer_9226,446,France,Male,63,5,168441.05,1,0,1,150506.9,0
10009227,Customer_9227,350,France,Male,90,10,78614.04,1,0,0,31291.11,1
10009228,Customer_9228,565,Spain,Male,63,9,89463.48,1,1,0,178587.38,1
10009229,Customer_9229,481,France,Male,61,3,101387.34,1,1,1,15637.03,0
10009230,Customer_9230,609,Germany,Female,63,10,87396.89,2,0,1,136544.69,0
10009231,Customer_9231,474,France,Female,91,0,210302.41,1,1,1,34402.0,0
10009232,Customer_9232,431,France,Female,86,9,236517.11,2,0,1,161208.49,0
10009233,Customer_9233,632,France,Male,48,9,137002.87,1,0,0,114284.28,1
10009234,Customer_9234,520,Spain,Male,41,8,145469.62,2,1,0,117845.69,1
10009235,Customer_9235,408,Germany,Female,49,5,17620.78,2,1,0,69211.7,0
10009236,Customer_9236,381,Germany,Female,84,0,178297.98,2,1,0,56660.43,1
10009237,Customer_9237,510,Spain,Female,33,2,146024.72,1,1,1,92670.12,0
10009238,Customer_9238,633,France,Male,74,10,12598.63,1,1,0,151545.42,1
10009239,Customer_9239,455,France,Female,41,10,49606.42,4,0,0,33653.11,1
10009240,Customer_9240,454,Spain,Male,51,0,50485.86,1,1,0,163255.91,0
10009241,Customer_9241,788,Spain,Male,69,8,42741.99,1,0,1,95973.3,1
10009242,Customer_9242,577,France,Female,65,3,164661.49,2,1,1,90448.82,1
10009243,Customer_9243,537,Spain,Male,70,1,232109.9,1,1,1,3330.48,0
10009244,Customer_9244,419,Spain,Female,72,3,190743.83,2,1,0,24848.68,0
10009245,Customer_9245,667,France,Male,55,1,119343.37,1,1,0,86400.78,0
10009246,Customer_9246,813,France,Female,19,5,101012.82,1,1,1,196259.89,1
10009247,Customer_9247,639,Spain,Female,86,5,96614.53,1,1,1,50038.19,0
10009248,Customer_9248,436,France,Male,70,10,150311.74,1,0,0,2061.98,1
10009249,Customer_9249,719,France,Female,67,6,89805.16,1,1,1,87175.21,1
10009250,Customer_9250,711,Spain,Female,46,8,56530.49,2,1,0,3201.62,0
10009251,Customer_9251,821,France,Female,91,10,150710.73,3,1,0,67251.61,0
10009252,Customer_9252,405,France,Male,72,8,97676.35,2,1,1,70818.24,0
10009253,Customer_9253,462,France,Male,78,3,3531.21,1,0,0,481.6,1
10009254,Customer_9254,362,Germany,Male,67,8,5557.78,2,1,1,155916.02,0
10009255,Customer_9255,789,Germany,Female,33,7,68534.15,2,1,1,182571.27,0
10009256,Customer_9256,367,France,Male,87,0,128105.55,1,1,1,199752.1,0
10009257,Customer_9257,531,France,Male,61,6,88559.88,1,1,0,101761.72,0
10009258,Customer_9258,810,Germany,Male,33,6,6013.79,2,1,1,61331.45,0
10009259,Customer_9259,462,Spain,Male,45,9,55787.94,2,0,1,143498.06,0
10009260,Customer_9260,578,Spain,Female,74,3,24104.83,3,1,1,147295.47,1
10009261,Customer_9261,520,France,Male,43,6,237158.0,2,1,1,75844.49,0
10009262,Customer_9262,644,Germany,Male,28,10,78208.52,1,0,1,113121.84,0
10009263,Customer_9263,538,Spain,Male,18,10,3691.59,2,0,0,164356.07,0
10009264,Customer_9264,775,Spain,Female,86,10,165140.81,1,0,1,37843.81,1
10009265,Customer_9265,814,Germany,Female,60,10,58111.99,1,0,0,4105.36,1
10009266,Customer_9266,428,France,Female,63,9,141684.06,2,0,1,107944.37,0
10009267,Customer_9267,495,Spain,Male,53,9,37686.36,2,1,1,132882.14,0
10009268,Customer_9268,756,France,Male,83,4,246003.31,2,1,1,114999.28,0
10009269,Customer_9269,531,France,Male,74,4,242564.8,2,1,1,119253.3,0
10009270,Customer_9270,848,Germany,Female,23,4,163995.84,1,0,1,78625.25,0
10009271,Customer_9271,635,Spain,Male,79,5,176800.66,1,0,1,130302.78,0
10009272,Customer_9272,599,France,Female,44,6,106469.72,1,1,0,8572.76,0
10009273,Customer_9273,703,Germany,Female,43,4,240544.84,3,1,0,30246.27,0
10009274,Customer_9274,663,France,Male,30,8,105934.91,2,1,1,88967.78,0
10009275,Customer_9275,545,Spain,Male,35,10,59867.0,2,1,0,188598.25,1
10009276,Customer_9276,672,Germany,Male,55,8,28844.65,2,1,1,128902.3,0
10009277,Customer_9277,420,France,Male,23,6,52031.33,2,0,0,71062.79,0
10009278,Customer_9278,597,France,Female,45,9,143053.38,2,0,1,91597.81,0
10009279,Customer_9279,495,France,Female,22,2,61272.93,1,0,1,169128.58,0
10009280,Customer_9280,455,France,Male,76,3,163562.36,1,0,0,108498.97,0
10009281,Customer_9281,612,France,Female,90,3,95546.13,2,1,0,9583.84,0
10009282,Customer_9282,645,Germany,Female,62,6,221718.23,1,1,1,83379.57,0
10009283,Customer_9283,419,France,Female,70,1,139619.52,2,1,1,77612.7,0
10009284,Customer_9284,819,Germany,Female,19,10,155651.01,2,1,0,179979.06,0
10009285,Customer_9285,542,France,Female,66,4,139139.95,2,0,0,61090.02,1
10009286,Customer_9286,417,Germany,Male,90,10,221392.19,1,1,1,12948.93,1
10009287,Customer_9287,843,France,Female,80,10,15854.89,1,1,1,70971.35,0
10009288,Customer_9288,654,France,Male,87,3,16837.18,1,0,0,8790.04,1
10009289,Customer_9289,401,Germany,Female,75,9,175435.06,2,1,0,166460.11,0
10009290,Customer_9290,719,France,Male,21,10,191990.98,2,0,1,118045.89,0
10009291,Customer_9291,712,Spain,Male,47,8,108397.35,1,1,1,93881.08,0
10009292,Customer_9292,634,Germany,Male,74,0,88076.3,1,1,1,71976.05,1
10009293,Customer_9293,754,Germany,Male,64,9,69486.27,2,1,0,83537.76,1
10009294,Customer_9294,823,France,Male,35,2,58598.72,1,1,0,157570.54,1
10009295,Customer_9295,683,France,Female,61,5,227989.65,3,1,1,36011.97,1
10009296,Customer_9296,358,France,Male,69,10,73784.89,1,0,0,14297.97,1
10009297,Customer_9297,600,Germany,Female,66,3,162019.7,2,1,0,112349.82,1
10009298,Customer_9298,780,France,Male,47,2,196773.7,1,1,1,171782.79,0
10009299,Customer_9299,681,France,Male,69,5,5491.64,1,1,0,112452.17,1
10009300,Customer_9300,647,France,Male,54,10,8468.54,1,1,1,159233.25,1
10009301,Customer_9301,784,France,Male,80,2,83284.35,2,0,1,178553.0,0
10009302,Customer_9302,533,France,Male,29,6,174003.94,1,1,0,15387.72,1
10009303,Customer_9303,528,France,Male,34,0,65199.66,2,0,1,117840.55,0
10009304,Customer_9304,547,France,Male,51,8,370.82,1,0,1,166553.26,0
10009305,Customer_9305,477,France,Female,45,9,72036.97,2,1,0,128711.88,0
10009306,Customer_9306,369,France,Male,21,1,22532.7,1,1,1,118312.22,1
10009307,Customer_9307,821,Germany,Female,63,3,54853.33,1,1,0,157617.47,1
10009308,Customer_9308,760,France,Female,31,5,83297.5,1,1,0,141456.02,0
10009309,Customer_9309,771,France,Female,30,5,32014.34,2,1,0,100330.04,1
10009310,Customer_9310,677,France,Female,75,10,176591.18,1,1,1,8817.19,0
10009311,Customer_9311,414,France,Male,66,7,63980.06,1,1,1,122671.67,0
10009312,Customer_9312,531,France,Female,67,7,165273.7,2,1,0,42643.7,0
10009313,Customer_9313,590,Spain,Male,84,3,149758.21,1,1,1,50825.48,0
10009314,Customer_9314,718,Spain,Male,38,5,224511.37,1,0,0,135912.32,1
10009315,Customer_9315,373,France,Female,68,8,21983.29,1,1,0,90625.02,0
10009316,Customer_9316,733,Spain,Female,55,6,53652.03,1,1,0,143359.1,0
10009317,Customer_9317,780,France,Female,43,7,216294.61,1,1,0,78518.44,0
10009318,Customer_9318,804,France,Male,23,7,205532.86,2,1,1,174007.76,0
10009319,Customer_9319,432,Spain,Male,35,1,48026.39,1,1,1,85419.96,0
10009320,Customer_9320,819,Spain,Female,23,6,26934.0,2,0,1,98770.25,0
10009321,Customer_9321,668,Spain,Female,58,2,214060.37,1,1,0,25263.64,1
10009322,Customer_9322,534,France,Male,74,6,44534.51,2,1,0,100718.47,0
10009323,Customer_9323,788,France,Male,67,1,217777.43,2,0,1,47968.42,0
10009324,Customer_9324,665,Germany,Female,42,0,240278.67,1,1,0,152598.77,1
10009325,Customer_9325,448,Germany,Female,65,10,55201.66,1,0,0,142812.06,1
10009326,Customer_9326,411,France,Male,41,8,210096.9,1,0,0,3179.46,0
10009327,Customer_9327,635,Spain,Female,47,9,105957.77,2,1,0,98767.99,0
10009328,Customer_9328,826,Germany,Female,62,9,197194.61,1,1,1,9089.3,0
10009329,Customer_9329,371,France,Female,60,0,101848.89,3,0,0,113860.97,0
10009330,Customer_9330,808,Germany,Female,89,10,17598.9,1,1,1,180328.87,0
10009331,Customer_9331,561,Germany,Male,73,0,178173.82,1,1,0,173435.24,0
10009332,Customer_9332,475,France,Female,90,10,37672.16,1,1,0,48771.34,0
10009333,Customer_9333,762,Spain,Male,87,2,231756.27,1,1,1,28032.22,1
10009334,Customer_9334,848,France,Female,50,0,104436.57,2,0,1,158215.19,0
10009335,Customer_9335,774,France,Female,62,6,20500.04,2,1,1,109241.54,0
10009336,Customer_9336,391,Spain,Female,24,6,57120.0,2,1,0,84772.18,0
10009337,Customer_9337,447,Spain,Male,35,10,215629.4,2,1,0,162101.62,0
10009338,Customer_9338,798,Spain,Female,87,7,80271.37,2,0,1,50510.52,1
10009339,Customer_9339,380,Spain,Female,62,1,214082.0,2,1,1,44930.2,0
10009340,Customer_9340,507,Germany,Female,54,6,43071.68,1,1,0,122390.65,1
10009341,Customer_9341,461,Spain,Male,38,8,117054.53,1,0,0,54525.04,1
10009342,Customer_9342,751,France,Male,61,10,219564.87,1,0,0,85364.34,1
10009343,Customer_9343,596,Spain,Female,47,9,12101.21,1,1,1,90968.91,1
10009344,Customer_9344,471,Germany,Male,28,4,76069.3,2,1,1,41013.5,0
10009345,Customer_9345,622,France,Female,25,9,227462.9,2,1,1,12347.27,0
10009346,Customer_9346,643,Germany,Male,22,2,149131.58,2,1,1,153338.17,0
10009347,Customer_9347,747,Germany,Female,25,8,179058.03,2,0,1,156719.86,0
10009348,Customer_9348,820,Germany,Male,22,0,210532.11,1,1,1,119678.33,0
10009349,Customer_9349,822,France,Male,27,2,130899.11,1,1,0,29731.28,0
10009350,Customer_9350,556,Spain,Male,32,1,211341.48,2,0,0,95248.41,1
10009351,Customer_9351,459,France,Female,73,1,159691.14,1,1,1,35588.92,1
10009352,Customer_9352,789,France,Male,72,2,171412.61,2,1,0,176256.0,0
10009353,Customer_9353,627,Spain,Male,20,9,38213.61,1,0,1,139461.05,0
10009354,Customer_9354,800,Germany,Female,58,6,234754.71,2,1,0,6285.97,0
10009355,Customer_9355,405,France,Male,27,5,199021.09,4,1,0,344.16,0
10009356,Customer_9356,724,France,Female,24,8,63549.0,1,1,0,196752.36,0
10009357,Customer_9357,752,Germany,Female,80,9,144998.67,1,1,0,7979.94,1
10009358,Customer_9358,406,Spain,Male,80,10,94116.48,1,0,0,173173.42,1
10009359,Customer_9359,777,Spain,Female,43,9,165100.5,1,0,0,191163.61,0
10009360,Customer_9360,831,Germany,Female,51,2,248436.71,2,1,0,61628.35,1
10009361,Customer_9361,640,France,Male,89,4,11436.6,1,0,0,108032.37,0
10009362,Customer_9362,463,France,Female,56,8,238130.91,1,1,1,129485.51,1
10009363,Customer_9363,730,France,Female,77,2,18097.83,2,1,0,104090.64,1
10009364,Customer_9364,734,France,Female,86,7,115191.16,1,1,0,42709.48,1
10009365,Customer_9365,657,France,Female,43,8,120527.3,2,1,1,116251.52,0
10009366,Customer_9366,690,France,Male,79,10,67181.11,1,1,1,51742.32,0
10009367,Customer_9367,826,Germany,Female,27,10,141674.82,1,0,0,33013.65,0
10009368,Customer_9368,547,France,Male,71,6,208491.04,1,1,0,101110.25,0
10009369,Customer_9369,770,Germany,Female,48,5,73490.55,1,1,1,74406.67,0
10009370,Customer_9370,670,Spain,Female,55,10,17601.23,2,1,0,5492.65,0
10009371,Customer_9371,528,Germany,Male,42,5,158070.93,1,1,1,189936.11,0
10009372,Customer_9372,734,Spain,Male,82,5,187936.28,1,1,0,7921.89,1
10009373,Customer_9373,568,Spain,Female,67,4,238630.75,1,0,1,180592.23,0
10009374,Customer_9374,626,France,Male,41,6,39881.16,1,1,1,37956.18,0
10009375,Customer_9375,786,France,Male,44,6,225339.97,2,0,0,28381.9,0
10009376,Customer_9376,365,France,Female,67,6,120530.87,1,0,0,13843.03,0
10009377,Customer_9377,841,France,Female,67,2,58939.56,1,1,0,85147.26,0
10009378,Customer_9378,728,Germany,Female,32,10,240687.12,1,1,1,117377.04,0
10009379,Customer_9379,410,Spain,Male,34,5,59607.32,1,0,1,180747.98,0
10009380,Customer_9380,403,Spain,Female,46,8,183361.05,1,1,0,156752.09,0
10009381,Customer_9381,517,France,Male,22,8,196221.69,2,1,0,31933.97,0
10009382,Customer_9382,375,Spain,Female,28,3,107629.76,2,1,1,33554.33,0
10009383,Customer_9383,685,France,Female,69,8,172496.21,1,0,0,1642.98,0
10009384,Customer_9384,825,Spain,Female,51,1,143119.27,1,1,0,137567.74,0
10009385,Customer_9385,414,France,Female,50,7,48008.19,2,0,1,3506.66,0
10009386,Customer_9386,449,France,Male,66,1,189971.97,1,0,1,27719.16,0
10009387,Customer_9387,423,France,Female,48,4,232004.04,1,1,1,126913.78,0
10009388,Customer_9388,541,Spain,Female,35,5,122159.51,1,1,0,30063.0,0
10009389,Customer_9389,520,France,Female,22,1,248577.56,2,1,0,30652.66,0
10009390,Customer_9390,622,France,Male,47,8,106991.33,1,0,1,46809.05,0
10009391,Customer_9391,726,Spain,Female,62,5,119934.14,1,1,0,77058.92,0
10009392,Customer_9392,536,Spain,Male,55,7,168474.38,2,0,0,1584.13,0
10009393,Customer_9393,372,France,Female,46,3,46442.54,2,1,1,149215.27,0
10009394,Customer_9394,740,Germany,Male,53,2,225486.5,2,1,1,154767.24,1
10009395,Customer_9395,777,France,Female,26,3,200318.2,2,1,1,73355.81,0
10009396,Customer_9396,530,France,Female,40,0,218104.32,1,1,0,159626.98,0
10009397,Customer_9397,676,France,Male,20,0,152389.64,1,1,1,56962.19,0
10009398,Customer_9398,457,France,Female,73,7,220936.99,1,1,1,197138.85,0
10009399,Customer_9399,684,Germany,Male,57,0,169993.12,2,1,0,79553.07,1
10009400,Customer_9400,511,Germany,Female,73,4,127890.22,2,1,0,133766.95,0
10009401,Customer_9401,651,France,Female,75,9,232947.7,2,0,1,64496.65,0
10009402,Customer_9402,842,Germany,Male,48,8,109929.94,2,1,0,90172.21,0
10009403,Customer_9403,801,Germany,Female,28,2,125142.46,2,1,0,129020.77,1
10009404,Customer_9404,555,France,Female,59,9,42385.93,2,1,0,69512.18,0
10009405,Customer_9405,427,France,Male,20,1,236914.75,2,1,1,131322.24,0
10009406,Customer_9406,365,Germany,Female,74,4,55263.2,1,0,0,29212.35,1
10009407,Customer_9407,676,Spain,Female,31,1,50353.98,3,1,0,96756.19,0
10009408,Customer_9408,445,Germany,Male,63,9,25298.65,2,1,0,54579.82,1
10009409,Customer_9409,496,Germany,Female,36,0,113339.86,1,1,1,184006.56,1
10009410,Customer_9410,351,France,Female,77,10,68403.64,1,1,1,164942.67,0
10009411,Customer_9411,359,Germany,Male,48,8,185195.25,2,1,0,97489.55,0
10009412,Customer_9412,783,France,Male,53,10,76880.41,1,1,1,90756.02,0
10009413,Customer_9413,474,Spain,Male,49,9,180192.57,1,1,1,166799.67,0
10009414,Customer_9414,430,Germany,Female,80,10,48990.27,1,0,1,138093.43,0
10009415,Customer_9415,834,France,Female,43,8,57491.46,2,1,0,136667.6,1
10009416,Customer_9416,489,France,Female,82,0,201543.54,1,1,0,109655.87,1
10009417,Customer_9417,675,Spain,Female,19,3,92773.39,2,0,1,172473.42,0
10009418,Customer_9418,499,France,Male,87,4,27943.49,2,1,0,37908.83,1
10009419,Customer_9419,637,Germany,Male,62,1,240350.95,2,0,1,172378.74,1
10009420,Customer_9420,710,Germany,Female,42,10,44348.04,2,1,1,104153.5,0
10009421,Customer_9421,689,Spain,Female,57,8,37549.28,2,1,1,124269.66,0
10009422,Customer_9422,478,France,Male,35,8,89595.52,1,1,0,192484.68,0
10009423,Customer_9423,787,Germany,Female,29,8,23908.44,1,1,0,84906.98,1
10009424,Customer_9424,588,Spain,Male,41,7,38904.09,2,1,0,133610.06,0
10009425,Customer_9425,407,Spain,Male,60,5,211611.15,1,1,1,104431.26,0
10009426,Customer_9426,547,Germany,Female,49,0,42876.71,1,1,1,186321.92,0
10009427,Customer_9427,560,Spain,Male,64,9,27856.7,1,1,0,97534.74,1
10009428,Customer_9428,751,Germany,Male,62,4,219989.38,1,1,1,51234.57,0
10009429,Customer_9429,739,France,Female,52,7,110949.13,2,0,0,96552.3,1
10009430,Customer_9430,394,Germany,Female,26,3,39290.74,2,0,0,183352.41,0
10009431,Customer_9431,446,France,Female,27,7,145379.36,2,1,0,100148.41,1
10009432,Customer_9432,628,France,Female,82,5,10376.46,1,0,1,29237.63,0
10009433,Customer_9433,372,France,Male,76,0,106845.64,1,0,1,108326.55,0
10009434,Customer_9434,759,Spain,Male,74,0,147578.46,1,1,0,77526.59,0
10009435,Customer_9435,810,Spain,Female,27,2,239280.01,1,0,0,129958.66,1
10009436,Customer_9436,740,Germany,Female,36,0,81616.19,2,1,0,48278.75,0
10009437,Customer_9437,684,France,Female,67,3,191262.77,1,1,1,64466.1,0
10009438,Customer_9438,393,France,Female,85,2,33174.95,1,0,0,103320.35,0
10009439,Customer_9439,376,France,Male,22,6,108395.59,1,1,0,23665.98,1
10009440,Customer_9440,631,Germany,Male,46,10,55783.68,1,1,0,42109.78,0
10009441,Customer_9441,446,France,Male,22,8,123116.96,2,1,1,160270.45,0
10009442,Customer_9442,812,France,Female,77,6,104307.96,2,1,0,187844.56,0
10009443,Customer_9443,385,France,Male,82,10,244946.26,1,0,1,193907.38,0
10009444,Customer_9444,458,Spain,Male,45,4,229374.5,1,0,0,187453.02,1
10009445,Customer_9445,404,Spain,Male,18,0,145551.47,3,1,1,188404.5,0
10009446,Customer_9446,541,Germany,Female,46,4,44127.44,2,1,1,164220.45,1
10009447,Customer_9447,568,France,Female,68,0,139239.25,1,1,1,147125.82,1
10009448,Customer_9448,534,France,Female,53,5,198020.57,1,1,0,46376.19,0
10009449,Customer_9449,418,France,Female,49,7,9506.78,1,0,0,88352.18,1
10009450,Customer_9450,666,France,Female,81,6,108507.34,2,1,0,79599.76,0
10009451,Customer_9451,479,France,Male,31,0,10661.73,1,0,0,146071.67,0
10009452,Customer_9452,404,France,Male,49,7,60989.48,2,1,1,95083.04,0
10009453,Customer_9453,727,France,Female,26,8,23028.66,2,1,0,72041.76,0
10009454,Customer_9454,446,France,Male,28,9,240144.57,2,0,1,162817.04,0
10009455,Customer_9455,685,France,Male,65,1,42207.16,1,0,1,149984.03,0
10009456,Customer_9456,436,Germany,Male,68,0,37525.97,1,1,1,73770.39,1
10009457,Customer_9457,643,Spain,Male,21,5,243013.74,2,1,0,83870.54,0
10009458,Customer_9458,468,Spain,Male,58,3,128991.82,1,0,0,178638.81,1
10009459,Customer_9459,557,France,Female,42,6,189496.26,2,1,0,146538.65,1
10009460,Customer_9460,683,France,Female,34,2,81828.66,1,1,1,137999.93,0
10009461,Customer_9461,762,Spain,Female,64,2,133215.18,2,1,1,142343.9,0
10009462,Customer_9462,503,France,Male,25,7,1713.43,1,1,0,20470.43,1
10009463,Customer_9463,384,Spain,Female,75,6,102204.62,1,1,1,112705.1,0
10009464,Customer_9464,428,Germany,Female,18,4,138772.45,2,1,0,58208.02,1
10009465,Customer_9465,416,Spain,Female,19,2,128602.54,2,1,1,16976.64,0
10009466,Customer_9466,692,Spain,Male,27,0,101454.92,1,0,1,146216.37,0
10009467,Customer_9467,762,Germany,Male,44,10,196976.92,1,1,0,60874.73,0
10009468,Customer_9468,383,Germany,Female,30,2,125410.21,2,1,1,62019.26,0
10009469,Customer_9469,446,France,Female,80,8,159030.13,2,1,1,127975.05,0
10009470,Customer_9470,518,France,Male,28,0,46155.28,1,1,1,133256.31,0
10009471,Customer_9471,518,France,Male,31,4,215375.02,1,1,0,94818.72,0
10009472,Customer_9472,500,France,Female,43,3,90709.05,1,1,1,111298.4,0
10009473,Customer_9473,420,France,Male,86,10,120525.91,1,0,0,169779.12,1
10009474,Customer_9474,352,France,Male,56,5,88048.69,1,1,1,21425.88,0
10009475,Customer_9475,663,Spain,Male,45,1,222976.79,1,0,0,13080.38,1
10009476,Customer_9476,381,France,Male,34,3,225185.04,2,0,1,131252.75,0
10009477,Customer_9477,636,France,Male,54,8,56071.09,2,0,1,120766.53,0
10009478,Customer_9478,431,France,Male,44,10,188178.64,2,0,0,37193.64,1
10009479,Customer_9479,392,Germany,Male,84,4,25720.89,1,0,1,104385.02,0
10009480,Customer_9480,740,France,Male,85,7,7462.59,2,1,0,149136.37,1
10009481,Customer_9481,454,Spain,Male,64,1,209146.03,2,1,0,146344.13,0
10009482,Customer_9482,350,Germany,Male,51,10,32794.54,2,1,0,119149.06,1
10009483,Customer_9483,410,Germany,Male,35,8,38695.68,1,1,1,26099.04,0
10009484,Customer_9484,619,France,Male,52,6,151647.06,1,1,0,60809.08,0
10009485,Customer_9485,529,France,Male,35,6,204192.13,2,1,1,81162.97,1
10009486,Customer_9486,573,Spain,Male,87,1,47400.23,1,1,0,157652.91,0
10009487,Customer_9487,355,France,Male,51,7,28548.06,3,0,1,108766.91,0
10009488,Customer_9488,452,France,Female,50,8,19330.59,2,1,1,146642.92,0
10009489,Customer_9489,359,France,Male,89,9,6211.6,2,1,0,184702.75,0
10009490,Customer_9490,420,Spain,Female,60,10,29119.79,2,1,1,124788.77,0
10009491,Customer_9491,439,France,Male,44,4,235672.98,1,1,0,47437.81,1
10009492,Customer_9492,575,Spain,Female,65,2,23820.63,1,1,1,27925.64,0
10009493,Customer_9493,507,France,Male,86,2,149389.74,2,0,0,119.53,0
10009494,Customer_9494,577,Germany,Female,88,5,230241.6,1,1,0,35134.73,1
10009495,Customer_9495,754,Germany,Male,39,0,156955.04,2,1,1,53850.34,0
10009496,Customer_9496,475,France,Female,51,9,8186.44,2,1,1,53963.92,0
10009497,Customer_9497,793,France,Male,60,10,149103.45,1,1,1,133420.05,0
10009498,Customer_9498,558,France,Female,33,8,225766.33,1,1,0,30057.2,0
10009499,Customer_9499,446,France,Female,31,5,80639.76,2,0,0,87097.59,0
10009500,Customer_9500,423,Spain,Female,56,8,78406.98,1,1,1,992.55,0
10009501,Customer_9501,464,France,Female,88,2,62215.9,1,1,1,52240.44,0
10009502,Customer_9502,540,Germany,Female,29,9,126386.15,1,1,0,8221.46,0
10009503,Customer_9503,844,France,Female,72,2,59485.71,2,1,0,141915.14,0
10009504,Customer_9504,519,France,Male,23,9,180947.19,4,0,1,70868.38,0
10009505,Customer_9505,656,Germany,Male,57,6,161215.44,1,1,1,96025.0,0
10009506,Customer_9506,797,Germany,Male,30,6,100193.4,2,0,0,152293.25,1
10009507,Customer_9507,553,France,Male,86,3,180638.76,1,1,1,172586.12,1
10009508,Customer_9508,405,Germany,Male,41,10,24624.08,2,0,0,103340.02,0
10009509,Customer_9509,557,France,Female,91,7,187382.1,1,1,1,129958.17,0
10009510,Customer_9510,390,Spain,Female,76,10,150727.05,1,1,0,147199.44,1
10009511,Customer_9511,381,France,Male,63,1,157520.72,2,0,1,57070.64,0
10009512,Customer_9512,364,France,Female,90,0,16165.93,1,1,1,141455.45,1
10009513,Customer_9513,411,Spain,Male,61,0,154533.75,1,0,0,130739.69,0
10009514,Customer_9514,504,France,Female,28,1,123530.51,2,1,1,88619.01,0
10009515,Customer_9515,633,France,Male,78,10,121465.63,1,1,0,68159.11,0
10009516,Customer_9516,558,France,Female,53,10,80463.35,1,1,0,194732.17,1
10009517,Customer_9517,669,Spain,Female,89,5,1903.47,2,0,0,197263.87,0
10009518,Customer_9518,843,Spain,Male,27,7,105659.35,2,1,1,139024.63,0
10009519,Customer_9519,536,Germany,Female,18,2,100229.06,1,1,1,76839.1,1
10009520,Customer_9520,847,France,Female,80,5,105701.35,4,1,1,150309.85,0
10009521,Customer_9521,791,Germany,Male,29,7,152998.5,1,1,1,135851.41,0
10009522,Customer_9522,479,France,Female,22,8,74976.55,2,1,0,109002.12,0
10009523,Customer_9523,476,France,Female,53,7,67345.86,1,1,0,26376.93,0
10009524,Customer_9524,641,Spain,Male,34,6,124445.32,1,1,1,189321.15,0
10009525,Customer_9525,463,France,Male,75,3,148079.42,1,1,0,46561.74,0
10009526,Customer_9526,548,France,Female,39,2,141832.11,2,1,1,78658.41,0
10009527,Customer_9527,362,Spain,Female,48,6,220410.43,2,1,1,68490.54,0
10009528,Customer_9528,620,Germany,Male,43,0,192286.01,1,1,1,30760.36,0
10009529,Customer_9529,438,France,Female,30,6,13047.47,1,1,0,4912.71,1
10009530,Customer_9530,564,France,Male,80,5,140868.85,2,0,0,185961.14,0
10009531,Customer_9531,793,Germany,Female,84,2,104453.55,2,0,1,147897.33,0
10009532,Customer_9532,627,France,Female,80,2,90262.82,2,1,0,4153.55,1
10009533,Customer_9533,796,France,Male,28,1,239473.98,1,0,0,137556.83,0
10009534,Customer_9534,823,France,Female,86,0,114198.95,2,0,0,25950.52,1
10009535,Customer_9535,830,Spain,Female,81,10,179858.72,2,0,1,144801.27,0
10009536,Customer_9536,552,France,Male,85,4,241771.74,1,1,1,101041.35,1
10009537,Customer_9537,423,France,Female,49,6,37750.03,2,1,0,195571.36,1
10009538,Customer_9538,374,France,Male,91,6,13654.07,1,1,0,86477.2,1
10009539,Customer_9539,450,France,Female,27,5,78405.06,1,1,0,149792.1,0
10009540,Customer_9540,525,France,Female,71,10,11111.07,2,1,0,8272.57,1
10009541,Customer_9541,776,Spain,Male,72,9,29191.15,2,0,0,187111.8,1
10009542,Customer_9542,466,Spain,Female,79,5,247927.46,3,1,1,112496.79,0
10009543,Customer_9543,515,France,Female,72,10,240044.73,1,1,1,62851.16,0
10009544,Customer_9544,390,Spain,Female,52,6,172823.16,2,1,1,25388.19,0
10009545,Customer_9545,778,France,Male,84,7,188246.75,1,1,1,128167.77,0
10009546,Customer_9546,693,Germany,Male,82,4,35123.02,2,1,1,149261.47,0
10009547,Customer_9547,773,France,Female,34,0,148808.89,1,0,0,17076.89,0
10009548,Customer_9548,715,Spain,Female,59,6,38603.19,1,1,0,32941.25,0
10009549,Customer_9549,469,France,Male,76,1,94596.54,1,0,0,77092.13,0
10009550,Customer_9550,446,Germany,Female,87,10,86336.26,2,1,1,170353.11,0
10009551,Customer_9551,494,Spain,Female,28,4,153490.12,2,0,0,196586.4,0
10009552,Customer_9552,565,France,Female,45,6,19923.28,2,0,1,149008.26,0
10009553,Customer_9553,578,France,Male,56,6,25865.52,1,1,1,1126.75,1
10009554,Customer_9554,662,France,Male,71,8,152482.98,1,0,1,180692.57,0
10009555,Customer_9555,479,Germany,Male,28,4,159029.41,1,1,0,5321.51,0
10009556,Customer_9556,701,France,Female,75,5,84970.61,2,1,1,179426.46,1
10009557,Customer_9557,726,Germany,Male,57,9,36717.78,1,1,0,82069.89,1
10009558,Customer_9558,667,Spain,Female,21,10,221519.98,1,0,0,148364.7,0
10009559,Customer_9559,821,France,Female,81,5,13237.2,1,0,0,17423.58,0
10009560,Customer_9560,486,France,Male,65,0,179343.88,2,1,1,32994.57,0
10009561,Customer_9561,673,Germany,Male,87,9,35011.18,2,1,1,90159.62,0
10009562,Customer_9562,686,Spain,Female,48,6,159343.48,2,0,1,7711.72,0
10009563,Customer_9563,622,Spain,Female,19,9,165913.96,1,1,1,77958.06,0
10009564,Customer_9564,466,France,Male,60,6,201064.91,2,0,1,150395.94,0
10009565,Customer_9565,655,France,Female,58,3,98756.27,2,0,0,130946.37,1
10009566,Customer_9566,717,Spain,Female,77,3,5449.12,1,1,1,70362.6,0
10009567,Customer_9567,443,Spain,Female,63,10,202762.35,1,1,0,1779.77,1
10009568,Customer_9568,517,Germany,Female,57,5,111017.0,1,0,0,53943.38,0
10009569,Customer_9569,791,France,Male,76,2,211772.45,2,1,0,155248.25,0
10009570,Customer_9570,552,France,Female,62,9,193996.24,1,1,1,68113.15,0
10009571,Customer_9571,690,France,Female,59,5,124576.71,1,1,1,75506.22,0
10009572,Customer_9572,498,Spain,Male,38,10,249849.85,1,0,1,14849.85,0
10009573,Customer_9573,751,France,Female,20,10,115518.77,1,1,0,120342.5,0
10009574,Customer_9574,532,Germany,Male,83,3,174126.16,1,0,1,124384.23,0
10009575,Customer_9575,762,Germany,Female,28,9,167450.95,2,1,1,86176.07,0
10009576,Customer_9576,501,France,Female,41,7,129516.68,1,1,1,152116.81,0
10009577,Customer_9577,423,France,Female,67,4,146337.57,1,1,0,175374.54,1
10009578,Customer_9578,714,Germany,Male,38,7,199652.19,2,1,0,150110.49,1
10009579,Customer_9579,750,France,Female,42,8,142903.32,2,1,0,108866.41,0
10009580,Customer_9580,623,France,Female,21,3,112537.08,2,1,1,187138.82,0
10009581,Customer_9581,391,France,Male,60,0,165520.62,1,0,1,76447.66,0
10009582,Customer_9582,845,Spain,Female,64,9,8877.26,1,0,1,130948.67,0
10009583,Customer_9583,561,Spain,Female,40,6,27298.47,2,1,0,115052.7,1
10009584,Customer_9584,450,Germany,Male,77,6,31356.6,1,0,0,168315.31,1
10009585,Customer_9585,394,Spain,Male,38,4,106441.92,2,0,1,99924.16,0
10009586,Customer_9586,431,Germany,Male,83,4,217943.81,1,0,0,110702.18,0
10009587,Customer_9587,366,Germany,Male,68,0,160823.65,2,0,1,90768.69,0
10009588,Customer_9588,422,Spain,Female,32,2,243154.62,2,0,1,28113.06,1
10009589,Customer_9589,363,France,Female,75,0,9985.24,1,1,0,177286.56,1
10009590,Customer_9590,782,France,Male,43,6,180501.76,2,1,0,172366.4,1
10009591,Customer_9591,506,Spain,Female,76,4,78550.39,1,1,1,140495.0,0
10009592,Customer_9592,572,Spain,Male,62,3,5821.36,1,1,0,69565.4,1
10009593,Customer_9593,481,France,Male,83,6,206481.67,2,0,1,71025.7,0
10009594,Customer_9594,687,Spain,Male,52,8,40673.39,3,1,1,7210.73,0
10009595,Customer_9595,753,France,Female,81,5,53518.73,2,0,0,15539.77,0
10009596,Customer_9596,725,France,Female,44,8,85116.46,2,0,1,102764.88,0
10009597,Customer_9597,725,Germany,Female,48,5,197089.28,1,0,0,9973.61,0
10009598,Customer_9598,396,France,Male,29,9,156147.64,1,1,0,19853.95,0
10009599,Customer_9599,456,Germany,Male,62,8,66215.28,2,0,1,50249.31,0
10009600,Customer_9600,457,France,Female,49,5,42122.33,1,1,0,74745.27,1
10009601,Customer_9601,614,France,Male,71,8,27387.06,2,1,1,97874.94,0
10009602,Customer_9602,554,Germany,Male,83,2,37454.14,2,1,1,64911.66,1
10009603,Customer_9603,428,Germany,Female,49,4,217036.29,2,1,1,188137.61,0
10009604,Customer_9604,504,France,Male,32,10,230670.84,1,1,0,190179.56,1
10009605,Customer_9605,620,Spain,Male,72,4,241989.45,2,1,1,11218.81,0
10009606,Customer_9606,825,Germany,Male,58,9,208682.97,2,1,0,197083.2,1
10009607,Customer_9607,834,France,Female,57,7,221847.58,1,1,1,34590.02,0
10009608,Customer_9608,596,France,Female,89,10,204025.88,1,1,1,66282.33,0
10009609,Customer_9609,368,Spain,Male,66,10,239513.94,2,1,0,167404.9,0
10009610,Customer_9610,695,Germany,Male,55,6,211412.74,2,0,0,137547.14,1
10009611,Customer_9611,785,France,Male,73,1,115500.67,1,0,0,11658.84,1
10009612,Customer_9612,375,France,Male,51,10,80813.58,1,0,1,154923.1,0
10009613,Customer_9613,566,France,Female,18,1,146052.97,1,1,1,132652.26,0
10009614,Customer_9614,503,France,Male,27,6,152045.83,3,1,1,190099.84,1
10009615,Customer_9615,503,Germany,Male,57,9,143728.63,2,1,1,182002.77,0
10009616,Customer_9616,523,Spain,Female,33,9,176681.59,2,0,1,195045.78,0
10009617,Customer_9617,441,France,Male,63,3,174744.14,1,1,0,90983.16,0
10009618,Customer_9618,782,Spain,Female,41,5,21798.57,1,1,1,141304.68,0
10009619,Customer_9619,687,Spain,Male,31,8,71380.61,2,1,1,192381.61,0
10009620,Customer_9620,829,Spain,Male,56,9,222465.05,2,1,0,434.87,1
10009621,Customer_9621,530,Spain,Male,35,10,147508.76,1,1,0,157788.7,1
10009622,Customer_9622,480,Spain,Male,58,3,82131.17,4,0,1,10801.43,0
10009623,Customer_9623,799,Germany,Female,73,6,212614.66,1,0,1,199783.26,0
10009624,Customer_9624,830,France,Female,53,8,62260.57,1,1,1,2787.16,0
10009625,Customer_9625,647,France,Male,41,0,102299.97,2,0,1,110945.54,1
10009626,Customer_9626,624,Spain,Female,46,9,69063.69,2,0,0,104188.64,1
10009627,Customer_9627,622,France,Female,39,10,217837.48,2,1,0,60954.51,0
10009628,Customer_9628,841,France,Male,28,1,182072.17,2,0,1,146472.47,0
10009629,Customer_9629,766,France,Male,58,8,115056.41,2,1,1,51407.72,0
10009630,Customer_9630,425,Spain,Male,66,4,233075.21,1,0,0,58164.9,0
10009631,Customer_9631,526,Spain,Female,28,3,231861.2,2,1,0,36080.88,0
10009632,Customer_9632,533,France,Male,69,6,177881.26,2,1,0,142816.54,0
10009633,Customer_9633,668,France,Male,84,4,222998.41,2,1,0,34016.32,1
10009634,Customer_9634,480,Germany,Male,25,0,179848.28,2,1,1,179535.67,0
10009635,Customer_9635,712,France,Female,48,8,157052.97,2,1,1,57574.87,0
10009636,Customer_9636,398,Germany,Female,91,7,105195.75,2,0,1,103729.76,0
10009637,Customer_9637,404,France,Male,23,2,68367.44,2,0,0,95018.61,0
10009638,Customer_9638,503,Spain,Male,88,9,15064.34,2,1,0,140473.79,1
10009639,Customer_9639,704,Germany,Female,30,2,200217.49,2,1,0,46815.93,0
10009640,Customer_9640,549,Germany,Male,23,2,30540.77,1,1,0,167729.64,0
10009641,Customer_9641,657,Germany,Male,84,6,102587.31,3,1,0,147581.93,1
10009642,Customer_9642,705,France,Female,44,1,58658.55,2,1,1,68530.05,0
10009643,Customer_9643,722,France,Female,62,8,113656.57,2,1,1,24067.3,1
10009644,Customer_9644,467,Germany,Male,43,3,78745.96,2,1,0,100958.44,1
10009645,Customer_9645,612,Spain,Male,21,6,207423.46,2,1,0,196105.31,0
10009646,Customer_9646,395,France,Female,54,7,244544.64,2,1,0,4861.62,0
10009647,Customer_9647,651,Germany,Female,38,4,235388.69,2,1,1,168973.95,1
10009648,Customer_9648,705,Spain,Female,45,7,155592.48,1,0,1,139955.97,0
10009649,Customer_9649,749,Spain,Female,49,3,244819.14,1,0,1,36645.12,0
10009650,Customer_9650,757,Germany,Male,70,9,100180.66,1,0,1,95289.82,1
10009651,Customer_9651,538,Germany,Female,50,1,130621.86,1,1,0,125540.01,1
10009652,Customer_9652,659,Spain,Male,43,2,64212.46,1,1,0,139340.19,0
10009653,Customer_9653,667,Spain,Female,34,5,224495.63,1,1,0,184273.86,0
10009654,Customer_9654,478,Spain,Female,73,9,44927.28,2,0,0,174616.73,0
10009655,Customer_9655,398,Germany,Female,47,5,152621.87,3,1,1,65692.83,1
10009656,Customer_9656,374,France,Female,22,6,199863.53,2,1,0,24016.67,0
10009657,Customer_9657,615,France,Male,23,10,148849.69,1,0,0,20863.14,0
10009658,Customer_9658,467,France,Male,79,3,19693.8,1,0,1,193749.04,0
10009659,Customer_9659,813,Spain,Male,27,7,152861.72,2,1,1,191164.17,1
10009660,Customer_9660,493,Spain,Female,87,7,191769.83,1,0,0,163904.61,0
10009661,Customer_9661,791,Germany,Male,27,10,46957.04,1,1,0,196092.71,1
10009662,Customer_9662,549,Germany,Male,61,6,184238.21,1,1,0,54841.61,0
10009663,Customer_9663,506,France,Female,73,2,219644.43,1,1,1,165114.48,0
10009664,Customer_9664,836,France,Male,21,2,246614.62,1,0,0,100451.4,0
10009665,Customer_9665,697,Germany,Female,30,1,102514.82,1,0,0,159846.43,0
10009666,Customer_9666,483,France,Male,91,10,6290.6,2,1,1,122170.19,1
10009667,Customer_9667,749,France,Male,36,6,104769.75,2,0,0,169238.66,0
10009668,Customer_9668,497,Germany,Male,87,5,165056.96,1,0,0,79475.78,0
10009669,Customer_9669,685,France,Female,79,6,222841.26,1,0,0,197828.07,0
10009670,Customer_9670,420,Spain,Male,26,1,234526.45,2,1,0,43854.77,1
10009671,Customer_9671,582,France,Male,63,3,227393.95,1,1,1,134525.51,1
10009672,Customer_9672,683,Spain,Female,73,0,164489.94,2,1,1,160517.91,0
10009673,Customer_9673,648,France,Female,91,1,170630.76,1,0,0,117155.22,0
10009674,Customer_9674,503,France,Male,57,6,595.95,1,1,1,58066.87,0
10009675,Customer_9675,439,Germany,Female,84,4,90932.81,1,0,0,112264.65,0
10009676,Customer_9676,683,Spain,Female,79,9,226714.06,1,1,0,100946.94,1
10009677,Customer_9677,548,Germany,Female,63,2,172404.42,2,1,0,38033.21,1
10009678,Customer_9678,510,France,Male,23,1,116980.19,2,0,1,152643.27,0
10009679,Customer_9679,375,France,Male,46,2,26063.1,2,1,0,53445.67,0
10009680,Customer_9680,470,Germany,Male,36,3,61579.17,2,1,1,166424.24,0
10009681,Customer_9681,650,France,Female,32,9,138730.63,2,0,1,42872.59,0
10009682,Customer_9682,561,France,Male,74,9,224375.38,1,1,0,100468.82,0
10009683,Customer_9683,412,Germany,Female,55,4,23953.09,2,0,1,139047.07,0
10009684,Customer_9684,800,France,Male,38,7,38438.86,2,0,1,199166.2,0
10009685,Customer_9685,785,France,Male,68,8,163751.27,1,0,1,54205.99,0
10009686,Customer_9686,417,France,Female,56,1,73537.43,1,1,1,127126.03,0
10009687,Customer_9687,602,Spain,Female,37,2,42425.95,1,0,1,30680.77,0
10009688,Customer_9688,759,France,Female,19,3,44608.99,2,0,1,163930.01,0
10009689,Customer_9689,808,Spain,Male,49,6,123153.31,2,0,1,172290.62,0
10009690,Customer_9690,351,France,Male,21,5,145936.06,2,0,0,177592.62,0
10009691,Customer_9691,747,Spain,Female,24,5,226087.37,1,0,1,189107.44,0
10009692,Customer_9692,457,France,Male,20,9,132454.3,2,1,0,71143.42,0
10009693,Customer_9693,635,France,Female,42,6,172818.4,1,1,0,133292.75,0
10009694,Customer_9694,398,Spain,Male,26,0,45171.49,1,1,1,63156.23,0
10009695,Customer_9695,489,Spain,Female,43,7,178365.07,1,1,1,160762.92,0
10009696,Customer_9696,567,Spain,Female,81,8,162173.4,1,1,0,83125.05,1
10009697,Customer_9697,393,Spain,Male,35,1,54045.52,1,1,0,110986.71,0
10009698,Customer_9698,766,France,Female,19,0,167344.37,1,1,0,26607.73,0
10009699,Customer_9699,618,France,Male,18,3,52873.01,2,1,1,170100.38,0
10009700,Customer_9700,427,France,Male,65,10,148394.44,2,1,0,96594.61,1
10009701,Customer_9701,565,Spain,Male,80,1,167212.43,2,0,0,128099.29,1
10009702,Customer_9702,731,France,Female,53,5,173337.64,1,1,1,133859.98,0
10009703,Customer_9703,447,Spain,Male,80,2,227316.65,1,1,1,54858.16,0
10009704,Customer_9704,585,France,Female,43,8,236959.34,1,1,1,158998.81,0
10009705,Customer_9705,631,Germany,Male,23,7,202549.49,2,1,1,166607.83,0
10009706,Customer_9706,498,France,Male,43,6,219687.03,2,1,0,103156.13,0
10009707,Customer_9707,761,France,Male,60,10,4832.22,2,1,1,180483.17,1
10009708,Customer_9708,653,Germany,Female,18,6,90667.03,1,1,1,32189.04,0
10009709,Customer_9709,833,Germany,Male,26,6,9930.55,1,0,1,82892.73,0
10009710,Customer_9710,773,Spain,Male,44,4,56211.34,2,1,1,8874.5,0
10009711,Customer_9711,415,Germany,Male,88,7,95431.08,2,1,0,79719.17,0
10009712,Customer_9712,583,Germany,Male,20,3,216893.88,1,1,1,199407.62,0
10009713,Customer_9713,806,Spain,Male,78,4,127938.52,1,1,0,92642.05,0
10009714,Customer_9714,436,Germany,Male,90,2,162215.26,2,1,0,83848.52,0
10009715,Customer_9715,428,Germany,Male,19,2,90703.9,2,1,0,137567.76,0
10009716,Customer_9716,554,France,Male,91,1,150728.98,2,1,1,9731.77,0
10009717,Customer_9717,628,France,Male,48,4,203884.12,1,1,1,70760.59,0
10009718,Customer_9718,686,Germany,Female,82,1,75310.35,2,1,0,106619.41,0
10009719,Customer_9719,603,Spain,Male,35,9,233064.17,1,0,1,96818.88,0
10009720,Customer_9720,653,France,Male,23,3,53328.37,1,1,0,128499.29,0
10009721,Customer_9721,729,France,Female,59,9,229825.33,1,1,0,27796.93,0
10009722,Customer_9722,479,Germany,Female,85,0,7074.39,1,0,1,80529.42,0
10009723,Customer_9723,433,France,Female,21,1,135688.07,1,1,1,126723.36,0
10009724,Customer_9724,625,Germany,Male,21,10,246293.23,1,1,1,60337.74,0
10009725,Customer_9725,536,Germany,Female,82,0,152444.68,2,1,1,122580.31,0
10009726,Customer_9726,395,France,Female,58,1,138715.41,1,1,0,191662.84,0
10009727,Customer_9727,736,Spain,Female,60,3,170617.56,1,1,1,186077.85,0
10009728,Customer_9728,532,Germany,Female,72,0,72325.56,2,1,1,145105.72,1
10009729,Customer_9729,617,Germany,Male,36,5,13478.83,2,0,0,35534.86,0
10009730,Customer_9730,645,France,Male,38,0,62766.06,2,0,1,156851.08,0
10009731,Customer_9731,671,France,Female,75,2,44061.79,2,1,1,89346.99,0
10009732,Customer_9732,449,Spain,Male,47,1,230892.31,1,0,1,190347.13,0
10009733,Customer_9733,427,France,Female,24,1,213065.51,2,1,0,122288.39,1
10009734,Customer_9734,621,France,Male,86,3,79428.47,1,1,0,43533.23,1
10009735,Customer_9735,688,France,Female,81,8,209017.33,2,1,1,62493.49,0
10009736,Customer_9736,511,France,Male,19,2,52938.17,1,1,1,63819.16,0
10009737,Customer_9737,393,France,Male,84,5,49894.81,2,1,1,55265.15,0
10009738,Customer_9738,587,France,Female,91,10,191883.86,2,1,0,154366.82,1
10009739,Customer_9739,483,Spain,Male,26,9,81732.65,2,1,0,67356.42,0
10009740,Customer_9740,810,Germany,Male,40,2,16198.16,1,1,1,39133.46,0
10009741,Customer_9741,541,France,Male,31,9,179996.65,4,0,1,119223.86,0
10009742,Customer_9742,705,Spain,Female,71,4,247400.35,1,1,1,92961.6,1
10009743,Customer_9743,627,France,Female,62,8,141494.43,1,1,1,4444.3,0
10009744,Customer_9744,367,Germany,Female,33,2,65916.89,2,1,1,55831.33,0
10009745,Customer_9745,361,France,Male,89,7,93226.42,2,1,1,7649.07,1
10009746,Customer_9746,529,France,Male,74,5,162162.39,2,0,0,153410.72,1
10009747,Customer_9747,472,Spain,Male,25,7,175344.9,2,1,0,190205.5,0
10009748,Customer_9748,595,France,Male,42,1,221583.06,1,1,0,100039.52,0
10009749,Customer_9749,571,Spain,Male,58,8,227208.84,1,1,1,111638.05,1
10009750,Customer_9750,722,France,Female,79,0,215319.63,1,1,0,169018.57,0
10009751,Customer_9751,400,France,Male,35,2,162122.73,1,0,1,3803.92,0
10009752,Customer_9752,837,Germany,Male,67,3,112463.09,1,1,0,32474.03,1
10009753,Customer_9753,420,Germany,Male,58,5,169826.37,1,1,1,130875.33,0
10009754,Customer_9754,829,France,Male,51,10,166641.36,2,0,0,148350.84,0
10009755,Customer_9755,397,France,Male,29,3,54495.73,1,1,0,125243.67,1
10009756,Customer_9756,368,France,Male,59,10,126888.41,1,0,1,187849.65,0
10009757,Customer_9757,611,Spain,Male,72,1,52053.69,1,1,0,78480.26,0
10009758,Customer_9758,433,France,Female,76,2,224780.95,1,0,1,111021.38,1
10009759,Customer_9759,504,France,Male,68,2,80811.98,1,0,0,191281.21,0
10009760,Customer_9760,402,Spain,Female,70,5,201356.5,2,1,0,179929.11,1
10009761,Customer_9761,456,France,Male,26,4,94306.77,1,1,0,6171.21,0
10009762,Customer_9762,706,France,Female,20,4,190934.04,1,0,1,70435.11,0
10009763,Customer_9763,653,France,Male,25,10,55228.11,2,0,0,147801.85,0
10009764,Customer_9764,484,Germany,Female,76,3,190935.8,1,1,1,186.39,0
10009765,Customer_9765,792,France,Male,47,3,44883.01,3,1,1,172598.99,0
10009766,Customer_9766,418,France,Male,84,8,122704.39,3,0,1,100427.36,0
10009767,Customer_9767,360,Spain,Female,72,6,28406.69,2,1,1,17329.91,0
10009768,Customer_9768,492,France,Female,51,7,131974.52,2,1,0,88498.82,0
10009769,Customer_9769,541,France,Male,60,3,205178.59,2,1,1,98530.0,0
10009770,Customer_9770,736,France,Male,45,10,188886.74,2,0,1,73392.96,0
10009771,Customer_9771,727,Germany,Male,54,2,12678.8,2,0,1,90868.39,1
10009772,Customer_9772,418,Spain,Female,47,0,123044.39,1,0,0,178280.4,0
10009773,Customer_9773,372,France,Female,88,8,213056.33,1,1,1,64820.55,0
10009774,Customer_9774,530,France,Male,79,8,162525.87,1,1,1,192183.77,0
10009775,Customer_9775,642,France,Male,46,1,14800.33,1,1,0,137407.88,1
10009776,Customer_9776,358,France,Male,19,3,81408.01,1,1,0,179204.14,0
10009777,Customer_9777,620,Germany,Male,74,3,139146.72,2,0,1,41804.5,0
10009778,Customer_9778,736,France,Male,74,0,43162.87,2,0,1,98374.62,0
10009779,Customer_9779,442,France,Female,59,1,170478.52,2,1,0,113088.91,1
10009780,Customer_9780,803,Germany,Female,66,7,158711.6,1,1,1,17066.99,0
10009781,Customer_9781,366,France,Male,74,5,50611.07,1,1,1,98733.78,0
10009782,Customer_9782,503,Germany,Female,88,0,137599.49,2,1,0,172192.29,0
10009783,Customer_9783,754,France,Male,35,6,202929.64,1,0,1,10449.19,0
10009784,Customer_9784,677,Spain,Female,87,10,93706.67,2,1,0,128465.25,1
10009785,Customer_9785,498,France,Female,44,6,61746.64,1,1,0,197751.28,0
10009786,Customer_9786,726,Spain,Male,71,5,175305.14,2,1,0,105490.57,0
10009787,Customer_9787,616,France,Male,41,10,17701.08,2,1,0,60681.16,0
10009788,Customer_9788,771,Spain,Male,51,7,208168.45,2,1,1,116993.67,1
10009789,Customer_9789,677,France,Female,39,10,235864.74,1,1,0,108292.51,0
10009790,Customer_9790,455,Germany,Male,80,4,241196.75,2,0,1,21041.66,0
10009791,Customer_9791,821,France,Female,53,1,108134.69,1,0,0,42866.97,1
10009792,Customer_9792,730,Germany,Male,78,3,155800.71,1,0,0,133884.04,0
10009793,Customer_9793,384,Germany,Male,59,10,214341.14,2,1,1,118516.61,0
10009794,Customer_9794,468,Germany,Male,50,7,55856.0,1,1,1,68871.24,0
10009795,Customer_9795,363,Germany,Male,91,7,6925.67,1,1,1,195705.91,0
10009796,Customer_9796,363,France,Female,26,4,96141.56,2,1,1,128957.64,0
10009797,Customer_9797,615,France,Female,42,5,221092.76,1,1,0,46170.09,0
10009798,Customer_9798,489,Germany,Male,30,8,126267.98,2,1,0,94242.07,0
10009799,Customer_9799,643,France,Male,64,9,132554.74,2,1,0,142321.61,0
10009800,Customer_9800,713,France,Male,62,9,172868.51,1,1,1,134400.79,0
10009801,Customer_9801,468,France,Female,22,9,143629.32,2,0,1,49274.02,0
10009802,Customer_9802,587,France,Male,48,10,13619.16,1,0,0,129573.41,1
10009803,Customer_9803,383,Germany,Female,48,10,140215.03,2,1,0,66582.43,0
10009804,Customer_9804,518,Germany,Male,88,1,161989.71,1,1,1,91506.89,0
10009805,Customer_9805,359,Spain,Female,58,4,160398.94,2,1,0,133833.55,0
10009806,Customer_9806,471,France,Female,63,8,182086.04,2,1,0,116203.42,1
10009807,Customer_9807,750,Spain,Male,69,2,129980.07,3,1,0,142549.26,0
10009808,Customer_9808,494,Germany,Female,22,5,225014.7,1,1,1,76374.31,0
10009809,Customer_9809,800,Spain,Female,29,3,116065.15,1,0,1,150402.84,0
10009810,Customer_9810,795,Spain,Female,38,3,129546.62,1,0,1,3144.18,0
10009811,Customer_9811,572,Germany,Male,26,2,195076.44,1,1,0,37602.41,1
10009812,Customer_9812,720,France,Male,34,9,208308.74,1,1,0,194645.08,0
10009813,Customer_9813,606,France,Female,41,0,162090.37,2,1,0,17355.5,0
10009814,Customer_9814,617,France,Female,44,10,31593.3,1,0,1,132384.34,0
10009815,Customer_9815,708,Spain,Female,25,7,82988.02,1,0,1,183352.42,0
10009816,Customer_9816,353,Spain,Female,61,4,5038.89,2,0,0,171910.85,0
10009817,Customer_9817,775,Germany,Male,79,1,73862.45,1,1,0,182552.04,1
10009818,Customer_9818,746,Spain,Female,46,0,142561.07,1,1,1,196781.96,0
10009819,Customer_9819,703,Spain,Male,91,0,201307.68,2,1,0,71461.78,1
10009820,Customer_9820,455,Germany,Female,41,3,146412.44,1,1,0,66038.98,0
10009821,Customer_9821,434,Germany,Male,51,3,9973.66,2,1,0,24182.06,1
10009822,Customer_9822,563,France,Male,77,5,64776.61,1,1,1,40306.83,0
10009823,Customer_9823,470,France,Male,48,10,144515.42,2,1,1,130579.49,0
10009824,Customer_9824,481,France,Female,21,6,177261.93,1,1,0,66236.94,0
10009825,Customer_9825,687,France,Female,26,0,216613.46,1,1,0,68236.75,0
10009826,Customer_9826,546,Germany,Female,71,9,241911.3,1,1,0,129188.66,1
10009827,Customer_9827,368,France,Male,18,1,222946.66,1,0,0,20934.23,1
10009828,Customer_9828,479,Spain,Male,78,2,116832.0,3,1,1,11199.37,0
10009829,Customer_9829,361,France,Female,90,8,186732.38,1,1,0,160570.09,0
10009830,Customer_9830,430,France,Male,48,3,60131.95,2,0,0,157971.38,0
10009831,Customer_9831,679,Spain,Female,62,5,15957.7,2,0,1,77024.95,0
10009832,Customer_9832,703,Germany,Female,77,1,13767.25,1,1,0,118618.02,0
10009833,Customer_9833,611,France,Male,90,10,60326.42,2,1,0,47624.26,1
10009834,Customer_9834,741,Germany,Female,59,1,9385.27,2,0,0,73534.47,1
10009835,Customer_9835,474,France,Female,44,1,212568.1,2,1,1,7291.15,0
10009836,Customer_9836,656,Spain,Female,75,10,122480.19,2,0,0,54729.6,0
10009837,Customer_9837,616,Germany,Female,86,4,202725.01,1,1,1,3286.69,0
10009838,Customer_9838,796,France,Female,90,8,234974.57,1,1,0,84821.5,0
10009839,Customer_9839,790,Germany,Male,51,5,248476.97,1,1,1,103949.93,1
10009840,Customer_9840,732,Spain,Male,27,8,234291.0,2,1,0,99071.69,0
10009841,Customer_9841,489,Germany,Male,83,5,179139.2,1,1,1,68149.46,1
10009842,Customer_9842,678,Spain,Male,42,8,110494.91,3,1,1,41397.94,1
10009843,Customer_9843,351,France,Male,20,4,149496.21,1,0,1,90874.74,1
10009844,Customer_9844,357,Spain,Male,51,10,204124.09,2,0,0,173987.26,0
10009845,Customer_9845,599,Spain,Female,88,0,224388.63,2,1,1,196646.18,0
10009846,Customer_9846,488,Germany,Female,45,5,239117.12,2,1,0,62552.73,1
10009847,Customer_9847,473,France,Male,26,3,182651.42,1,1,0,194886.19,0
10009848,Customer_9848,658,Spain,Male,28,8,134988.39,1,0,1,86916.52,0
10009849,Customer_9849,577,Germany,Male,56,5,242092.93,2,1,1,122658.69,0
10009850,Customer_9850,359,Spain,Male,30,0,239656.24,3,1,0,160744.88,0
10009851,Customer_9851,818,France,Male,28,5,119388.21,1,0,0,71891.1,0
10009852,Customer_9852,561,France,Female,52,2,162164.6,2,1,1,41665.23,1
10009853,Customer_9853,461,France,Female,25,2,202316.79,1,1,0,54623.28,0
10009854,Customer_9854,357,France,Female,24,6,108269.78,2,0,0,167725.01,0
10009855,Customer_9855,641,Germany,Male,86,1,207344.41,2,1,0,186895.68,1
10009856,Customer_9856,826,Germany,Male,87,8,27863.87,2,1,1,25706.92,1
10009857,Customer_9857,711,Germany,Male,74,8,120287.93,1,1,0,138905.85,1
10009858,Customer_9858,809,Spain,Female,52,6,120653.12,1,1,0,6991.49,0
10009859,Customer_9859,602,France,Female,28,8,171164.26,2,1,1,174992.18,1
10009860,Customer_9860,363,France,Male,55,10,29103.25,2,0,1,171366.94,0
10009861,Customer_9861,589,Spain,Female,66,5,25802.61,2,1,0,154923.05,0
10009862,Customer_9862,787,Germany,Male,52,8,225148.7,1,0,0,164878.17,1
10009863,Customer_9863,591,Germany,Male,46,9,75935.37,1,1,1,120874.25,0
10009864,Customer_9864,818,France,Female,58,1,81730.59,1,1,1,29470.93,0
10009865,Customer_9865,691,Germany,Male,23,4,194215.39,2,0,0,182912.54,0
10009866,Customer_9866,498,France,Female,27,10,103727.26,2,1,1,28214.05,0
10009867,Customer_9867,585,Germany,Male,40,5,208230.94,2,1,1,45048.31,0
10009868,Customer_9868,655,Spain,Male,63,5,100367.18,1,1,1,86528.91,0
10009869,Customer_9869,827,Germany,Male,29,10,190149.94,1,1,0,99598.18,1
10009870,Customer_9870,516,France,Male,72,3,131327.49,3,1,0,19273.5,1
10009871,Customer_9871,369,Spain,Male,30,3,233957.03,2,1,0,152338.35,1
10009872,Customer_9872,565,France,Female,91,4,81847.24,1,1,1,27470.73,0
10009873,Customer_9873,692,France,Male,24,5,90672.65,1,1,0,130955.77,0
10009874,Customer_9874,484,Spain,Male,29,7,242496.63,2,0,1,90402.17,0
10009875,Customer_9875,742,France,Female,78,9,184381.27,1,1,1,162189.25,1
10009876,Customer_9876,478,Spain,Female,42,0,193141.83,2,1,1,59128.57,0
10009877,Customer_9877,759,France,Female,19,7,73994.19,1,1,0,167307.19,0
10009878,Customer_9878,771,Germany,Female,43,1,133011.1,2,1,1,50460.22,0
10009879,Customer_9879,643,Germany,Female,68,10,78385.25,2,0,1,114873.2,0
10009880,Customer_9880,595,France,Male,86,6,64967.22,1,0,1,97228.13,0
10009881,Customer_9881,538,Germany,Female,79,3,133810.3,2,0,0,70522.42,1
10009882,Customer_9882,393,Spain,Male,89,7,246940.16,1,0,1,2366.43,0
10009883,Customer_9883,435,Spain,Male,90,5,53655.66,1,1,1,79576.32,0
10009884,Customer_9884,393,Germany,Male,56,4,60629.96,1,0,1,23681.8,1
10009885,Customer_9885,679,Spain,Male,28,9,60782.25,2,0,1,45040.0,0
10009886,Customer_9886,724,France,Female,81,9,197925.57,1,1,0,137663.45,0
10009887,Customer_9887,795,France,Female,59,4,127620.52,1,0,0,114262.43,0
10009888,Customer_9888,727,France,Male,27,3,96191.91,1,1,1,105421.15,0
10009889,Customer_9889,739,Germany,Female,36,2,210947.46,2,0,0,112808.15,0
10009890,Customer_9890,494,Spain,Female,21,2,74372.66,2,1,0,24020.36,1
10009891,Customer_9891,400,Germany,Male,20,2,98054.47,1,0,1,32937.36,0
10009892,Customer_9892,591,Spain,Female,31,6,18405.14,1,0,0,108565.27,0
10009893,Customer_9893,643,Germany,Male,27,7,29727.53,2,1,0,81372.07,1
10009894,Customer_9894,757,France,Female,23,7,34182.77,1,1,0,92646.31,0
10009895,Customer_9895,400,France,Male,48,1,86743.81,2,1,0,175831.79,0
10009896,Customer_9896,615,Spain,Female,48,2,131021.32,1,0,1,37041.83,0
10009897,Customer_9897,469,France,Female,65,1,186.08,2,1,0,182140.64,1
10009898,Customer_9898,549,Germany,Male,26,5,47483.08,1,1,1,171499.07,0
10009899,Customer_9899,754,France,Male,43,10,43912.51,1,1,0,180358.65,0
10009900,Customer_9900,597,France,Male,19,2,63336.71,2,1,1,128276.24,0
10009901,Customer_9901,419,Germany,Male,21,5,41520.23,2,0,1,172788.56,1
10009902,Customer_9902,690,France,Female,23,3,48782.05,1,1,1,198237.98,0
10009903,Customer_9903,406,Spain,Male,47,9,245970.09,2,1,1,94288.82,0
10009904,Customer_9904,731,France,Male,72,9,148682.56,1,0,1,172363.2,0
10009905,Customer_9905,388,Germany,Female,45,5,190673.29,2,1,1,180739.62,0
10009906,Customer_9906,821,Germany,Male,78,2,204835.84,1,1,1,61960.8,1
10009907,Customer_9907,638,Germany,Female,72,4,166920.15,1,0,1,88547.27,0
10009908,Customer_9908,792,Spain,Male,53,7,176020.07,2,1,0,114739.59,1
10009909,Customer_9909,367,France,Male,91,2,158070.86,1,0,0,69838.42,1
10009910,Customer_9910,789,France,Male,91,8,162343.37,2,1,0,64436.45,1
10009911,Customer_9911,569,France,Female,22,8,232112.41,2,1,1,76150.04,0
10009912,Customer_9912,662,Spain,Male,46,6,46434.62,2,0,0,84787.58,0
10009913,Customer_9913,593,Spain,Male,29,7,68682.51,2,1,0,50462.18,0
10009914,Customer_9914,701,France,Male,39,8,23314.64,1,1,1,94668.19,0
10009915,Customer_9915,809,Germany,Female,76,0,209331.12,2,1,0,155752.08,0
10009916,Customer_9916,653,France,Male,56,6,112188.83,1,1,1,124901.5,0
10009917,Customer_9917,647,France,Female,19,9,226776.14,2,1,1,75959.59,0
10009918,Customer_9918,632,Germany,Male,31,2,102918.93,2,1,1,31248.48,0
10009919,Customer_9919,423,France,Male,27,5,110653.54,2,1,0,164810.5,0
10009920,Customer_9920,459,France,Male,65,8,112089.13,1,1,0,102271.83,1
10009921,Customer_9921,529,Germany,Male,81,9,153123.27,1,1,0,194248.37,1
10009922,Customer_9922,775,Spain,Female,20,10,191531.03,1,1,0,50546.87,0
10009923,Customer_9923,381,France,Male,89,7,87823.07,2,1,0,35111.67,1
10009924,Customer_9924,583,Germany,Female,77,1,157541.36,2,1,1,1612.37,1
10009925,Customer_9925,631,Germany,Male,85,3,50991.86,2,0,1,16534.8,1
10009926,Customer_9926,374,France,Female,38,10,138511.78,4,0,1,77087.13,0
10009927,Customer_9927,680,Germany,Male,36,4,136646.22,3,1,1,39656.92,0
10009928,Customer_9928,628,France,Female,37,9,222178.97,1,1,0,7587.3,0
10009929,Customer_9929,575,France,Male,75,5,223961.31,1,0,1,45082.07,1
10009930,Customer_9930,406,France,Female,59,6,121802.79,1,1,1,145753.89,1
10009931,Customer_9931,529,Spain,Male,27,10,6149.87,2,1,0,147141.79,0
10009932,Customer_9932,581,France,Male,40,3,211155.49,1,0,0,29936.51,1
10009933,Customer_9933,731,France,Male,29,3,155.62,1,1,0,187298.58,1
10009934,Customer_9934,692,France,Female,26,4,119563.41,2,1,1,31816.47,0
10009935,Customer_9935,826,France,Male,46,8,4947.54,2,1,0,17878.26,0
10009936,Customer_9936,636,Germany,Female,37,8,88147.82,3,0,1,32596.7,0
10009937,Customer_9937,413,France,Male,82,0,159191.17,2,0,0,28113.61,1
10009938,Customer_9938,804,Spain,Female,20,4,92800.23,3,0,0,126345.34,0
10009939,Customer_9939,581,Spain,Female,25,4,231722.84,1,1,0,31260.79,0
10009940,Customer_9940,638,Germany,Male,56,6,160190.91,2,1,1,126869.62,0
10009941,Customer_9941,562,France,Male,81,7,161610.97,1,1,0,55327.62,0
10009942,Customer_9942,607,France,Male,48,2,93609.26,2,1,1,49689.24,0
10009943,Customer_9943,367,France,Male,89,0,9635.88,2,1,1,179451.45,1
10009944,Customer_9944,524,Germany,Male,39,1,184544.93,2,1,0,42875.19,0
10009945,Customer_9945,766,France,Female,22,5,179061.18,2,1,0,172918.4,1
10009946,Customer_9946,578,Germany,Female,75,10,132531.26,3,0,1,60713.12,1
10009947,Customer_9947,575,France,Male,90,5,104067.01,1,0,1,198245.76,1
10009948,Customer_9948,433,France,Male,80,10,134579.26,2,1,0,196186.01,0
10009949,Customer_9949,640,France,Male,78,4,186703.85,2,1,1,165524.26,1
10009950,Customer_9950,784,France,Male,69,10,178196.36,2,1,0,173618.77,1
10009951,Customer_9951,719,Spain,Male,50,4,164527.42,2,1,0,164654.12,0
10009952,Customer_9952,595,France,Female,39,8,225944.32,2,1,0,125933.19,1
10009953,Customer_9953,751,Spain,Female,68,10,152472.09,2,1,1,161806.66,0
10009954,Customer_9954,459,Germany,Male,28,6,3627.41,1,1,0,125660.29,0
10009955,Customer_9955,603,Spain,Male,75,5,154515.96,1,1,1,168434.94,0
10009956,Customer_9956,437,France,Male,67,10,153139.81,2,0,0,187111.39,0
10009957,Customer_9957,421,Spain,Female,87,6,17409.04,1,1,0,150666.87,1
10009958,Customer_9958,730,France,Male,34,2,106932.44,1,0,1,192937.8,0
10009959,Customer_9959,379,Germany,Female,63,6,162774.07,3,1,1,89652.07,1
10009960,Customer_9960,521,France,Female,61,2,176125.31,2,0,0,185078.27,1
10009961,Customer_9961,658,France,Male,74,7,223262.41,1,1,1,45254.75,1
10009962,Customer_9962,743,Germany,Female,22,9,210345.25,1,0,1,6283.9,0
10009963,Customer_9963,692,Germany,Male,56,9,29137.95,2,0,1,25628.94,0
10009964,Customer_9964,785,France,Female,75,8,152196.11,3,1,1,32058.69,1
10009965,Customer_9965,526,France,Male,26,2,149120.35,2,1,1,164887.25,0
10009966,Customer_9966,488,Germany,Female,40,6,75936.98,2,1,1,80208.44,0
10009967,Customer_9967,543,France,Female,64,7,46026.43,1,1,1,46644.09,0
10009968,Customer_9968,535,France,Female,53,2,49877.16,2,1,0,162456.2,0
10009969,Customer_9969,567,Spain,Male,48,5,44386.94,2,1,0,40433.6,1
10009970,Customer_9970,513,Spain,Female,40,6,201565.92,1,1,0,15585.15,0
10009971,Customer_9971,510,Spain,Male,73,3,37098.26,1,0,1,93244.04,0
10009972,Customer_9972,780,Spain,Male,88,5,66097.99,1,1,0,13891.69,1
10009973,Customer_9973,362,France,Male,63,6,54447.1,3,1,0,55795.44,1
10009974,Customer_9974,645,Spain,Female,75,6,178214.21,2,0,1,140070.46,0
10009975,Customer_9975,438,France,Female,53,10,39598.97,1,1,0,74913.32,0
10009976,Customer_9976,673,France,Female,85,0,6016.24,1,1,0,17505.41,0
10009977,Customer_9977,391,Spain,Female,77,1,93556.36,1,1,1,80605.17,1
10009978,Customer_9978,752,France,Female,31,10,76273.57,1,0,0,102633.91,0
10009979,Customer_9979,559,Germany,Female,42,10,99426.18,1,1,1,50053.83,0
10009980,Customer_9980,578,France,Female,88,0,188453.93,1,1,0,34187.32,1
10009981,Customer_9981,699,France,Male,61,8,3091.73,2,0,0,152337.52,0
10009982,Customer_9982,624,Germany,Male,63,6,9426.9,3,0,0,13577.66,1
10009983,Customer_9983,791,France,Male,30,10,63911.16,1,1,1,191373.87,0
10009984,Customer_9984,628,France,Female,79,6,222302.12,1,1,1,1530.68,1
10009985,Customer_9985,600,France,Female,36,2,42268.63,2,1,0,130252.25,0
10009986,Customer_9986,659,France,Female,29,4,249259.49,1,1,1,26730.22,0
10009987,Customer_9987,557,France,Female,65,1,201423.14,1,1,0,109424.48,0
10009988,Customer_9988,670,Spain,Male,50,4,114034.14,1,1,1,37470.83,0
10009989,Customer_9989,489,France,Male,54,7,186965.56,1,1,0,6874.97,0
10009990,Customer_9990,629,Spain,Male,23,9,129703.78,1,1,1,171954.8,0
10009991,Customer_9991,383,France,Male,60,2,141498.07,2,1,1,84793.17,0
10009992,Customer_9992,658,France,Male,67,3,145192.94,1,0,1,55052.14,0
10009993,Customer_9993,741,France,Female,63,7,162180.13,1,0,1,189454.86,1
10009994,Customer_9994,367,France,Male,90,1,15191.05,1,1,1,16408.1,0
10009995,Customer_9995,406,France,Female,45,0,154124.53,1,0,1,69709.5,0
10009996,Customer_9996,461,France,Male,84,2,179237.15,2,0,1,35481.77,0
10009997,Customer_9997,354,France,Male,28,1,77680.78,2,1,0,198239.28,0
10009998,Customer_9998,759,France,Female,37,9,244644.71,1,0,1,109208.91,1
10009999,Customer_9999,763,Germany,Female,47,1,36111.27,3,0,1,162446.28,0
